tech_id,chain,category,era,localized_name,description,prerequisite,direct_modifiers,unlocks,implementation_note,unlocks_named
tech_agriculture_11,tech_agriculture,production,11,Controlled-Environment Agriculture,"Farms retreat from the weather behind controlled atmospheres, sensor-guided fertigation, and sealed growing halls. Agriculture becomes an industrial environment whose temperature, water, light, and nutrients can be scheduled with the same precision as a factory line.",tech_agriculture_10,,PM:pm_modern_grain_goods_agriculture_11 | PM:pm_modern_fabric_goods_agriculture_11 | PM:pm_modern_fish_goods_agriculture_11 | PM:pm_modern_meat_goods_agriculture_11 | PM:pm_modern_fruit_goods_agriculture_11 | PM:pm_modern_tea_goods_agriculture_11 | PM:pm_modern_coffee_goods_agriculture_11 | PM:pm_modern_tobacco_goods_agriculture_11 | PM:pm_modern_wine_goods_agriculture_11 | PM:pm_modern_opium_goods_agriculture_11 | PM:pm_modern_rubber_goods_agriculture_11,New Era 11–20 technology; preserve current chain texture/category/AI-weight conventions. Generator re-reads source and preserves any upstream non-self prerequisites.,PM `pm_modern_grain_goods_agriculture_11` — Controlled-Environment Grain Production<br>PM `pm_modern_fabric_goods_agriculture_11` — Controlled-Environment Fiber Production<br>PM `pm_modern_fish_goods_agriculture_11` — Controlled-Environment Fish Production<br>PM `pm_modern_meat_goods_agriculture_11` — Controlled-Environment Meat Production<br>PM `pm_modern_fruit_goods_agriculture_11` — Controlled-Environment Fruit Production<br>PM `pm_modern_tea_goods_agriculture_11` — Controlled-Environment Tea Production<br>PM `pm_modern_coffee_goods_agriculture_11` — Controlled-Environment Coffee Production<br>PM `pm_modern_tobacco_goods_agriculture_11` — Controlled-Environment Tobacco Production<br>PM `pm_modern_wine_goods_agriculture_11` — Controlled-Environment Wine Production<br>PM `pm_modern_opium_goods_agriculture_11` — Controlled-Environment Opium Production<br>PM `pm_modern_rubber_goods_agriculture_11` — Controlled-Environment Natural Rubber Production
tech_agriculture_12,tech_agriculture,production,12,Synthetic Soil Ecologies,Engineered substrates and managed soil microbiomes replace exhausted topsoil as the foundation of high-yield farming. Crops are fed by designed mineral cycles whose chemistry can be rebuilt instead of waiting for landscapes to recover.,tech_agriculture_11,,PM:pm_modern_grain_goods_agriculture_12 | PM:pm_modern_fabric_goods_agriculture_12 | PM:pm_modern_fish_goods_agriculture_12 | PM:pm_modern_meat_goods_agriculture_12 | PM:pm_modern_fruit_goods_agriculture_12 | PM:pm_modern_tea_goods_agriculture_12 | PM:pm_modern_coffee_goods_agriculture_12 | PM:pm_modern_tobacco_goods_agriculture_12 | PM:pm_modern_wine_goods_agriculture_12 | PM:pm_modern_opium_goods_agriculture_12 | PM:pm_modern_rubber_goods_agriculture_12,New Era 11–20 technology; preserve current chain texture/category/AI-weight conventions. Generator re-reads source and preserves any upstream non-self prerequisites.,PM `pm_modern_grain_goods_agriculture_12` — Synthetic-Soil Grain Cultivation<br>PM `pm_modern_fabric_goods_agriculture_12` — Synthetic-Soil Fiber Cultivation<br>PM `pm_modern_fish_goods_agriculture_12` — Synthetic-Soil Fish Cultivation<br>PM `pm_modern_meat_goods_agriculture_12` — Synthetic-Soil Meat Cultivation<br>PM `pm_modern_fruit_goods_agriculture_12` — Synthetic-Soil Fruit Cultivation<br>PM `pm_modern_tea_goods_agriculture_12` — Synthetic-Soil Tea Cultivation<br>PM `pm_modern_coffee_goods_agriculture_12` — Synthetic-Soil Coffee Cultivation<br>PM `pm_modern_tobacco_goods_agriculture_12` — Synthetic-Soil Tobacco Cultivation<br>PM `pm_modern_wine_goods_agriculture_12` — Synthetic-Soil Wine Cultivation<br>PM `pm_modern_opium_goods_agriculture_12` — Synthetic-Soil Opium Cultivation<br>PM `pm_modern_rubber_goods_agriculture_12` — Synthetic-Soil Natural Rubber Cultivation
tech_agriculture_13,tech_agriculture,production,13,Autonomous Biofarming,"Autonomous field machines, robotic husbandry, and machine vision take over the continuous work of cultivation. Human labor shifts from tending individual plants to supervising agricultural systems that can sow, diagnose, harvest, and replant themselves.",tech_agriculture_12,,PM:pm_modern_grain_goods_agriculture_13 | PM:pm_modern_fabric_goods_agriculture_13 | PM:pm_modern_fish_goods_agriculture_13 | PM:pm_modern_meat_goods_agriculture_13 | PM:pm_modern_fruit_goods_agriculture_13 | PM:pm_modern_tea_goods_agriculture_13 | PM:pm_modern_coffee_goods_agriculture_13 | PM:pm_modern_tobacco_goods_agriculture_13 | PM:pm_modern_wine_goods_agriculture_13 | PM:pm_modern_opium_goods_agriculture_13 | PM:pm_modern_rubber_goods_agriculture_13,New Era 11–20 technology; preserve current chain texture/category/AI-weight conventions. Generator re-reads source and preserves any upstream non-self prerequisites.,PM `pm_modern_grain_goods_agriculture_13` — Autonomous Grain Production<br>PM `pm_modern_fabric_goods_agriculture_13` — Autonomous Fiber Production<br>PM `pm_modern_fish_goods_agriculture_13` — Autonomous Fish Production<br>PM `pm_modern_meat_goods_agriculture_13` — Autonomous Meat Production<br>PM `pm_modern_fruit_goods_agriculture_13` — Autonomous Fruit Production<br>PM `pm_modern_tea_goods_agriculture_13` — Autonomous Tea Production<br>PM `pm_modern_coffee_goods_agriculture_13` — Autonomous Coffee Production<br>PM `pm_modern_tobacco_goods_agriculture_13` — Autonomous Tobacco Production<br>PM `pm_modern_wine_goods_agriculture_13` — Autonomous Wine Production<br>PM `pm_modern_opium_goods_agriculture_13` — Autonomous Opium Production<br>PM `pm_modern_rubber_goods_agriculture_13` — Autonomous Natural Rubber Production
tech_agriculture_14,tech_agriculture,production,14,Precision Microbiome Cultivation,"Root-zone bacteria and fungi are deliberately selected, edited, and introduced to control nutrient uptake, disease resistance, and flavor. The living ecosystem beneath a crop becomes another programmable layer of production.",tech_agriculture_13,,PM:pm_modern_grain_goods_agriculture_14 | PM:pm_modern_fabric_goods_agriculture_14 | PM:pm_modern_fish_goods_agriculture_14 | PM:pm_modern_meat_goods_agriculture_14 | PM:pm_modern_fruit_goods_agriculture_14 | PM:pm_modern_tea_goods_agriculture_14 | PM:pm_modern_coffee_goods_agriculture_14 | PM:pm_modern_tobacco_goods_agriculture_14 | PM:pm_modern_wine_goods_agriculture_14 | PM:pm_modern_opium_goods_agriculture_14 | PM:pm_modern_rubber_goods_agriculture_14,New Era 11–20 technology; preserve current chain texture/category/AI-weight conventions. Generator re-reads source and preserves any upstream non-self prerequisites.,PM `pm_modern_grain_goods_agriculture_14` — Microbiome-Optimized Grain Cultivation<br>PM `pm_modern_fabric_goods_agriculture_14` — Microbiome-Optimized Fiber Cultivation<br>PM `pm_modern_fish_goods_agriculture_14` — Microbiome-Optimized Fish Cultivation<br>PM `pm_modern_meat_goods_agriculture_14` — Microbiome-Optimized Meat Cultivation<br>PM `pm_modern_fruit_goods_agriculture_14` — Microbiome-Optimized Fruit Cultivation<br>PM `pm_modern_tea_goods_agriculture_14` — Microbiome-Optimized Tea Cultivation<br>PM `pm_modern_coffee_goods_agriculture_14` — Microbiome-Optimized Coffee Cultivation<br>PM `pm_modern_tobacco_goods_agriculture_14` — Microbiome-Optimized Tobacco Cultivation<br>PM `pm_modern_wine_goods_agriculture_14` — Microbiome-Optimized Wine Cultivation<br>PM `pm_modern_opium_goods_agriculture_14` — Microbiome-Optimized Opium Cultivation<br>PM `pm_modern_rubber_goods_agriculture_14` — Microbiome-Optimized Natural Rubber Cultivation
tech_agriculture_15,tech_agriculture,production,15,Closed-Loop Agroindustry,"Water, nutrients, carbon, and organic waste circulate through enormous closed-loop agricultural complexes. Food production ceases to be merely rural land use and becomes a tightly integrated bioindustrial metabolism.",tech_agriculture_14,,PM:pm_modern_grain_goods_agriculture_15 | PM:pm_modern_fabric_goods_agriculture_15 | PM:pm_modern_fish_goods_agriculture_15 | PM:pm_modern_meat_goods_agriculture_15 | PM:pm_modern_fruit_goods_agriculture_15 | PM:pm_modern_tea_goods_agriculture_15 | PM:pm_modern_coffee_goods_agriculture_15 | PM:pm_modern_tobacco_goods_agriculture_15 | PM:pm_modern_wine_goods_agriculture_15 | PM:pm_modern_opium_goods_agriculture_15 | PM:pm_modern_rubber_goods_agriculture_15,New Era 11–20 technology; preserve current chain texture/category/AI-weight conventions. Generator re-reads source and preserves any upstream non-self prerequisites.,PM `pm_modern_grain_goods_agriculture_15` — Closed-Loop Grain Agroindustry<br>PM `pm_modern_fabric_goods_agriculture_15` — Closed-Loop Fiber Agroindustry<br>PM `pm_modern_fish_goods_agriculture_15` — Closed-Loop Fish Agroindustry<br>PM `pm_modern_meat_goods_agriculture_15` — Closed-Loop Meat Agroindustry<br>PM `pm_modern_fruit_goods_agriculture_15` — Closed-Loop Fruit Agroindustry<br>PM `pm_modern_tea_goods_agriculture_15` — Closed-Loop Tea Agroindustry<br>PM `pm_modern_coffee_goods_agriculture_15` — Closed-Loop Coffee Agroindustry<br>PM `pm_modern_tobacco_goods_agriculture_15` — Closed-Loop Tobacco Agroindustry<br>PM `pm_modern_wine_goods_agriculture_15` — Closed-Loop Wine Agroindustry<br>PM `pm_modern_opium_goods_agriculture_15` — Closed-Loop Opium Agroindustry<br>PM `pm_modern_rubber_goods_agriculture_15` — Closed-Loop Natural Rubber Agroindustry
tech_agriculture_16,tech_agriculture,production,16,Climate-Independent Agriculture,"Sealed agricultural environments decouple harvests from drought, storms, latitude, and seasonal failure. Regions once marginal for farming can maintain industrial-scale yields regardless of the climate outside.",tech_agriculture_15,,PM:pm_modern_grain_goods_agriculture_16 | PM:pm_modern_fabric_goods_agriculture_16 | PM:pm_modern_fish_goods_agriculture_16 | PM:pm_modern_meat_goods_agriculture_16 | PM:pm_modern_fruit_goods_agriculture_16 | PM:pm_modern_tea_goods_agriculture_16 | PM:pm_modern_coffee_goods_agriculture_16 | PM:pm_modern_tobacco_goods_agriculture_16 | PM:pm_modern_wine_goods_agriculture_16 | PM:pm_modern_opium_goods_agriculture_16 | PM:pm_modern_rubber_goods_agriculture_16,New Era 11–20 technology; preserve current chain texture/category/AI-weight conventions. Generator re-reads source and preserves any upstream non-self prerequisites.,PM `pm_modern_grain_goods_agriculture_16` — Climate-Sealed Grain Production<br>PM `pm_modern_fabric_goods_agriculture_16` — Climate-Sealed Fiber Production<br>PM `pm_modern_fish_goods_agriculture_16` — Climate-Sealed Fish Production<br>PM `pm_modern_meat_goods_agriculture_16` — Climate-Sealed Meat Production<br>PM `pm_modern_fruit_goods_agriculture_16` — Climate-Sealed Fruit Production<br>PM `pm_modern_tea_goods_agriculture_16` — Climate-Sealed Tea Production<br>PM `pm_modern_coffee_goods_agriculture_16` — Climate-Sealed Coffee Production<br>PM `pm_modern_tobacco_goods_agriculture_16` — Climate-Sealed Tobacco Production<br>PM `pm_modern_wine_goods_agriculture_16` — Climate-Sealed Wine Production<br>PM `pm_modern_opium_goods_agriculture_16` — Climate-Sealed Opium Production<br>PM `pm_modern_rubber_goods_agriculture_16` — Climate-Sealed Natural Rubber Production
tech_agriculture_17,tech_agriculture,production,17,Cellular Crop Engineering,"Cellular engineering redesigns crop metabolism rather than merely selecting desirable traits. Plants grow faster, waste less energy, and synthesize useful fibers, oils, stimulants, and medicines as deliberately engineered products.",tech_agriculture_16,,PM:pm_modern_grain_goods_agriculture_17 | PM:pm_modern_fabric_goods_agriculture_17 | PM:pm_modern_fish_goods_agriculture_17 | PM:pm_modern_meat_goods_agriculture_17 | PM:pm_modern_fruit_goods_agriculture_17 | PM:pm_modern_tea_goods_agriculture_17 | PM:pm_modern_coffee_goods_agriculture_17 | PM:pm_modern_tobacco_goods_agriculture_17 | PM:pm_modern_wine_goods_agriculture_17 | PM:pm_modern_opium_goods_agriculture_17 | PM:pm_modern_rubber_goods_agriculture_17,New Era 11–20 technology; preserve current chain texture/category/AI-weight conventions. Generator re-reads source and preserves any upstream non-self prerequisites.,PM `pm_modern_grain_goods_agriculture_17` — Cellularly Engineered Grain Cultivation<br>PM `pm_modern_fabric_goods_agriculture_17` — Cellularly Engineered Fiber Cultivation<br>PM `pm_modern_fish_goods_agriculture_17` — Cellularly Engineered Fish Cultivation<br>PM `pm_modern_meat_goods_agriculture_17` — Cellularly Engineered Meat Cultivation<br>PM `pm_modern_fruit_goods_agriculture_17` — Cellularly Engineered Fruit Cultivation<br>PM `pm_modern_tea_goods_agriculture_17` — Cellularly Engineered Tea Cultivation<br>PM `pm_modern_coffee_goods_agriculture_17` — Cellularly Engineered Coffee Cultivation<br>PM `pm_modern_tobacco_goods_agriculture_17` — Cellularly Engineered Tobacco Cultivation<br>PM `pm_modern_wine_goods_agriculture_17` — Cellularly Engineered Wine Cultivation<br>PM `pm_modern_opium_goods_agriculture_17` — Cellularly Engineered Opium Cultivation<br>PM `pm_modern_rubber_goods_agriculture_17` — Cellularly Engineered Natural Rubber Cultivation
tech_agriculture_18,tech_agriculture,production,18,Self-Optimising Farm Ecologies,"Continuous biological sensing allows farms to alter lighting, nutrients, planting density, and harvesting in response to each crop's condition. Entire agricultural ecologies learn to tune themselves over successive growing cycles.",tech_agriculture_17,,PM:pm_modern_grain_goods_agriculture_18 | PM:pm_modern_fabric_goods_agriculture_18 | PM:pm_modern_fish_goods_agriculture_18 | PM:pm_modern_meat_goods_agriculture_18 | PM:pm_modern_fruit_goods_agriculture_18 | PM:pm_modern_tea_goods_agriculture_18 | PM:pm_modern_coffee_goods_agriculture_18 | PM:pm_modern_tobacco_goods_agriculture_18 | PM:pm_modern_wine_goods_agriculture_18 | PM:pm_modern_opium_goods_agriculture_18 | PM:pm_modern_rubber_goods_agriculture_18,New Era 11–20 technology; preserve current chain texture/category/AI-weight conventions. Generator re-reads source and preserves any upstream non-self prerequisites.,PM `pm_modern_grain_goods_agriculture_18` — Self-Optimising Grain Ecologies<br>PM `pm_modern_fabric_goods_agriculture_18` — Self-Optimising Fiber Ecologies<br>PM `pm_modern_fish_goods_agriculture_18` — Self-Optimising Fish Ecologies<br>PM `pm_modern_meat_goods_agriculture_18` — Self-Optimising Meat Ecologies<br>PM `pm_modern_fruit_goods_agriculture_18` — Self-Optimising Fruit Ecologies<br>PM `pm_modern_tea_goods_agriculture_18` — Self-Optimising Tea Ecologies<br>PM `pm_modern_coffee_goods_agriculture_18` — Self-Optimising Coffee Ecologies<br>PM `pm_modern_tobacco_goods_agriculture_18` — Self-Optimising Tobacco Ecologies<br>PM `pm_modern_wine_goods_agriculture_18` — Self-Optimising Wine Ecologies<br>PM `pm_modern_opium_goods_agriculture_18` — Self-Optimising Opium Ecologies<br>PM `pm_modern_rubber_goods_agriculture_18` — Self-Optimising Natural Rubber Ecologies
tech_agriculture_19,tech_agriculture,production,19,Programmable Biosphere Agriculture,"Programmable organisms blur the line between crop and machine: growth patterns, maturation, storage chemistry, and environmental response are specified before planting. Agriculture becomes the deliberate programming of living landscapes.",tech_agriculture_18,,PM:pm_modern_grain_goods_agriculture_19 | PM:pm_modern_fabric_goods_agriculture_19 | PM:pm_modern_fish_goods_agriculture_19 | PM:pm_modern_meat_goods_agriculture_19 | PM:pm_modern_fruit_goods_agriculture_19 | PM:pm_modern_tea_goods_agriculture_19 | PM:pm_modern_coffee_goods_agriculture_19 | PM:pm_modern_tobacco_goods_agriculture_19 | PM:pm_modern_wine_goods_agriculture_19 | PM:pm_modern_opium_goods_agriculture_19 | PM:pm_modern_rubber_goods_agriculture_19,New Era 11–20 technology; preserve current chain texture/category/AI-weight conventions. Generator re-reads source and preserves any upstream non-self prerequisites.,PM `pm_modern_grain_goods_agriculture_19` — Programmable Grain Biosystems<br>PM `pm_modern_fabric_goods_agriculture_19` — Programmable Fiber Biosystems<br>PM `pm_modern_fish_goods_agriculture_19` — Programmable Fish Biosystems<br>PM `pm_modern_meat_goods_agriculture_19` — Programmable Meat Biosystems<br>PM `pm_modern_fruit_goods_agriculture_19` — Programmable Fruit Biosystems<br>PM `pm_modern_tea_goods_agriculture_19` — Programmable Tea Biosystems<br>PM `pm_modern_coffee_goods_agriculture_19` — Programmable Coffee Biosystems<br>PM `pm_modern_tobacco_goods_agriculture_19` — Programmable Tobacco Biosystems<br>PM `pm_modern_wine_goods_agriculture_19` — Programmable Wine Biosystems<br>PM `pm_modern_opium_goods_agriculture_19` — Programmable Opium Biosystems<br>PM `pm_modern_rubber_goods_agriculture_19` — Programmable Natural Rubber Biosystems
tech_agriculture_20,tech_agriculture,production,20,Planetary Food Fabrication,"At planetary scale, food and biological feedstocks are fabricated through a mixture of engineered crops, cultured tissue, synthetic photosynthesis, and automated biosystems. Famine becomes less a limit of nature than a failure to deploy sufficient productive infrastructure.",tech_agriculture_19,,PM:pm_modern_grain_goods_agriculture_20 | PM:pm_modern_fabric_goods_agriculture_20 | PM:pm_modern_fish_goods_agriculture_20 | PM:pm_modern_meat_goods_agriculture_20 | PM:pm_modern_fruit_goods_agriculture_20 | PM:pm_modern_tea_goods_agriculture_20 | PM:pm_modern_coffee_goods_agriculture_20 | PM:pm_modern_tobacco_goods_agriculture_20 | PM:pm_modern_wine_goods_agriculture_20 | PM:pm_modern_opium_goods_agriculture_20 | PM:pm_modern_rubber_goods_agriculture_20,New Era 11–20 technology; preserve current chain texture/category/AI-weight conventions. Generator re-reads source and preserves any upstream non-self prerequisites.,PM `pm_modern_grain_goods_agriculture_20` — Synthetic Grain Fabrication<br>PM `pm_modern_fabric_goods_agriculture_20` — Synthetic Fiber Fabrication<br>PM `pm_modern_fish_goods_agriculture_20` — Synthetic Fish Fabrication<br>PM `pm_modern_meat_goods_agriculture_20` — Synthetic Meat Fabrication<br>PM `pm_modern_fruit_goods_agriculture_20` — Synthetic Fruit Fabrication<br>PM `pm_modern_tea_goods_agriculture_20` — Synthetic Tea Fabrication<br>PM `pm_modern_coffee_goods_agriculture_20` — Synthetic Coffee Fabrication<br>PM `pm_modern_tobacco_goods_agriculture_20` — Synthetic Tobacco Fabrication<br>PM `pm_modern_wine_goods_agriculture_20` — Synthetic Wine Fabrication<br>PM `pm_modern_opium_goods_agriculture_20` — Synthetic Opium Fabrication<br>PM `pm_modern_rubber_goods_agriculture_20` — Synthetic Natural Rubber Fabrication
tech_air_infrastructure_11,tech_air_infrastructure,production,11,Adaptive Airspace Management,"Airspace becomes a continuously managed network rather than a collection of fixed corridors. Autonomous routing systems negotiate separation, weather, wake turbulence, and airport capacity in real time, allowing vastly denser skies without sacrificing safety.",tech_air_infrastructure_10,state_trade_capacity_mult=0.05; state_infrastructure_from_aeroplanes_consumption_add=0.20,,New Era 11–20 technology; preserve current chain texture/category/AI-weight conventions. Generator re-reads source and preserves any upstream non-self prerequisites.,—
tech_air_infrastructure_12,tech_air_infrastructure,production,12,Morphing-Wing Airliners,"Active structures alter wing shape throughout a flight, eliminating many of the compromises between takeoff, cruise, and landing. Civil aircraft become quieter, more efficient, and capable of operating economically across a much wider range of routes.",tech_air_infrastructure_11,state_trade_capacity_mult=0.05; state_infrastructure_from_aeroplanes_consumption_add=0.20,PM:pm_modern_aeroplanes_goods_manufacturing_1 | PM:pm_modern_air_design_infrastructure_1,New Era 11–20 technology; preserve current chain texture/category/AI-weight conventions. Generator re-reads source and preserves any upstream non-self prerequisites.,PM `pm_modern_aeroplanes_goods_manufacturing_1` — Morphing-Wing Airframes<br>PM `pm_modern_air_design_infrastructure_1` — Morphing-Wing Airliners
tech_air_infrastructure_13,tech_air_infrastructure,production,13,Stratospheric Transit Networks,"High-altitude aircraft and stratospheric transfer hubs create a new layer of transport above conventional aviation. Long-distance travel increasingly occurs where drag is thin, weather is distant, and continents are separated by hours rather than days.",tech_air_infrastructure_12,state_trade_capacity_mult=0.05; state_infrastructure_from_aeroplanes_consumption_add=0.20,,New Era 11–20 technology; preserve current chain texture/category/AI-weight conventions. Generator re-reads source and preserves any upstream non-self prerequisites.,—
tech_air_infrastructure_14,tech_air_infrastructure,production,14,Autonomous Global Airlift,"Cargo fleets coordinate themselves from warehouse to runway to destination, dispatching aircraft around demand before shortages appear. Strategic airlift becomes a persistent logistics service rather than an emergency assembled after a crisis begins.",tech_air_infrastructure_13,state_trade_capacity_mult=0.05; state_infrastructure_from_aeroplanes_consumption_add=0.20,MOB:mobilization_option_modern_autonomous_strategic_airlift,New Era 11–20 technology; preserve current chain texture/category/AI-weight conventions. Generator re-reads source and preserves any upstream non-self prerequisites.,Mobilization `mobilization_option_modern_autonomous_strategic_airlift` — Autonomous Strategic Airlift
tech_air_infrastructure_15,tech_air_infrastructure,production,15,Hypersonic Civil Aviation,Commercial vehicles sustain hypersonic flight without destroying their own structures or making every journey economically absurd. Intercontinental passenger and freight movement enters an age where the curvature of the Earth becomes part of routine route planning.,tech_air_infrastructure_14,state_trade_capacity_mult=0.05; state_infrastructure_from_aeroplanes_consumption_add=0.20,PM:pm_modern_aeroplanes_goods_manufacturing_2 | PM:pm_modern_air_design_infrastructure_2,New Era 11–20 technology; preserve current chain texture/category/AI-weight conventions. Generator re-reads source and preserves any upstream non-self prerequisites.,PM `pm_modern_aeroplanes_goods_manufacturing_2` — Hypersonic Civil Airframes<br>PM `pm_modern_air_design_infrastructure_2` — Hypersonic Airliners
tech_air_infrastructure_16,tech_air_infrastructure,production,16,Atmospheric Traffic Orchestration,"Machine traffic controllers coordinate millions of piloted, autonomous, cargo, passenger, and service aircraft as one atmospheric system. Airports cease to be isolated bottlenecks and become nodes in a planetary flow of vehicles and capacity.",tech_air_infrastructure_15,state_trade_capacity_mult=0.05; state_infrastructure_from_aeroplanes_consumption_add=0.20,,New Era 11–20 technology; preserve current chain texture/category/AI-weight conventions. Generator re-reads source and preserves any upstream non-self prerequisites.,—
tech_air_infrastructure_17,tech_air_infrastructure,production,17,Orbital-Linked Aviation,"Aviation networks synchronize with orbital navigation, communications, and logistics infrastructure. Aircraft can hand cargo and passengers into near-space transport chains whose scheduling spans runway, stratosphere, and orbit as a single timetable.",tech_air_infrastructure_16,state_trade_capacity_mult=0.05; state_infrastructure_from_aeroplanes_consumption_add=0.20,,New Era 11–20 technology; preserve current chain texture/category/AI-weight conventions. Generator re-reads source and preserves any upstream non-self prerequisites.,—
tech_air_infrastructure_18,tech_air_infrastructure,production,18,Suborbital Passenger Flight,Reusable suborbital craft turn brief excursions beyond the atmosphere into practical high-value transport. The fastest routes between distant cities rise above almost all of the air rather than trying to force their way through it.,tech_air_infrastructure_17,state_trade_capacity_mult=0.05; state_infrastructure_from_aeroplanes_consumption_add=0.20,PM:pm_modern_aeroplanes_goods_manufacturing_3 | PM:pm_modern_air_design_infrastructure_3,New Era 11–20 technology; preserve current chain texture/category/AI-weight conventions. Generator re-reads source and preserves any upstream non-self prerequisites.,PM `pm_modern_aeroplanes_goods_manufacturing_3` — Suborbital Transport Airframes<br>PM `pm_modern_air_design_infrastructure_3` — Suborbital Passenger Craft
tech_air_infrastructure_19,tech_air_infrastructure,production,19,Near-Space Logistics,"Near-space freighters occupy the boundary between aircraft and spacecraft, loitering at extreme altitude before descending where demand requires them. Logistics networks gain a new reserve of mobile capacity that is global rather than regional.",tech_air_infrastructure_18,state_trade_capacity_mult=0.05; state_infrastructure_from_aeroplanes_consumption_add=0.20,MOB:mobilization_option_modern_near_space_airlift,New Era 11–20 technology; preserve current chain texture/category/AI-weight conventions. Generator re-reads source and preserves any upstream non-self prerequisites.,Mobilization `mobilization_option_modern_near_space_airlift` — Near-Space Airlift
tech_air_infrastructure_20,tech_air_infrastructure,production,20,Fusion-Electric Aerospace Transport,Compact fusion-electric power and mature aerospace materials support aircraft with extraordinary endurance and energy availability. Civil aerospace finally escapes the century-old dependence on burning immense masses of chemical fuel simply to remain aloft.,tech_air_infrastructure_19,state_trade_capacity_mult=0.05; state_infrastructure_from_aeroplanes_consumption_add=0.20,PM:pm_modern_aeroplanes_goods_manufacturing_4 | PM:pm_modern_air_design_infrastructure_4,New Era 11–20 technology; preserve current chain texture/category/AI-weight conventions. Generator re-reads source and preserves any upstream non-self prerequisites.,PM `pm_modern_aeroplanes_goods_manufacturing_4` — Fusion-Electric Aerospace Craft<br>PM `pm_modern_air_design_infrastructure_4` — Fusion-Electric Aerospace Liners
tech_chemicals_11,tech_chemicals,production,11,Molecular Consumer Materials,"Consumer materials are designed molecule by molecule for strength, texture, recyclability, and controlled degradation. Furniture, food processing, textiles, and packaging increasingly begin in chemical design suites before they ever reach a production line.",tech_chemicals_10,,PM:pm_modern_furniture_goods_manufacturing_2 | PM:pm_modern_groceries_goods_manufacturing_2 | PM:pm_modern_liquor_goods_manufacturing_1,New Era 11–20 technology; preserve current chain texture/category/AI-weight conventions. Generator re-reads source and preserves any upstream non-self prerequisites.,PM `pm_modern_furniture_goods_manufacturing_2` — Smart Composite Furniture<br>PM `pm_modern_groceries_goods_manufacturing_2` — Precision-Processed Foods<br>PM `pm_modern_liquor_goods_manufacturing_1` — Precision Fermentation
tech_chemicals_12,tech_chemicals,production,12,Metamaterial Fabrication,"Metamaterials obtain useful properties from engineered internal structure rather than chemical composition alone. Factories manufacture steels, ceramics, and composites whose response to stress, heat, radiation, and electromagnetic fields would once have appeared contradictory.",tech_chemicals_11,,PM:pm_modern_clothes_goods_manufacturing_2 | PM:pm_modern_steel_goods_manufacturing_3 | PM:pm_modern_pharmaceuticals_goods_manufacturing_2,New Era 11–20 technology; preserve current chain texture/category/AI-weight conventions. Generator re-reads source and preserves any upstream non-self prerequisites.,PM `pm_modern_clothes_goods_manufacturing_2` — Metamaterial Textiles<br>PM `pm_modern_steel_goods_manufacturing_3` — Metamaterial Steel<br>PM `pm_modern_pharmaceuticals_goods_manufacturing_2` — Regenerative Pharmaceuticals
tech_chemicals_13,tech_chemicals,production,13,Programmable Polymers,"Polymers can alter stiffness, permeability, conductivity, or shape in response to their environment. Plastics cease to be cheap inert substitutes and become active engineered materials used throughout infrastructure, electronics, medicine, and industry.",tech_chemicals_12,,PM:pm_modern_industrial_chemicals_goods_manufacturing_4 | PM:pm_modern_plastics_goods_manufacturing_2 | PM:pm_modern_rubber_goods_manufacturing_1,New Era 11–20 technology; preserve current chain texture/category/AI-weight conventions. Generator re-reads source and preserves any upstream non-self prerequisites.,PM `pm_modern_industrial_chemicals_goods_manufacturing_4` — Programmable Industrial Chemicals<br>PM `pm_modern_plastics_goods_manufacturing_2` — Programmable Polymers<br>PM `pm_modern_rubber_goods_manufacturing_1` — Advanced Synthetic Elastomers
tech_chemicals_14,tech_chemicals,production,14,Molecular Electronics Chemistry,"Chemical fabrication and electronics merge as circuits are deposited, grown, and assembled at molecular scales. Computing hardware increasingly depends on the chemistry of interfaces and self-organization rather than simply carving smaller features into silicon.",tech_chemicals_13,,PM:pm_modern_computers_goods_manufacturing_4 | PM:pm_modern_circuit_boards_goods_manufacturing_4,New Era 11–20 technology; preserve current chain texture/category/AI-weight conventions. Generator re-reads source and preserves any upstream non-self prerequisites.,PM `pm_modern_computers_goods_manufacturing_4` — Molecular Computers<br>PM `pm_modern_circuit_boards_goods_manufacturing_4` — Molecular Circuit Substrates
tech_chemicals_15,tech_chemicals,production,15,Regenerative Medicine,"Advanced pharmaceuticals do more than suppress symptoms: engineered cells, molecular machines, and regenerative compounds restore damaged tissue and rewrite pathological processes. Medicine becomes an industry of repair rather than a contest against inevitable decline.",tech_chemicals_14,state_mortality_mult=-0.05; state_pollution_reduction_health_mult=-0.10; state_standard_of_living_add=1,,New Era 11–20 technology; preserve current chain texture/category/AI-weight conventions. Generator re-reads source and preserves any upstream non-self prerequisites.,—
tech_chemicals_16,tech_chemicals,production,16,Atomic-Scale Manufacturing Chemistry,"Manufacturing learns to place atoms and molecules with industrial reliability. Material purity, crystal structure, catalytic surfaces, and composite boundaries can be created deliberately instead of emerging imperfectly from bulk processing.",tech_chemicals_15,,PM:pm_modern_furniture_goods_manufacturing_3 | PM:pm_modern_groceries_goods_manufacturing_3 | PM:pm_modern_liquor_goods_manufacturing_2,New Era 11–20 technology; preserve current chain texture/category/AI-weight conventions. Generator re-reads source and preserves any upstream non-self prerequisites.,PM `pm_modern_furniture_goods_manufacturing_3` — Adaptive Material Furnishings<br>PM `pm_modern_groceries_goods_manufacturing_3` — Cellular Food Processing<br>PM `pm_modern_liquor_goods_manufacturing_2` — Synthetic Fermentation
tech_chemicals_17,tech_chemicals,production,17,Self-Healing Structural Materials,"Structures contain chemistries that close cracks, restore coatings, neutralize corrosion, and replace damaged bonds after stress. The useful life of buildings, vehicles, machines, and consumer goods becomes a property designed into the material itself.",tech_chemicals_16,,PM:pm_modern_clothes_goods_manufacturing_3 | PM:pm_modern_steel_goods_manufacturing_4 | PM:pm_modern_pharmaceuticals_goods_manufacturing_3,New Era 11–20 technology; preserve current chain texture/category/AI-weight conventions. Generator re-reads source and preserves any upstream non-self prerequisites.,PM `pm_modern_clothes_goods_manufacturing_3` — Self-Repairing Garments<br>PM `pm_modern_steel_goods_manufacturing_4` — Self-Healing Structural Alloys<br>PM `pm_modern_pharmaceuticals_goods_manufacturing_3` — Cellular Therapeutics
tech_chemicals_18,tech_chemicals,production,18,Synthetic Molecular Ecologies,Engineered chemical and biological processes are arranged into synthetic ecologies in which the waste of one reaction becomes the feedstock of another. Large industrial complexes begin to imitate the closed material cycles of living systems.,tech_chemicals_17,,PM:pm_modern_industrial_chemicals_goods_manufacturing_5 | PM:pm_modern_plastics_goods_manufacturing_3 | PM:pm_modern_rubber_goods_manufacturing_2,New Era 11–20 technology; preserve current chain texture/category/AI-weight conventions. Generator re-reads source and preserves any upstream non-self prerequisites.,PM `pm_modern_industrial_chemicals_goods_manufacturing_5` — Synthetic Molecular Reagents<br>PM `pm_modern_plastics_goods_manufacturing_3` — Self-Healing Polymers<br>PM `pm_modern_rubber_goods_manufacturing_2` — Self-Healing Elastomers
tech_chemicals_19,tech_chemicals,production,19,Quantum Molecular Engineering,"Quantum effects become practical variables in molecular design, enabling catalysts and materials optimized through direct control of electronic states. Chemical engineering advances from manipulating substances to manipulating the rules by which substances interact.",tech_chemicals_18,,PM:pm_modern_computers_goods_manufacturing_5 | PM:pm_modern_circuit_boards_goods_manufacturing_5,New Era 11–20 technology; preserve current chain texture/category/AI-weight conventions. Generator re-reads source and preserves any upstream non-self prerequisites.,PM `pm_modern_computers_goods_manufacturing_5` — Quantum-Molecular Computers<br>PM `pm_modern_circuit_boards_goods_manufacturing_5` — Quantum Circuit Substrates
tech_chemicals_20,tech_chemicals,production,20,Universal Materials Synthesis,"General-purpose synthesis platforms can construct an enormous range of materials from common molecular feedstocks. Specialized supply chains do not disappear, but an increasing share of industrial scarcity becomes a question of energy, information, and fabrication capacity.",tech_chemicals_19,,PM:pm_modern_furniture_goods_manufacturing_4 | PM:pm_modern_groceries_goods_manufacturing_4 | PM:pm_modern_clothes_goods_manufacturing_4 | PM:pm_modern_steel_goods_manufacturing_5 | PM:pm_modern_industrial_chemicals_goods_manufacturing_6 | PM:pm_modern_plastics_goods_manufacturing_4 | PM:pm_modern_computers_goods_manufacturing_6 | PM:pm_modern_circuit_boards_goods_manufacturing_6 | PM:pm_modern_liquor_goods_manufacturing_3 | PM:pm_modern_pharmaceuticals_goods_manufacturing_4 | PM:pm_modern_rubber_goods_manufacturing_3,New Era 11–20 technology; preserve current chain texture/category/AI-weight conventions. Generator re-reads source and preserves any upstream non-self prerequisites.,PM `pm_modern_furniture_goods_manufacturing_4` — Programmable Interior Fabrication<br>PM `pm_modern_groceries_goods_manufacturing_4` — Molecular Food Fabrication<br>PM `pm_modern_clothes_goods_manufacturing_4` — Programmable Clothing<br>PM `pm_modern_steel_goods_manufacturing_5` — Programmable Structural Metals<br>PM `pm_modern_industrial_chemicals_goods_manufacturing_6` — Universal Chemical Feedstocks<br>PM `pm_modern_plastics_goods_manufacturing_4` — Universal Molecular Polymers<br>PM `pm_modern_computers_goods_manufacturing_6` — Substrate-Independent Computers<br>PM `pm_modern_circuit_boards_goods_manufacturing_6` — Matter-Embedded Circuitry<br>PM `pm_modern_liquor_goods_manufacturing_3` — Programmable Beverage Synthesis<br>PM `pm_modern_pharmaceuticals_goods_manufacturing_4` — Programmable Molecular Medicine<br>PM `pm_modern_rubber_goods_manufacturing_3` — Programmable Elastomers
tech_communication_infrastructure_11,tech_communication_infrastructure,production,11,Terabit Mesh Networks,"Self-routing terabit meshes make enormous bandwidth ordinary even far from traditional backbone infrastructure. Networks continuously rebuild around congestion and damage, treating every terminal, vehicle, and building as a potential relay.",tech_communication_infrastructure_10,,PM:pm_modern_internet_services_6,New Era 11–20 technology; preserve current chain texture/category/AI-weight conventions. Generator re-reads source and preserves any upstream non-self prerequisites.,PM `pm_modern_internet_services_6` — Terabit Mesh Services
tech_communication_infrastructure_12,tech_communication_infrastructure,production,12,Photonic Communications,"Photonic switching moves data without repeatedly converting light into electrical signals. Vast volumes of information cross cities and continents with far lower latency and heat, turning the network itself into something closer to an optical machine.",tech_communication_infrastructure_11,,PM:pm_modern_internet_services_7,New Era 11–20 technology; preserve current chain texture/category/AI-weight conventions. Generator re-reads source and preserves any upstream non-self prerequisites.,PM `pm_modern_internet_services_7` — Photonic Network Services
tech_communication_infrastructure_13,tech_communication_infrastructure,production,13,Ambient Network Computing,"Computation and connectivity fade into the environment as buildings, streets, appliances, and vehicles participate automatically in shared information spaces. 'Going online' becomes an anachronism in a world where the physical environment is already networked.",tech_communication_infrastructure_12,,PM:pm_modern_internet_services_8,New Era 11–20 technology; preserve current chain texture/category/AI-weight conventions. Generator re-reads source and preserves any upstream non-self prerequisites.,PM `pm_modern_internet_services_8` — Ambient Network Services
tech_communication_infrastructure_14,tech_communication_infrastructure,production,14,Neural Interface Networks,"Neural interfaces add human sensory and cognitive systems directly to communications networks. Information can be exchanged as richer streams of intention, sensation, and structured thought rather than being reduced to screens, keyboards, and speech.",tech_communication_infrastructure_13,,PM:pm_modern_internet_services_9,New Era 11–20 technology; preserve current chain texture/category/AI-weight conventions. Generator re-reads source and preserves any upstream non-self prerequisites.,PM `pm_modern_internet_services_9` — Neural Interface Services
tech_communication_infrastructure_15,tech_communication_infrastructure,production,15,Planetary Quantum Networking,"Quantum repeaters, conventional photonics, and autonomous routing combine into networks that span the planet with extremely strong security and precise synchronization. Critical communications cease to depend on a few vulnerable trunks and terrestrial chokepoints.",tech_communication_infrastructure_14,,PM:pm_modern_internet_services_10,New Era 11–20 technology; preserve current chain texture/category/AI-weight conventions. Generator re-reads source and preserves any upstream non-self prerequisites.,PM `pm_modern_internet_services_10` — Quantum-Secured Network Services
tech_communication_infrastructure_16,tech_communication_infrastructure,production,16,Holographic Telepresence,"Volumetric capture and display make remote presence spatial, persistent, and socially convincing. Meetings, medical consultations, training, entertainment, and commerce can occupy a shared room even when the participants are separated by oceans.",tech_communication_infrastructure_15,,PM:pm_modern_internet_services_11,New Era 11–20 technology; preserve current chain texture/category/AI-weight conventions. Generator re-reads source and preserves any upstream non-self prerequisites.,PM `pm_modern_internet_services_11` — Holographic Telepresence Services
tech_communication_infrastructure_17,tech_communication_infrastructure,production,17,Autonomous Knowledge Networks,"Networks no longer merely carry information; autonomous agents curate, negotiate, translate, and act upon it. Institutions begin communicating through machine representatives operating continuously at speeds no human bureaucracy could sustain.",tech_communication_infrastructure_16,,PM:pm_modern_internet_services_12,New Era 11–20 technology; preserve current chain texture/category/AI-weight conventions. Generator re-reads source and preserves any upstream non-self prerequisites.,PM `pm_modern_internet_services_12` — Autonomous Knowledge Networks
tech_communication_infrastructure_18,tech_communication_infrastructure,production,18,Entanglement-Secured Communications,Entanglement-assisted security and quantum key infrastructure make interception detectable and high-value communications extraordinarily difficult to compromise. States and corporations rebuild their most sensitive command networks around trust rooted in physics rather than secrecy alone.,tech_communication_infrastructure_17,,PM:pm_modern_internet_services_13,New Era 11–20 technology; preserve current chain texture/category/AI-weight conventions. Generator re-reads source and preserves any upstream non-self prerequisites.,PM `pm_modern_internet_services_13` — Entanglement-Secured Network Services
tech_communication_infrastructure_19,tech_communication_infrastructure,production,19,Interplanetary Communications Architecture,"Delay-tolerant protocols, orbital relays, and autonomous routing extend the information economy across the inner Solar System. Networks learn to remain coherent when a message may need minutes, not milliseconds, to reach the other side.",tech_communication_infrastructure_18,,PM:pm_modern_internet_services_14,New Era 11–20 technology; preserve current chain texture/category/AI-weight conventions. Generator re-reads source and preserves any upstream non-self prerequisites.,PM `pm_modern_internet_services_14` — Interplanetary Network Services
tech_communication_infrastructure_20,tech_communication_infrastructure,production,20,Ubiquitous Cognitive Network,"Connectivity becomes a cognitive utility woven through people, machines, institutions, and infrastructure. Information moves to where it is needed before users explicitly request it, and the distinction between communications network and distributed intelligence begins to disappear.",tech_communication_infrastructure_19,,PM:pm_modern_internet_services_15,New Era 11–20 technology; preserve current chain texture/category/AI-weight conventions. Generator re-reads source and preserves any upstream non-self prerequisites.,PM `pm_modern_internet_services_15` — Ubiquitous Cognitive Networking
tech_construction_infrastructure_11,tech_construction_infrastructure,production,11,Autonomous Construction Fleets,"Autonomous earthmovers, cranes, haulers, and survey systems coordinate entire worksites with minimal direct supervision. Construction capacity becomes less dependent on assembling immense temporary workforces for every new project.",tech_construction_infrastructure_10,state_building_hydroelectric_power_plant_max_level_add=5; state_building_construction_sector_max_level_add=1; building_group_bg_manufacturing_construction_efficiency_add=0.50; building_group_bg_agriculture_construction_efficiency_add=0.50; building_group_bg_ranching_construction_efficiency_add=0.50; building_group_bg_whaling_construction_efficiency_add=0.50; building_group_bg_fishing_construction_efficiency_add=0.50; building_group_bg_extraction_construction_efficiency_add=0.50; building_group_bg_urban_center_construction_efficiency_add=0.50; building_group_bg_service_construction_efficiency_add=0.50; building_group_bg_military_construction_efficiency_add=0.50; building_group_bg_infrastructure_construction_efficiency_add=0.50; building_group_bg_urban_facilities_construction_efficiency_add=0.50,PM:pm_modern_construction_6,New Era 11–20 technology; preserve current chain texture/category/AI-weight conventions. Generator re-reads source and preserves any upstream non-self prerequisites.,PM `pm_modern_construction_6` — Autonomous Construction Systems
tech_construction_infrastructure_12,tech_construction_infrastructure,production,12,Self-Sensing Structures,"Structures are filled with sensors that track load, fatigue, corrosion, moisture, and microscopic movement throughout their lives. Engineers can reinforce a bridge or tower because it reports what is failing, rather than after damage becomes visible.",tech_construction_infrastructure_11,state_building_hydroelectric_power_plant_max_level_add=5; state_building_construction_sector_max_level_add=1; building_group_bg_manufacturing_construction_efficiency_add=0.50; building_group_bg_agriculture_construction_efficiency_add=0.50; building_group_bg_ranching_construction_efficiency_add=0.50; building_group_bg_whaling_construction_efficiency_add=0.50; building_group_bg_fishing_construction_efficiency_add=0.50; building_group_bg_extraction_construction_efficiency_add=0.50; building_group_bg_urban_center_construction_efficiency_add=0.50; building_group_bg_service_construction_efficiency_add=0.50; building_group_bg_military_construction_efficiency_add=0.50; building_group_bg_infrastructure_construction_efficiency_add=0.50; building_group_bg_urban_facilities_construction_efficiency_add=0.50,PM:pm_modern_construction_size_6,New Era 11–20 technology; preserve current chain texture/category/AI-weight conventions. Generator re-reads source and preserves any upstream non-self prerequisites.,PM `pm_modern_construction_size_6` — Autonomous Construction Crews
tech_construction_infrastructure_13,tech_construction_infrastructure,production,13,Robotic Prefabrication Yards,"Standardized robotic yards fabricate complete structural modules, service cores, and fitted rooms before they ever reach the site. Building becomes a logistics problem of assembling finished systems rather than improvising every wall in place.",tech_construction_infrastructure_12,state_building_hydroelectric_power_plant_max_level_add=5; state_building_construction_sector_max_level_add=1; building_group_bg_manufacturing_construction_efficiency_add=0.50; building_group_bg_agriculture_construction_efficiency_add=0.50; building_group_bg_ranching_construction_efficiency_add=0.50; building_group_bg_whaling_construction_efficiency_add=0.50; building_group_bg_fishing_construction_efficiency_add=0.50; building_group_bg_extraction_construction_efficiency_add=0.50; building_group_bg_urban_center_construction_efficiency_add=0.50; building_group_bg_service_construction_efficiency_add=0.50; building_group_bg_military_construction_efficiency_add=0.50; building_group_bg_infrastructure_construction_efficiency_add=0.50; building_group_bg_urban_facilities_construction_efficiency_add=0.50,PM:pm_modern_construction_7,New Era 11–20 technology; preserve current chain texture/category/AI-weight conventions. Generator re-reads source and preserves any upstream non-self prerequisites.,PM `pm_modern_construction_7` — Robotic Megaproject Construction
tech_construction_infrastructure_14,tech_construction_infrastructure,production,14,Additive Megastructure Fabrication,"Large-format additive fabrication produces structural members and entire shells directly from digital designs. Curves, internal lattices, and optimized geometries that were once prohibitively expensive become ordinary features of megaprojects.",tech_construction_infrastructure_13,state_building_hydroelectric_power_plant_max_level_add=5; state_building_construction_sector_max_level_add=1; building_group_bg_manufacturing_construction_efficiency_add=0.50; building_group_bg_agriculture_construction_efficiency_add=0.50; building_group_bg_ranching_construction_efficiency_add=0.50; building_group_bg_whaling_construction_efficiency_add=0.50; building_group_bg_fishing_construction_efficiency_add=0.50; building_group_bg_extraction_construction_efficiency_add=0.50; building_group_bg_urban_center_construction_efficiency_add=0.50; building_group_bg_service_construction_efficiency_add=0.50; building_group_bg_military_construction_efficiency_add=0.50; building_group_bg_infrastructure_construction_efficiency_add=0.50; building_group_bg_urban_facilities_construction_efficiency_add=0.50,PM:pm_modern_construction_size_7,New Era 11–20 technology; preserve current chain texture/category/AI-weight conventions. Generator re-reads source and preserves any upstream non-self prerequisites.,PM `pm_modern_construction_size_7` — Integrated Fabrication Crews
tech_construction_infrastructure_15,tech_construction_infrastructure,production,15,Self-Healing Concrete Systems,"Concrete and composite structures incorporate agents that seal fractures and restore damaged matrices as they form. Maintenance becomes partly continuous and automatic, allowing enormous built environments to age without decaying at twentieth-century rates.",tech_construction_infrastructure_14,state_building_hydroelectric_power_plant_max_level_add=5; state_building_construction_sector_max_level_add=1; building_group_bg_manufacturing_construction_efficiency_add=0.50; building_group_bg_agriculture_construction_efficiency_add=0.50; building_group_bg_ranching_construction_efficiency_add=0.50; building_group_bg_whaling_construction_efficiency_add=0.50; building_group_bg_fishing_construction_efficiency_add=0.50; building_group_bg_extraction_construction_efficiency_add=0.50; building_group_bg_urban_center_construction_efficiency_add=0.50; building_group_bg_service_construction_efficiency_add=0.50; building_group_bg_military_construction_efficiency_add=0.50; building_group_bg_infrastructure_construction_efficiency_add=0.50; building_group_bg_urban_facilities_construction_efficiency_add=0.50,PM:pm_modern_construction_8,New Era 11–20 technology; preserve current chain texture/category/AI-weight conventions. Generator re-reads source and preserves any upstream non-self prerequisites.,PM `pm_modern_construction_8` — Self-Healing Structural Construction
tech_construction_infrastructure_16,tech_construction_infrastructure,production,16,Metamaterial Structural Engineering,"Engineered lattices and metamaterial structures achieve extraordinary strength-to-weight ratios and control vibration, heat, and sound. Architecture can span farther and rise higher without merely multiplying the mass of conventional steel and concrete.",tech_construction_infrastructure_15,state_building_hydroelectric_power_plant_max_level_add=5; state_building_construction_sector_max_level_add=1; building_group_bg_manufacturing_construction_efficiency_add=0.50; building_group_bg_agriculture_construction_efficiency_add=0.50; building_group_bg_ranching_construction_efficiency_add=0.50; building_group_bg_whaling_construction_efficiency_add=0.50; building_group_bg_fishing_construction_efficiency_add=0.50; building_group_bg_extraction_construction_efficiency_add=0.50; building_group_bg_urban_center_construction_efficiency_add=0.50; building_group_bg_service_construction_efficiency_add=0.50; building_group_bg_military_construction_efficiency_add=0.50; building_group_bg_infrastructure_construction_efficiency_add=0.50; building_group_bg_urban_facilities_construction_efficiency_add=0.50,PM:pm_modern_construction_size_8,New Era 11–20 technology; preserve current chain texture/category/AI-weight conventions. Generator re-reads source and preserves any upstream non-self prerequisites.,PM `pm_modern_construction_size_8` — Cognitive Construction Networks
tech_construction_infrastructure_17,tech_construction_infrastructure,production,17,Autonomous Urban Fabrication,"Construction fleets are dispatched as autonomous urban utilities, constantly replacing utilities, extending buildings, repairing streets, and preparing sites. Cities acquire the ability to rebuild themselves without enduring decades of sequential public works.",tech_construction_infrastructure_16,state_building_hydroelectric_power_plant_max_level_add=5; state_building_construction_sector_max_level_add=1; building_group_bg_manufacturing_construction_efficiency_add=0.50; building_group_bg_agriculture_construction_efficiency_add=0.50; building_group_bg_ranching_construction_efficiency_add=0.50; building_group_bg_whaling_construction_efficiency_add=0.50; building_group_bg_fishing_construction_efficiency_add=0.50; building_group_bg_extraction_construction_efficiency_add=0.50; building_group_bg_urban_center_construction_efficiency_add=0.50; building_group_bg_service_construction_efficiency_add=0.50; building_group_bg_military_construction_efficiency_add=0.50; building_group_bg_infrastructure_construction_efficiency_add=0.50; building_group_bg_urban_facilities_construction_efficiency_add=0.50,PM:pm_modern_construction_9,New Era 11–20 technology; preserve current chain texture/category/AI-weight conventions. Generator re-reads source and preserves any upstream non-self prerequisites.,PM `pm_modern_construction_9` — Programmable Structure Construction
tech_construction_infrastructure_18,tech_construction_infrastructure,production,18,Programmable Structural Matter,"Structural matter can change stiffness, geometry, or internal configuration after installation. Buildings and infrastructure become adaptable machines, able to alter spaces and load paths as their use changes instead of being demolished and rebuilt.",tech_construction_infrastructure_17,state_building_hydroelectric_power_plant_max_level_add=5; state_building_construction_sector_max_level_add=1; building_group_bg_manufacturing_construction_efficiency_add=0.50; building_group_bg_agriculture_construction_efficiency_add=0.50; building_group_bg_ranching_construction_efficiency_add=0.50; building_group_bg_whaling_construction_efficiency_add=0.50; building_group_bg_fishing_construction_efficiency_add=0.50; building_group_bg_extraction_construction_efficiency_add=0.50; building_group_bg_urban_center_construction_efficiency_add=0.50; building_group_bg_service_construction_efficiency_add=0.50; building_group_bg_military_construction_efficiency_add=0.50; building_group_bg_infrastructure_construction_efficiency_add=0.50; building_group_bg_urban_facilities_construction_efficiency_add=0.50,PM:pm_modern_construction_size_9,New Era 11–20 technology; preserve current chain texture/category/AI-weight conventions. Generator re-reads source and preserves any upstream non-self prerequisites.,PM `pm_modern_construction_size_9` — Distributed Megaproject Crews
tech_construction_infrastructure_19,tech_construction_infrastructure,production,19,Continental-Scale Construction Logistics,"Continental project networks coordinate quarries, factories, fabrication yards, transport corridors, and robotic worksites as one construction system. Megaprojects are limited increasingly by political commitment and resources rather than coordination overhead.",tech_construction_infrastructure_18,state_building_hydroelectric_power_plant_max_level_add=5; state_building_construction_sector_max_level_add=1; building_group_bg_manufacturing_construction_efficiency_add=0.50; building_group_bg_agriculture_construction_efficiency_add=0.50; building_group_bg_ranching_construction_efficiency_add=0.50; building_group_bg_whaling_construction_efficiency_add=0.50; building_group_bg_fishing_construction_efficiency_add=0.50; building_group_bg_extraction_construction_efficiency_add=0.50; building_group_bg_urban_center_construction_efficiency_add=0.50; building_group_bg_service_construction_efficiency_add=0.50; building_group_bg_military_construction_efficiency_add=0.50; building_group_bg_infrastructure_construction_efficiency_add=0.50; building_group_bg_urban_facilities_construction_efficiency_add=0.50,PM:pm_modern_construction_10,New Era 11–20 technology; preserve current chain texture/category/AI-weight conventions. Generator re-reads source and preserves any upstream non-self prerequisites.,PM `pm_modern_construction_10` — Self-Assembling Megastructure Construction
tech_construction_infrastructure_20,tech_construction_infrastructure,production,20,Self-Assembling Megastructures,"Self-assembling structural systems combine robotic modules, programmable joints, and autonomous fabrication into megastructures that grow in place. The scale of feasible construction expands from individual towers and dams toward whole districts, habitats, and engineered landscapes.",tech_construction_infrastructure_19,state_building_hydroelectric_power_plant_max_level_add=5; state_building_construction_sector_max_level_add=1; building_group_bg_manufacturing_construction_efficiency_add=0.50; building_group_bg_agriculture_construction_efficiency_add=0.50; building_group_bg_ranching_construction_efficiency_add=0.50; building_group_bg_whaling_construction_efficiency_add=0.50; building_group_bg_fishing_construction_efficiency_add=0.50; building_group_bg_extraction_construction_efficiency_add=0.50; building_group_bg_urban_center_construction_efficiency_add=0.50; building_group_bg_service_construction_efficiency_add=0.50; building_group_bg_military_construction_efficiency_add=0.50; building_group_bg_infrastructure_construction_efficiency_add=0.50; building_group_bg_urban_facilities_construction_efficiency_add=0.50,PM:pm_modern_construction_size_10,New Era 11–20 technology; preserve current chain texture/category/AI-weight conventions. Generator re-reads source and preserves any upstream non-self prerequisites.,PM `pm_modern_construction_size_10` — Post-Labor Construction Systems
tech_economy_11,tech_economy,society,11,Algorithmic Market Governance,"Governments and exchanges monitor supply, demand, credit, inventories, and production nearly as they occur, allowing regulation to respond to emerging instability instead of statistics published months later. Markets remain decentralized, but their governing institutions become relentlessly data-driven.",tech_economy_10,state_trade_capacity_mult=0.05; state_max_trade_advantage_from_capacity_add=0.05; state_trade_advantage_mult=0.02; building_cash_reserves_mult=0.10; building_economy_of_scale_level_cap_add=10; country_max_weekly_construction_progress_add=5; country_max_companies_add=1; country_free_charters_add=1,,New Era 11–20 technology; preserve current chain texture/category/AI-weight conventions. Generator re-reads source and preserves any upstream non-self prerequisites.,—
tech_economy_12,tech_economy,society,12,Real-Time Macroeconomics,"Macroeconomic measurement approaches real time as transactions, logistics, energy use, employment, and inventories feed continuously into national models. Recessions and shortages become observable processes rather than mysteries reconstructed after the fact.",tech_economy_11,state_trade_capacity_mult=0.05; state_max_trade_advantage_from_capacity_add=0.05; state_trade_advantage_mult=0.02; building_cash_reserves_mult=0.10; building_economy_of_scale_level_cap_add=10; country_max_weekly_construction_progress_add=5; country_max_companies_add=1; country_free_charters_add=1,PM:pm_modern_financial_services_goods_services_4 | PM:pm_modern_financial_services_regulation_goods_services_3 | PM:pm_modern_forex_government_3,New Era 11–20 technology; preserve current chain texture/category/AI-weight conventions. Generator re-reads source and preserves any upstream non-self prerequisites.,PM `pm_modern_financial_services_goods_services_4` — Autonomous Financial Services<br>PM `pm_modern_financial_services_regulation_goods_services_3` — Real-Time Financial Regulation<br>PM `pm_modern_forex_government_3` — Algorithmic Currency Markets
tech_economy_13,tech_economy,society,13,Machine-Mediated Capital Allocation,"Machine systems evaluate risk, productive capacity, and expected return across economies too complex for traditional investment committees to survey. Capital moves faster toward emerging opportunities—and mistakes can spread just as quickly when models share the same blind spots.",tech_economy_12,state_trade_capacity_mult=0.05; state_max_trade_advantage_from_capacity_add=0.05; state_trade_advantage_mult=0.02; building_cash_reserves_mult=0.10; building_economy_of_scale_level_cap_add=10; country_max_weekly_construction_progress_add=5; country_max_companies_add=1; country_free_charters_add=1,,New Era 11–20 technology; preserve current chain texture/category/AI-weight conventions. Generator re-reads source and preserves any upstream non-self prerequisites.,—
tech_economy_14,tech_economy,society,14,Planetary Clearing Networks,"Continuous global settlement networks reduce the friction between currencies, banks, markets, and jurisdictions. Large transfers that once required layers of intermediaries become routine machine-to-machine accounting across planetary commerce.",tech_economy_13,state_trade_capacity_mult=0.05; state_max_trade_advantage_from_capacity_add=0.05; state_trade_advantage_mult=0.02; building_cash_reserves_mult=0.10; building_economy_of_scale_level_cap_add=10; country_max_weekly_construction_progress_add=5; country_max_companies_add=1; country_free_charters_add=1,,New Era 11–20 technology; preserve current chain texture/category/AI-weight conventions. Generator re-reads source and preserves any upstream non-self prerequisites.,—
tech_economy_15,tech_economy,society,15,Autonomous Corporate Governance,"Corporations delegate procurement, treasury, scheduling, compliance, and portions of strategic planning to autonomous agents operating under human-defined constraints. The firm begins to resemble a continuously optimizing institution rather than a hierarchy that meets periodically to make decisions.",tech_economy_14,state_trade_capacity_mult=0.05; state_max_trade_advantage_from_capacity_add=0.05; state_trade_advantage_mult=0.02; building_cash_reserves_mult=0.10; building_economy_of_scale_level_cap_add=10; country_max_weekly_construction_progress_add=5; country_max_companies_add=1; country_free_charters_add=1,PM:pm_modern_financial_services_goods_services_5 | PM:pm_modern_financial_services_regulation_goods_services_4 | PM:pm_modern_forex_government_4,New Era 11–20 technology; preserve current chain texture/category/AI-weight conventions. Generator re-reads source and preserves any upstream non-self prerequisites.,PM `pm_modern_financial_services_goods_services_5` — Machine-Mediated Capital Markets<br>PM `pm_modern_financial_services_regulation_goods_services_4` — Predictive Market Supervision<br>PM `pm_modern_forex_government_4` — Planetary Clearing Reserves
tech_economy_16,tech_economy,society,16,Synthetic Market Institutions,"New legal and economic institutions are designed around automated contracts, machine agents, shared ownership structures, and resources that can be allocated at computational speed. Economic organization expands beyond the assumptions inherited from industrial capitalism.",tech_economy_15,state_trade_capacity_mult=0.05; state_max_trade_advantage_from_capacity_add=0.05; state_trade_advantage_mult=0.02; building_cash_reserves_mult=0.10; building_economy_of_scale_level_cap_add=10; country_max_weekly_construction_progress_add=5; country_max_companies_add=1; country_free_charters_add=1,,New Era 11–20 technology; preserve current chain texture/category/AI-weight conventions. Generator re-reads source and preserves any upstream non-self prerequisites.,—
tech_economy_17,tech_economy,society,17,Predictive Political Economy,"Large-scale forecasting systems integrate climate, demographics, production, finance, and political behavior into policy simulations. Economic debate does not vanish, but decision-makers can test consequences against models of unprecedented detail before committing entire societies.",tech_economy_16,state_trade_capacity_mult=0.05; state_max_trade_advantage_from_capacity_add=0.05; state_trade_advantage_mult=0.02; building_cash_reserves_mult=0.10; building_economy_of_scale_level_cap_add=10; country_max_weekly_construction_progress_add=5; country_max_companies_add=1; country_free_charters_add=1,,New Era 11–20 technology; preserve current chain texture/category/AI-weight conventions. Generator re-reads source and preserves any upstream non-self prerequisites.,—
tech_economy_18,tech_economy,society,18,Post-Scarcity Allocation Theory,"When many essential goods become extremely cheap to produce, economics shifts toward managing energy, land, rare materials, attention, access, and institutional power. Theories built around generalized material scarcity begin to lose explanatory force.",tech_economy_17,state_trade_capacity_mult=0.05; state_max_trade_advantage_from_capacity_add=0.05; state_trade_advantage_mult=0.02; building_cash_reserves_mult=0.10; building_economy_of_scale_level_cap_add=10; country_max_weekly_construction_progress_add=5; country_max_companies_add=1; country_free_charters_add=1,PM:pm_modern_financial_services_goods_services_6 | PM:pm_modern_financial_services_regulation_goods_services_5 | PM:pm_modern_forex_government_5,New Era 11–20 technology; preserve current chain texture/category/AI-weight conventions. Generator re-reads source and preserves any upstream non-self prerequisites.,PM `pm_modern_financial_services_goods_services_6` — Predictive Financial Networks<br>PM `pm_modern_financial_services_regulation_goods_services_5` — Autonomous Prudential Regulation<br>PM `pm_modern_forex_government_5` — Synthetic Reserve Systems
tech_economy_19,tech_economy,society,19,Interplanetary Political Economy,"Permanent off-world settlements create markets with communication delays, immense transport costs, unusual property regimes, and resources unavailable on Earth. Political economy becomes genuinely interplanetary rather than merely global.",tech_economy_18,state_trade_capacity_mult=0.05; state_max_trade_advantage_from_capacity_add=0.05; state_trade_advantage_mult=0.02; building_cash_reserves_mult=0.10; building_economy_of_scale_level_cap_add=10; country_max_weekly_construction_progress_add=5; country_max_companies_add=1; country_free_charters_add=1,,New Era 11–20 technology; preserve current chain texture/category/AI-weight conventions. Generator re-reads source and preserves any upstream non-self prerequisites.,—
tech_economy_20,tech_economy,society,20,Abundance Economics,"Mature automation and fabrication make broad classes of material goods abundant relative to human demand. The central economic problems move from producing enough objects toward distributing capacity, status, experiences, scarce locations, and control over civilization-scale systems.",tech_economy_19,state_trade_capacity_mult=0.05; state_max_trade_advantage_from_capacity_add=0.05; state_trade_advantage_mult=0.02; building_cash_reserves_mult=0.10; building_economy_of_scale_level_cap_add=10; country_max_weekly_construction_progress_add=5; country_max_companies_add=1; country_free_charters_add=1,PM:pm_modern_financial_services_goods_services_7 | PM:pm_modern_financial_services_regulation_goods_services_6 | PM:pm_modern_forex_government_6,New Era 11–20 technology; preserve current chain texture/category/AI-weight conventions. Generator re-reads source and preserves any upstream non-self prerequisites.,PM `pm_modern_financial_services_goods_services_7` — Post-Scarcity Financial Services<br>PM `pm_modern_financial_services_regulation_goods_services_6` — Planetary Financial Governance<br>PM `pm_modern_forex_government_6` — Interplanetary Foreign Exchange
tech_electronics_11,tech_electronics,production,11,Neuromorphic Computing,"Neuromorphic processors imitate the event-driven architecture of nervous systems, performing perception and pattern recognition with a fraction of the energy of conventional hardware. Intelligent machines become easier to distribute throughout ordinary infrastructure.",tech_electronics_10,,PM:pm_modern_software_goods_services_6 | PM:pm_modern_automation_11_building_services | PM:pm_modern_automation_11_building_services_shopkeepers | PM:pm_modern_automation_11_building_services_professionals,New Era 11–20 technology; preserve current chain texture/category/AI-weight conventions. Generator re-reads source and preserves any upstream non-self prerequisites.,PM `pm_modern_software_goods_services_6` — Neuromorphic Software Stacks<br>PM `pm_modern_automation_11_building_services` — Neuromorphic Automation — Clerks<br>PM `pm_modern_automation_11_building_services_shopkeepers` — Neuromorphic Automation — Shopkeepers<br>PM `pm_modern_automation_11_building_services_professionals` — Neuromorphic Automation — Professional Services
tech_electronics_12,tech_electronics,production,12,Photonic Logic,Optical logic replaces electrons with photons in an expanding share of computation and switching. Data moves through processors at enormous speed while escaping some of the heat and resistance that constrained the late semiconductor age.,tech_electronics_11,,PM:pm_modern_fine_art_goods_manufacturing_3 | PM:pm_modern_media_services_goods_services_3 | PM:pm_modern_consumer_robots_goods_manufacturing_1 | PM:pm_modern_telecommunications_goods_manufacturing_1 | PM:pm_modern_software_goods_services_7 | PM:pm_modern_automation_12_building_services | PM:pm_modern_automation_12_building_services_shopkeepers | PM:pm_modern_automation_12_building_services_professionals,New Era 11–20 technology; preserve current chain texture/category/AI-weight conventions. Generator re-reads source and preserves any upstream non-self prerequisites.,PM `pm_modern_fine_art_goods_manufacturing_3` — Generative Fine Art<br>PM `pm_modern_media_services_goods_services_3` — Synthetic Media Studios<br>PM `pm_modern_consumer_robots_goods_manufacturing_1` — Domestic Cognitive Robots<br>PM `pm_modern_telecommunications_goods_manufacturing_1` — Photonic Network Hardware<br>PM `pm_modern_software_goods_services_7` — Photonic Compute Software<br>PM `pm_modern_automation_12_building_services` — Photonic Office Automation — Clerks<br>PM `pm_modern_automation_12_building_services_shopkeepers` — Photonic Office Automation — Shopkeepers<br>PM `pm_modern_automation_12_building_services_professionals` — Photonic Office Automation — Professional Services
tech_electronics_13,tech_electronics,production,13,Molecular-Scale Electronics,"Electronic components are assembled from molecular-scale structures whose behavior is engineered at the level of individual bonds. Devices become smaller not because fabrication merely improves, but because the component itself is redefined.",tech_electronics_12,,PM:pm_modern_software_goods_services_8 | PM:pm_modern_automation_13_building_services | PM:pm_modern_automation_13_building_services_shopkeepers | PM:pm_modern_automation_13_building_services_professionals,New Era 11–20 technology; preserve current chain texture/category/AI-weight conventions. Generator re-reads source and preserves any upstream non-self prerequisites.,PM `pm_modern_software_goods_services_8` — Molecular Computing Toolchains<br>PM `pm_modern_automation_13_building_services` — Molecular Computing Automation — Clerks<br>PM `pm_modern_automation_13_building_services_shopkeepers` — Molecular Computing Automation — Shopkeepers<br>PM `pm_modern_automation_13_building_services_professionals` — Molecular Computing Automation — Professional Services
tech_electronics_14,tech_electronics,production,14,Reversible Computing,"Reversible circuits recover information that conventional logic would discard as heat. Computing efficiency begins to approach physical limits that once seemed relevant only to theorists, making immense computational loads practical without equally immense power plants.",tech_electronics_13,,PM:pm_modern_software_goods_services_9 | PM:pm_modern_automation_14_building_services | PM:pm_modern_automation_14_building_services_shopkeepers | PM:pm_modern_automation_14_building_services_professionals,New Era 11–20 technology; preserve current chain texture/category/AI-weight conventions. Generator re-reads source and preserves any upstream non-self prerequisites.,PM `pm_modern_software_goods_services_9` — Reversible Computing Systems<br>PM `pm_modern_automation_14_building_services` — Reversible Computing Automation — Clerks<br>PM `pm_modern_automation_14_building_services_shopkeepers` — Reversible Computing Automation — Shopkeepers<br>PM `pm_modern_automation_14_building_services_professionals` — Reversible Computing Automation — Professional Services
tech_electronics_15,tech_electronics,production,15,Synthetic Cognition Hardware,"Specialized hardware is built expressly for synthetic minds, combining dense memory, inference engines, sensory integration, and adaptive interconnects. Artificial cognition no longer has to inhabit machines designed primarily for arithmetic and office software.",tech_electronics_14,,PM:pm_modern_fine_art_goods_manufacturing_4 | PM:pm_modern_media_services_goods_services_4 | PM:pm_modern_consumer_robots_goods_manufacturing_2 | PM:pm_modern_telecommunications_goods_manufacturing_2 | PM:pm_modern_software_goods_services_10 | PM:pm_modern_automation_15_building_services | PM:pm_modern_automation_15_building_services_shopkeepers | PM:pm_modern_automation_15_building_services_professionals,New Era 11–20 technology; preserve current chain texture/category/AI-weight conventions. Generator re-reads source and preserves any upstream non-self prerequisites.,PM `pm_modern_fine_art_goods_manufacturing_4` — Immersive Fine Art<br>PM `pm_modern_media_services_goods_services_4` — Volumetric Media Production<br>PM `pm_modern_consumer_robots_goods_manufacturing_2` — Adaptive Personal Robots<br>PM `pm_modern_telecommunications_goods_manufacturing_2` — Quantum Network Hardware<br>PM `pm_modern_software_goods_services_10` — Synthetic Cognition Platforms<br>PM `pm_modern_automation_15_building_services` — Synthetic Cognition Automation — Clerks<br>PM `pm_modern_automation_15_building_services_shopkeepers` — Synthetic Cognition Automation — Shopkeepers<br>PM `pm_modern_automation_15_building_services_professionals` — Synthetic Cognition Automation — Professional Services
tech_electronics_16,tech_electronics,production,16,Distributed Machine Intelligence,"Machine intelligence is distributed across factories, homes, vehicles, public infrastructure, and networks rather than concentrated in isolated data centers. Intelligence becomes a property of systems composed of many cooperating machines.",tech_electronics_15,,PM:pm_modern_software_goods_services_11 | PM:pm_modern_automation_16_building_services | PM:pm_modern_automation_16_building_services_shopkeepers | PM:pm_modern_automation_16_building_services_professionals,New Era 11–20 technology; preserve current chain texture/category/AI-weight conventions. Generator re-reads source and preserves any upstream non-self prerequisites.,PM `pm_modern_software_goods_services_11` — Distributed Intelligence Platforms<br>PM `pm_modern_automation_16_building_services` — Distributed Intelligence Automation — Clerks<br>PM `pm_modern_automation_16_building_services_shopkeepers` — Distributed Intelligence Automation — Shopkeepers<br>PM `pm_modern_automation_16_building_services_professionals` — Distributed Intelligence Automation — Professional Services
tech_electronics_17,tech_electronics,production,17,Biological-Digital Convergence,"Living tissue and electronics communicate through stable engineered interfaces, allowing sensors, processors, and biological systems to share signals directly. Medical devices, research instruments, and computers begin to occupy the same physical substrate.",tech_electronics_16,,PM:pm_modern_software_goods_services_12 | PM:pm_modern_automation_17_building_services | PM:pm_modern_automation_17_building_services_shopkeepers | PM:pm_modern_automation_17_building_services_professionals,New Era 11–20 technology; preserve current chain texture/category/AI-weight conventions. Generator re-reads source and preserves any upstream non-self prerequisites.,PM `pm_modern_software_goods_services_12` — Bio-Digital Operating Systems<br>PM `pm_modern_automation_17_building_services` — Bio-Digital Automation — Clerks<br>PM `pm_modern_automation_17_building_services_shopkeepers` — Bio-Digital Automation — Shopkeepers<br>PM `pm_modern_automation_17_building_services_professionals` — Bio-Digital Automation — Professional Services
tech_electronics_18,tech_electronics,production,18,Quantum-Neural Architectures,"Quantum accelerators and neural architectures are coupled into hybrid systems, each handling the classes of problems to which it is best suited. Optimization, simulation, learning, and control increasingly occur inside heterogeneous cognitive machines.",tech_electronics_17,,PM:pm_modern_fine_art_goods_manufacturing_5 | PM:pm_modern_media_services_goods_services_5 | PM:pm_modern_consumer_robots_goods_manufacturing_3 | PM:pm_modern_telecommunications_goods_manufacturing_3 | PM:pm_modern_software_goods_services_13 | PM:pm_modern_automation_18_building_services | PM:pm_modern_automation_18_building_services_shopkeepers | PM:pm_modern_automation_18_building_services_professionals,New Era 11–20 technology; preserve current chain texture/category/AI-weight conventions. Generator re-reads source and preserves any upstream non-self prerequisites.,PM `pm_modern_fine_art_goods_manufacturing_5` — Synthetic-Mind Fine Art<br>PM `pm_modern_media_services_goods_services_5` — Cognitive Media Networks<br>PM `pm_modern_consumer_robots_goods_manufacturing_3` — Embodied Synthetic Assistants<br>PM `pm_modern_telecommunications_goods_manufacturing_3` — Interplanetary Relay Hardware<br>PM `pm_modern_software_goods_services_13` — Quantum-Neural Software<br>PM `pm_modern_automation_18_building_services` — Quantum-Neural Automation — Clerks<br>PM `pm_modern_automation_18_building_services_shopkeepers` — Quantum-Neural Automation — Shopkeepers<br>PM `pm_modern_automation_18_building_services_professionals` — Quantum-Neural Automation — Professional Services
tech_electronics_19,tech_electronics,production,19,Matter-Embedded Computation,"Computation is embedded directly into structural materials, clothing, tools, and manufactured objects. Instead of attaching a computer to a product, industry manufactures products whose matter itself can sense, calculate, communicate, and respond.",tech_electronics_18,,PM:pm_modern_software_goods_services_14 | PM:pm_modern_automation_19_building_services | PM:pm_modern_automation_19_building_services_shopkeepers | PM:pm_modern_automation_19_building_services_professionals,New Era 11–20 technology; preserve current chain texture/category/AI-weight conventions. Generator re-reads source and preserves any upstream non-self prerequisites.,PM `pm_modern_software_goods_services_14` — Matter-Embedded Software<br>PM `pm_modern_automation_19_building_services` — Matter-Embedded Automation — Clerks<br>PM `pm_modern_automation_19_building_services_shopkeepers` — Matter-Embedded Automation — Shopkeepers<br>PM `pm_modern_automation_19_building_services_professionals` — Matter-Embedded Automation — Professional Services
tech_electronics_20,tech_electronics,production,20,Substrate-Independent Computing,"The same cognitive processes can be instantiated across radically different hardware—electronic, photonic, quantum, biological, or hybrid. Intelligence becomes less tied to a particular machine architecture and more like software capable of migrating between physical substrates.",tech_electronics_19,,PM:pm_modern_fine_art_goods_manufacturing_6 | PM:pm_modern_media_services_goods_services_6 | PM:pm_modern_consumer_robots_goods_manufacturing_4 | PM:pm_modern_telecommunications_goods_manufacturing_4 | PM:pm_modern_software_goods_services_15 | PM:pm_modern_automation_20_building_services | PM:pm_modern_automation_20_building_services_shopkeepers | PM:pm_modern_automation_20_building_services_professionals,New Era 11–20 technology; preserve current chain texture/category/AI-weight conventions. Generator re-reads source and preserves any upstream non-self prerequisites.,PM `pm_modern_fine_art_goods_manufacturing_6` — Post-Biological Fine Art<br>PM `pm_modern_media_services_goods_services_6` — Experiential Media Fabrication<br>PM `pm_modern_consumer_robots_goods_manufacturing_4` — General-Purpose Consumer Androids<br>PM `pm_modern_telecommunications_goods_manufacturing_4` — Cognitive Network Fabricators<br>PM `pm_modern_software_goods_services_15` — Substrate-Independent Software<br>PM `pm_modern_automation_20_building_services` — Substrate-Independent Automation — Clerks<br>PM `pm_modern_automation_20_building_services_shopkeepers` — Substrate-Independent Automation — Shopkeepers<br>PM `pm_modern_automation_20_building_services_professionals` — Substrate-Independent Automation — Professional Services
tech_energy_infrastructure_11,tech_energy_infrastructure,production,11,Commercial Fusion Grids,"Fusion plants leave the demonstration stage and become repeatable pieces of national infrastructure. Utilities learn to build, fuel, maintain, and connect reactors in numbers large enough for fusion to shape the energy market rather than merely symbolize scientific prestige.",tech_energy_infrastructure_10,,PM:pm_modern_nuclear_power_infrastructure_5 | PM:pm_modern_oil_power_infrastructure_6,New Era 11–20 technology; preserve current chain texture/category/AI-weight conventions. Generator re-reads source and preserves any upstream non-self prerequisites.,PM `pm_modern_nuclear_power_infrastructure_5` — Commercial Fusion Grid Reactors<br>PM `pm_modern_oil_power_infrastructure_6` — Carbon-Captured Cogeneration
tech_energy_infrastructure_12,tech_energy_infrastructure,production,12,Superconducting Power Networks,Near-lossless transmission and superconducting machinery allow power to move between regions with far less waste. Continental grids can share immense peaks in generation and demand without building duplicate reserve capacity everywhere.,tech_energy_infrastructure_11,,PM:pm_modern_geothermal_power_infrastructure_3 | PM:pm_modern_skyscraper_energy_source_3,New Era 11–20 technology; preserve current chain texture/category/AI-weight conventions. Generator re-reads source and preserves any upstream non-self prerequisites.,PM `pm_modern_geothermal_power_infrastructure_3` — Supercritical Geothermal Wells<br>PM `pm_modern_skyscraper_energy_source_3` — Building-Integrated Energy Grids
tech_energy_infrastructure_13,tech_energy_infrastructure,production,13,Advanced Stellarator Systems,"Improved confinement, materials, and maintenance systems make advanced stellarators practical for continuous operation. Fusion power becomes less dependent on short pulses and increasingly resembles the reliable baseload plants that electrical systems know how to use.",tech_energy_infrastructure_12,,PM:pm_modern_hydroelectric_power_infrastructure_2,New Era 11–20 technology; preserve current chain texture/category/AI-weight conventions. Generator re-reads source and preserves any upstream non-self prerequisites.,PM `pm_modern_hydroelectric_power_infrastructure_2` — Adaptive Hydropower Networks
tech_energy_infrastructure_14,tech_energy_infrastructure,production,14,Space-Based Solar Power,"Orbital collectors harvest sunlight without night, weather, or atmospheric loss and beam power to receiving stations below. The energy system acquires generating territory measured in orbital slots rather than square kilometers of land.",tech_energy_infrastructure_13,,PM:pm_modern_nuclear_power_infrastructure_6 | PM:pm_modern_oil_power_infrastructure_7,New Era 11–20 technology; preserve current chain texture/category/AI-weight conventions. Generator re-reads source and preserves any upstream non-self prerequisites.,PM `pm_modern_nuclear_power_infrastructure_6` — Advanced Stellarator Reactors<br>PM `pm_modern_oil_power_infrastructure_7` — Synthetic-Fuel Turbines
tech_energy_infrastructure_15,tech_energy_infrastructure,production,15,Aneutronic Fusion,"Aneutronic reactions reduce the neutron bombardment that makes conventional fusion reactors difficult to maintain and allows more direct conversion of fusion energy into electricity. Power plants become cleaner, longer-lived, and potentially far more compact.",tech_energy_infrastructure_14,,PM:pm_modern_geothermal_power_infrastructure_4 | PM:pm_modern_skyscraper_energy_source_4,New Era 11–20 technology; preserve current chain texture/category/AI-weight conventions. Generator re-reads source and preserves any upstream non-self prerequisites.,PM `pm_modern_geothermal_power_infrastructure_4` — Ultra-Deep Geothermal Systems<br>PM `pm_modern_skyscraper_energy_source_4` — Self-Balancing Arcology Power
tech_energy_infrastructure_16,tech_energy_infrastructure,production,16,Planetary Energy Storage,"Planetary storage systems absorb fluctuations measured in cities and seasons, using chemical, thermal, mechanical, and superconducting reservoirs under coordinated control. Variable generation stops being a local balancing problem and becomes a managed property of the grid.",tech_energy_infrastructure_15,,PM:pm_modern_hydroelectric_power_infrastructure_3,New Era 11–20 technology; preserve current chain texture/category/AI-weight conventions. Generator re-reads source and preserves any upstream non-self prerequisites.,PM `pm_modern_hydroelectric_power_infrastructure_3` — Continental Pumped Hydro
tech_energy_infrastructure_17,tech_energy_infrastructure,production,17,Helium-3 Fusion Economy,"Regular access to extraterrestrial helium-3 opens fuel cycles previously limited by terrestrial scarcity. Fusion economics begins to connect mines, launch systems, lunar industry, and electrical grids into a single strategic supply chain.",tech_energy_infrastructure_16,,PM:pm_modern_nuclear_power_infrastructure_7 | PM:pm_modern_oil_power_infrastructure_8,New Era 11–20 technology; preserve current chain texture/category/AI-weight conventions. Generator re-reads source and preserves any upstream non-self prerequisites.,PM `pm_modern_nuclear_power_infrastructure_7` — Helium-3 Fusion Reactors<br>PM `pm_modern_oil_power_infrastructure_8` — Closed-Cycle Thermal Plants
tech_energy_infrastructure_18,tech_energy_infrastructure,production,18,Deep-Geothermal Planetary Tapping,Ultra-deep drilling and high-temperature materials reach heat reservoirs once considered inaccessible. Geothermal generation expands beyond favorable geology toward something that can be engineered almost anywhere with sufficient capital.,tech_energy_infrastructure_17,,PM:pm_modern_geothermal_power_infrastructure_5 | PM:pm_modern_skyscraper_energy_source_5,New Era 11–20 technology; preserve current chain texture/category/AI-weight conventions. Generator re-reads source and preserves any upstream non-self prerequisites.,PM `pm_modern_geothermal_power_infrastructure_5` — Crustal Heat Networks<br>PM `pm_modern_skyscraper_energy_source_5` — Metropolitan Microgrid Fabric
tech_energy_infrastructure_19,tech_energy_infrastructure,production,19,Artificial Photosynthetic Power,Engineered photochemical systems turn sunlight directly into storable fuels and electrical intermediates with efficiencies far beyond natural photosynthesis. Surfaces throughout the built environment can become quiet chemical power plants.,tech_energy_infrastructure_18,,PM:pm_modern_hydroelectric_power_infrastructure_4,New Era 11–20 technology; preserve current chain texture/category/AI-weight conventions. Generator re-reads source and preserves any upstream non-self prerequisites.,PM `pm_modern_hydroelectric_power_infrastructure_4` — Closed-Loop Water Power
tech_energy_infrastructure_20,tech_energy_infrastructure,production,20,Controlled Microstar Power,"Controlled fusion plasmas reach power densities that justify the old metaphor of a star in a bottle. Compact 'microstar' reactors supply immense, steady energy to cities, industry, spacecraft, and megastructures with fuel requirements almost trivial beside their output.",tech_energy_infrastructure_19,,PM:pm_modern_nuclear_power_infrastructure_8 | PM:pm_modern_oil_power_infrastructure_9 | PM:pm_modern_geothermal_power_infrastructure_6 | PM:pm_modern_hydroelectric_power_infrastructure_5 | PM:pm_modern_skyscraper_energy_source_6,New Era 11–20 technology; preserve current chain texture/category/AI-weight conventions. Generator re-reads source and preserves any upstream non-self prerequisites.,PM `pm_modern_nuclear_power_infrastructure_8` — Controlled Microstar Reactors<br>PM `pm_modern_oil_power_infrastructure_9` — Molecular Thermal Power Plants<br>PM `pm_modern_geothermal_power_infrastructure_6` — Planetary Geothermal Tapping<br>PM `pm_modern_hydroelectric_power_infrastructure_5` — Planetary Hydraulic Power<br>PM `pm_modern_skyscraper_energy_source_6` — Autonomous Megastructure Energy Systems
tech_geopolitics_11,tech_geopolitics,society,11,Networked Sovereignty,"Sovereignty is exercised through dense networks of trade, data, finance, security guarantees, standards, and shared infrastructure rather than territorial control alone. States learn to wield influence inside systems they do not directly own.",tech_geopolitics_10,country_diplomatic_play_maneuvers_mult=0.20; country_influence_mult=0.05,,New Era 11–20 technology; preserve current chain texture/category/AI-weight conventions. Generator re-reads source and preserves any upstream non-self prerequisites.,—
tech_geopolitics_12,tech_geopolitics,society,12,Planetary Treaty Systems,"Treaty organizations acquire permanent technical institutions capable of managing climate, health, migration, orbital traffic, and strategic stability across nearly every major power. Diplomacy increasingly builds machinery meant to operate continuously between summits.",tech_geopolitics_11,country_diplomatic_play_maneuvers_mult=0.20; country_influence_mult=0.05,,New Era 11–20 technology; preserve current chain texture/category/AI-weight conventions. Generator re-reads source and preserves any upstream non-self prerequisites.,—
tech_geopolitics_13,tech_geopolitics,society,13,Climate Governance Regimes,"Climate adaptation, carbon management, water sharing, migration, and disaster response become central questions of international order. Environmental policy evolves into a field of high politics comparable to trade or collective security.",tech_geopolitics_12,country_diplomatic_play_maneuvers_mult=0.20; country_influence_mult=0.05,,New Era 11–20 technology; preserve current chain texture/category/AI-weight conventions. Generator re-reads source and preserves any upstream non-self prerequisites.,—
tech_geopolitics_14,tech_geopolitics,society,14,Supranational Security Architecture,"Regional alliances coordinate intelligence, logistics, industrial policy, cyber defense, and strategic forces deeply enough to act as security architectures rather than temporary coalitions. The line between national defense and supranational defense grows increasingly thin.",tech_geopolitics_13,country_diplomatic_play_maneuvers_mult=0.20; country_influence_mult=0.05,,New Era 11–20 technology; preserve current chain texture/category/AI-weight conventions. Generator re-reads source and preserves any upstream non-self prerequisites.,—
tech_geopolitics_15,tech_geopolitics,society,15,Continental Federations,"Some regional unions accumulate enough common law, fiscal capacity, infrastructure, and foreign policy to operate as continental political actors. Member states preserve identity while pooling powers once treated as indivisible attributes of sovereignty.",tech_geopolitics_14,country_diplomatic_play_maneuvers_mult=0.20; country_influence_mult=0.05,,New Era 11–20 technology; preserve current chain texture/category/AI-weight conventions. Generator re-reads source and preserves any upstream non-self prerequisites.,—
tech_geopolitics_16,tech_geopolitics,society,16,Transnational Citizenship,"Long-term residence, digital identity, labor mobility, and overlapping jurisdictions weaken the assumption that political membership must be exclusive. Citizenship becomes layered across municipal, national, regional, and transnational institutions.",tech_geopolitics_15,country_diplomatic_play_maneuvers_mult=0.20; country_influence_mult=0.05,,New Era 11–20 technology; preserve current chain texture/category/AI-weight conventions. Generator re-reads source and preserves any upstream non-self prerequisites.,—
tech_geopolitics_17,tech_geopolitics,society,17,Planetary Resource Compacts,"States establish durable regimes for scarce minerals, oceans, climate systems, orbital slots, and other resources whose exploitation can destabilize everyone if left purely to unilateral competition.",tech_geopolitics_16,country_diplomatic_play_maneuvers_mult=0.20; country_influence_mult=0.05,,New Era 11–20 technology; preserve current chain texture/category/AI-weight conventions. Generator re-reads source and preserves any upstream non-self prerequisites.,—
tech_geopolitics_18,tech_geopolitics,society,18,Orbital Sovereignty Law,"Permanent orbital industry forces international law to define property, military exclusion, salvage, traffic, liability, and jurisdiction beyond the atmosphere. Space stops being a legal exception and becomes a governed strategic domain.",tech_geopolitics_17,country_diplomatic_play_maneuvers_mult=0.20; country_influence_mult=0.05,,New Era 11–20 technology; preserve current chain texture/category/AI-weight conventions. Generator re-reads source and preserves any upstream non-self prerequisites.,—
tech_geopolitics_19,tech_geopolitics,society,19,Interplanetary Diplomacy,"Permanent settlements beyond Earth create political actors whose interests cannot be reduced to those of their founding states. Diplomacy must function across communication delay, different environments, and communities separated by millions of kilometers.",tech_geopolitics_18,country_diplomatic_play_maneuvers_mult=0.20; country_influence_mult=0.05,,New Era 11–20 technology; preserve current chain texture/category/AI-weight conventions. Generator re-reads source and preserves any upstream non-self prerequisites.,—
tech_geopolitics_20,tech_geopolitics,society,20,Civilizational Governance,Political order expands to the scale of a technological civilization spanning Earth and off-world settlements. Geopolitics no longer disappears; it becomes the problem of coordinating power among institutions whose actions can affect an entire civilization.,tech_geopolitics_19,country_diplomatic_play_maneuvers_mult=0.20; country_influence_mult=0.05,,New Era 11–20 technology; preserve current chain texture/category/AI-weight conventions. Generator re-reads source and preserves any upstream non-self prerequisites.,—
tech_land_infrastructure_11,tech_land_infrastructure,production,11,Autonomous Freight Corridors,"Road freight becomes a coordinated autonomous service in which vehicles, depots, and loading systems schedule themselves continuously. Corridors carry more goods not simply because they are wider, but because wasted space and idle time are engineered out.",tech_land_infrastructure_10,state_trade_capacity_mult=0.10; state_infrastructure_from_automobiles_consumption_add=0.40; state_infrastructure_from_locomotives_consumption_add=0.20; state_infrastructure_from_population_max_add=20,PM:pm_modern_organisation_11_building_agriculture | PM:pm_modern_organisation_11_building_logging | PM:pm_modern_organisation_11_building_mining | PM:pm_modern_organisation_11_building_mining_oil | PM:pm_modern_organisation_11_building_manufacturing | PM:pm_modern_organisation_11_building_manufacturing_unskilled,New Era 11–20 technology; preserve current chain texture/category/AI-weight conventions. Generator re-reads source and preserves any upstream non-self prerequisites.,PM `pm_modern_organisation_11_building_agriculture` — Autonomous Logistics Organization — Agriculture<br>PM `pm_modern_organisation_11_building_logging` — Autonomous Logistics Organization — Logging<br>PM `pm_modern_organisation_11_building_mining` — Autonomous Logistics Organization — Mining<br>PM `pm_modern_organisation_11_building_mining_oil` — Autonomous Logistics Organization — Mining Oil<br>PM `pm_modern_organisation_11_building_manufacturing` — Autonomous Logistics Organization — Manufacturing<br>PM `pm_modern_organisation_11_building_manufacturing_unskilled` — Autonomous Logistics Organization — Manufacturing Unskilled
tech_land_infrastructure_12,tech_land_infrastructure,production,12,Maglev Freight Networks,High-capacity magnetic-levitation freight trains move containers between industrial regions at airline-like speeds while retaining rail's efficiency. Inland logistics begins to operate on timetables once reserved for perishable air cargo.,tech_land_infrastructure_11,state_trade_capacity_mult=0.10; state_infrastructure_from_automobiles_consumption_add=0.40; state_infrastructure_from_locomotives_consumption_add=0.20; state_infrastructure_from_population_max_add=20,PM:pm_modern_automobiles_goods_manufacturing_3 | PM:pm_modern_locomotives_goods_manufacturing_1 | PM:pm_modern_car_design_infrastructure_1 | PM:pm_modern_rail_design_infrastructure_1 | PM:pm_modern_organisation_12_building_agriculture | PM:pm_modern_organisation_12_building_logging | PM:pm_modern_organisation_12_building_mining | PM:pm_modern_organisation_12_building_mining_oil | PM:pm_modern_organisation_12_building_manufacturing | PM:pm_modern_organisation_12_building_manufacturing_unskilled,New Era 11–20 technology; preserve current chain texture/category/AI-weight conventions. Generator re-reads source and preserves any upstream non-self prerequisites.,PM `pm_modern_automobiles_goods_manufacturing_3` — Autonomous Electric Vehicles<br>PM `pm_modern_locomotives_goods_manufacturing_1` — Maglev Locomotive Systems<br>PM `pm_modern_car_design_infrastructure_1` — Autonomous Road Vehicles<br>PM `pm_modern_rail_design_infrastructure_1` — Maglev Freight Networks<br>PM `pm_modern_organisation_12_building_agriculture` — Maglev Logistics Organization — Agriculture<br>PM `pm_modern_organisation_12_building_logging` — Maglev Logistics Organization — Logging<br>PM `pm_modern_organisation_12_building_mining` — Maglev Logistics Organization — Mining<br>PM `pm_modern_organisation_12_building_mining_oil` — Maglev Logistics Organization — Mining Oil<br>PM `pm_modern_organisation_12_building_manufacturing` — Maglev Logistics Organization — Manufacturing<br>PM `pm_modern_organisation_12_building_manufacturing_unskilled` — Maglev Logistics Organization — Manufacturing Unskilled
tech_land_infrastructure_13,tech_land_infrastructure,production,13,Dynamic Road Surfaces,"Road surfaces monitor damage, communicate hazards, control lane allocation, and alter traction or charging behavior to match traffic. The roadway itself becomes an active participant in transport rather than passive pavement.",tech_land_infrastructure_12,state_trade_capacity_mult=0.10; state_infrastructure_from_automobiles_consumption_add=0.40; state_infrastructure_from_locomotives_consumption_add=0.20; state_infrastructure_from_population_max_add=20,PM:pm_modern_organisation_13_building_agriculture | PM:pm_modern_organisation_13_building_logging | PM:pm_modern_organisation_13_building_mining | PM:pm_modern_organisation_13_building_mining_oil | PM:pm_modern_organisation_13_building_manufacturing | PM:pm_modern_organisation_13_building_manufacturing_unskilled,New Era 11–20 technology; preserve current chain texture/category/AI-weight conventions. Generator re-reads source and preserves any upstream non-self prerequisites.,PM `pm_modern_organisation_13_building_agriculture` — Dynamic Infrastructure Organization — Agriculture<br>PM `pm_modern_organisation_13_building_logging` — Dynamic Infrastructure Organization — Logging<br>PM `pm_modern_organisation_13_building_mining` — Dynamic Infrastructure Organization — Mining<br>PM `pm_modern_organisation_13_building_mining_oil` — Dynamic Infrastructure Organization — Mining Oil<br>PM `pm_modern_organisation_13_building_manufacturing` — Dynamic Infrastructure Organization — Manufacturing<br>PM `pm_modern_organisation_13_building_manufacturing_unskilled` — Dynamic Infrastructure Organization — Manufacturing Unskilled
tech_land_infrastructure_14,tech_land_infrastructure,production,14,Vacuum Transit,Low-pressure tubes and vacuum corridors allow terrestrial vehicles to travel at extreme speed with minimal aerodynamic loss. Major cities become linked by infrastructure whose travel times compete with suborbital flight without ever leaving the ground.,tech_land_infrastructure_13,state_trade_capacity_mult=0.10; state_infrastructure_from_automobiles_consumption_add=0.40; state_infrastructure_from_locomotives_consumption_add=0.20; state_infrastructure_from_population_max_add=20,PM:pm_modern_organisation_14_building_agriculture | PM:pm_modern_organisation_14_building_logging | PM:pm_modern_organisation_14_building_mining | PM:pm_modern_organisation_14_building_mining_oil | PM:pm_modern_organisation_14_building_manufacturing | PM:pm_modern_organisation_14_building_manufacturing_unskilled,New Era 11–20 technology; preserve current chain texture/category/AI-weight conventions. Generator re-reads source and preserves any upstream non-self prerequisites.,PM `pm_modern_organisation_14_building_agriculture` — Vacuum-Transit Organization — Agriculture<br>PM `pm_modern_organisation_14_building_logging` — Vacuum-Transit Organization — Logging<br>PM `pm_modern_organisation_14_building_mining` — Vacuum-Transit Organization — Mining<br>PM `pm_modern_organisation_14_building_mining_oil` — Vacuum-Transit Organization — Mining Oil<br>PM `pm_modern_organisation_14_building_manufacturing` — Vacuum-Transit Organization — Manufacturing<br>PM `pm_modern_organisation_14_building_manufacturing_unskilled` — Vacuum-Transit Organization — Manufacturing Unskilled
tech_land_infrastructure_15,tech_land_infrastructure,production,15,Planetary Logistics Mesh,"Freight, passengers, utilities, warehouses, railways, roads, and autonomous vehicles are coordinated as one planetary logistics mesh. Capacity can be reassigned across modes before congestion becomes visible to individual operators.",tech_land_infrastructure_14,state_trade_capacity_mult=0.10; state_infrastructure_from_automobiles_consumption_add=0.40; state_infrastructure_from_locomotives_consumption_add=0.20; state_infrastructure_from_population_max_add=20,PM:pm_modern_automobiles_goods_manufacturing_4 | PM:pm_modern_locomotives_goods_manufacturing_2 | PM:pm_modern_car_design_infrastructure_2 | PM:pm_modern_rail_design_infrastructure_2 | PM:pm_modern_organisation_15_building_agriculture | PM:pm_modern_organisation_15_building_logging | PM:pm_modern_organisation_15_building_mining | PM:pm_modern_organisation_15_building_mining_oil | PM:pm_modern_organisation_15_building_manufacturing | PM:pm_modern_organisation_15_building_manufacturing_unskilled,New Era 11–20 technology; preserve current chain texture/category/AI-weight conventions. Generator re-reads source and preserves any upstream non-self prerequisites.,PM `pm_modern_automobiles_goods_manufacturing_4` — Adaptive Road Vehicles<br>PM `pm_modern_locomotives_goods_manufacturing_2` — Vacuum-Rail Propulsion Units<br>PM `pm_modern_car_design_infrastructure_2` — Adaptive Road Systems<br>PM `pm_modern_rail_design_infrastructure_2` — Vacuum Rail Systems<br>PM `pm_modern_organisation_15_building_agriculture` — Planetary Logistics Organization — Agriculture<br>PM `pm_modern_organisation_15_building_logging` — Planetary Logistics Organization — Logging<br>PM `pm_modern_organisation_15_building_mining` — Planetary Logistics Organization — Mining<br>PM `pm_modern_organisation_15_building_mining_oil` — Planetary Logistics Organization — Mining Oil<br>PM `pm_modern_organisation_15_building_manufacturing` — Planetary Logistics Organization — Manufacturing<br>PM `pm_modern_organisation_15_building_manufacturing_unskilled` — Planetary Logistics Organization — Manufacturing Unskilled
tech_land_infrastructure_16,tech_land_infrastructure,production,16,Self-Repairing Infrastructure,Robotic inspection and embedded repair systems turn maintenance from periodic reconstruction into continuous intervention. Infrastructure can survive decades of heavy use without accumulating the hidden deterioration that once produced sudden failures.,tech_land_infrastructure_15,state_trade_capacity_mult=0.10; state_infrastructure_from_automobiles_consumption_add=0.40; state_infrastructure_from_locomotives_consumption_add=0.20; state_infrastructure_from_population_max_add=20,PM:pm_modern_organisation_16_building_agriculture | PM:pm_modern_organisation_16_building_logging | PM:pm_modern_organisation_16_building_mining | PM:pm_modern_organisation_16_building_mining_oil | PM:pm_modern_organisation_16_building_manufacturing | PM:pm_modern_organisation_16_building_manufacturing_unskilled,New Era 11–20 technology; preserve current chain texture/category/AI-weight conventions. Generator re-reads source and preserves any upstream non-self prerequisites.,PM `pm_modern_organisation_16_building_agriculture` — Self-Repairing Infrastructure Organization — Agriculture<br>PM `pm_modern_organisation_16_building_logging` — Self-Repairing Infrastructure Organization — Logging<br>PM `pm_modern_organisation_16_building_mining` — Self-Repairing Infrastructure Organization — Mining<br>PM `pm_modern_organisation_16_building_mining_oil` — Self-Repairing Infrastructure Organization — Mining Oil<br>PM `pm_modern_organisation_16_building_manufacturing` — Self-Repairing Infrastructure Organization — Manufacturing<br>PM `pm_modern_organisation_16_building_manufacturing_unskilled` — Self-Repairing Infrastructure Organization — Manufacturing Unskilled
tech_land_infrastructure_17,tech_land_infrastructure,production,17,AI-Orchestrated Mobility,"Artificial intelligence orchestrates public and private mobility across an entire economy, routing people and cargo according to capacity, urgency, energy cost, and downstream demand. Transport becomes a continuously optimized flow rather than a collection of independent journeys.",tech_land_infrastructure_16,state_trade_capacity_mult=0.10; state_infrastructure_from_automobiles_consumption_add=0.40; state_infrastructure_from_locomotives_consumption_add=0.20; state_infrastructure_from_population_max_add=20,PM:pm_modern_organisation_17_building_agriculture | PM:pm_modern_organisation_17_building_logging | PM:pm_modern_organisation_17_building_mining | PM:pm_modern_organisation_17_building_mining_oil | PM:pm_modern_organisation_17_building_manufacturing | PM:pm_modern_organisation_17_building_manufacturing_unskilled,New Era 11–20 technology; preserve current chain texture/category/AI-weight conventions. Generator re-reads source and preserves any upstream non-self prerequisites.,PM `pm_modern_organisation_17_building_agriculture` — AI-Orchestrated Organization — Agriculture<br>PM `pm_modern_organisation_17_building_logging` — AI-Orchestrated Organization — Logging<br>PM `pm_modern_organisation_17_building_mining` — AI-Orchestrated Organization — Mining<br>PM `pm_modern_organisation_17_building_mining_oil` — AI-Orchestrated Organization — Mining Oil<br>PM `pm_modern_organisation_17_building_manufacturing` — AI-Orchestrated Organization — Manufacturing<br>PM `pm_modern_organisation_17_building_manufacturing_unskilled` — AI-Orchestrated Organization — Manufacturing Unskilled
tech_land_infrastructure_18,tech_land_infrastructure,production,18,Continental Vacuum Rail,"Vacuum rail corridors span continents, linking major population and production centers through sealed high-speed networks. Geography still matters, but the practical distance between inland regions collapses.",tech_land_infrastructure_17,state_trade_capacity_mult=0.10; state_infrastructure_from_automobiles_consumption_add=0.40; state_infrastructure_from_locomotives_consumption_add=0.20; state_infrastructure_from_population_max_add=20,PM:pm_modern_automobiles_goods_manufacturing_5 | PM:pm_modern_locomotives_goods_manufacturing_3 | PM:pm_modern_car_design_infrastructure_3 | PM:pm_modern_rail_design_infrastructure_3 | PM:pm_modern_organisation_18_building_agriculture | PM:pm_modern_organisation_18_building_logging | PM:pm_modern_organisation_18_building_mining | PM:pm_modern_organisation_18_building_mining_oil | PM:pm_modern_organisation_18_building_manufacturing | PM:pm_modern_organisation_18_building_manufacturing_unskilled,New Era 11–20 technology; preserve current chain texture/category/AI-weight conventions. Generator re-reads source and preserves any upstream non-self prerequisites.,PM `pm_modern_automobiles_goods_manufacturing_5` — Vacuum-Corridor Vehicles<br>PM `pm_modern_locomotives_goods_manufacturing_3` — Adaptive Rail Vehicles<br>PM `pm_modern_car_design_infrastructure_3` — Vacuum-Corridor Ground Vehicles<br>PM `pm_modern_rail_design_infrastructure_3` — Adaptive Rail Networks<br>PM `pm_modern_organisation_18_building_agriculture` — Continental Transit Organization — Agriculture<br>PM `pm_modern_organisation_18_building_logging` — Continental Transit Organization — Logging<br>PM `pm_modern_organisation_18_building_mining` — Continental Transit Organization — Mining<br>PM `pm_modern_organisation_18_building_mining_oil` — Continental Transit Organization — Mining Oil<br>PM `pm_modern_organisation_18_building_manufacturing` — Continental Transit Organization — Manufacturing<br>PM `pm_modern_organisation_18_building_manufacturing_unskilled` — Continental Transit Organization — Manufacturing Unskilled
tech_land_infrastructure_19,tech_land_infrastructure,production,19,Adaptive Megainfrastructure,"Bridges, tunnels, roads, railways, utilities, and stations alter capacity and configuration in response to changing demand. Megainfrastructure becomes adaptive, allowing the built network to evolve without generations of demolition and replacement.",tech_land_infrastructure_18,state_trade_capacity_mult=0.10; state_infrastructure_from_automobiles_consumption_add=0.40; state_infrastructure_from_locomotives_consumption_add=0.20; state_infrastructure_from_population_max_add=20,PM:pm_modern_organisation_19_building_agriculture | PM:pm_modern_organisation_19_building_logging | PM:pm_modern_organisation_19_building_mining | PM:pm_modern_organisation_19_building_mining_oil | PM:pm_modern_organisation_19_building_manufacturing | PM:pm_modern_organisation_19_building_manufacturing_unskilled,New Era 11–20 technology; preserve current chain texture/category/AI-weight conventions. Generator re-reads source and preserves any upstream non-self prerequisites.,PM `pm_modern_organisation_19_building_agriculture` — Adaptive Megainfrastructure Organization — Agriculture<br>PM `pm_modern_organisation_19_building_logging` — Adaptive Megainfrastructure Organization — Logging<br>PM `pm_modern_organisation_19_building_mining` — Adaptive Megainfrastructure Organization — Mining<br>PM `pm_modern_organisation_19_building_mining_oil` — Adaptive Megainfrastructure Organization — Mining Oil<br>PM `pm_modern_organisation_19_building_manufacturing` — Adaptive Megainfrastructure Organization — Manufacturing<br>PM `pm_modern_organisation_19_building_manufacturing_unskilled` — Adaptive Megainfrastructure Organization — Manufacturing Unskilled
tech_land_infrastructure_20,tech_land_infrastructure,production,20,Integrated Planetary Transit,"Every major terrestrial transport mode is integrated into a shared scheduling and capacity system. Goods can cross a continent through road, rail, vacuum corridor, and local autonomous delivery without any participant treating those transfers as separate industries.",tech_land_infrastructure_19,state_trade_capacity_mult=0.10; state_infrastructure_from_automobiles_consumption_add=0.40; state_infrastructure_from_locomotives_consumption_add=0.20; state_infrastructure_from_population_max_add=20,PM:pm_modern_automobiles_goods_manufacturing_6 | PM:pm_modern_locomotives_goods_manufacturing_4 | PM:pm_modern_car_design_infrastructure_4 | PM:pm_modern_rail_design_infrastructure_4 | PM:pm_modern_organisation_20_building_agriculture | PM:pm_modern_organisation_20_building_logging | PM:pm_modern_organisation_20_building_mining | PM:pm_modern_organisation_20_building_mining_oil | PM:pm_modern_organisation_20_building_manufacturing | PM:pm_modern_organisation_20_building_manufacturing_unskilled,New Era 11–20 technology; preserve current chain texture/category/AI-weight conventions. Generator re-reads source and preserves any upstream non-self prerequisites.,PM `pm_modern_automobiles_goods_manufacturing_6` — Integrated Planetary Vehicles<br>PM `pm_modern_locomotives_goods_manufacturing_4` — Planetary Transit Vehicles<br>PM `pm_modern_car_design_infrastructure_4` — Planetary Mobility Vehicles<br>PM `pm_modern_rail_design_infrastructure_4` — Planetary Transit Rail<br>PM `pm_modern_organisation_20_building_agriculture` — Integrated Planetary Organization — Agriculture<br>PM `pm_modern_organisation_20_building_logging` — Integrated Planetary Organization — Logging<br>PM `pm_modern_organisation_20_building_mining` — Integrated Planetary Organization — Mining<br>PM `pm_modern_organisation_20_building_mining_oil` — Integrated Planetary Organization — Mining Oil<br>PM `pm_modern_organisation_20_building_manufacturing` — Integrated Planetary Organization — Manufacturing<br>PM `pm_modern_organisation_20_building_manufacturing_unskilled` — Integrated Planetary Organization — Manufacturing Unskilled
tech_manufacturing_11,tech_manufacturing,production,11,Lights-Out Megafactories,"Factories operate for long periods without people on the production floor, with robots handling materials, inspection, tool changes, and internal logistics. Human work moves toward engineering, supervision, design, and exceptional maintenance.",tech_manufacturing_10,,PM:pm_modern_wood_goods_logging_11 | PM:pm_modern_automation_11_building_manufacturing | PM:pm_modern_automation_11_building_machinery_manufacturing | PM:pm_modern_automation_11_building_manufacturing_unskilled,New Era 11–20 technology; preserve current chain texture/category/AI-weight conventions. Generator re-reads source and preserves any upstream non-self prerequisites.,PM `pm_modern_wood_goods_logging_11` — Autonomous Timber Harvesting<br>PM `pm_modern_automation_11_building_manufacturing` — Lights-Out Automation — Machinists Line<br>PM `pm_modern_automation_11_building_machinery_manufacturing` — Lights-Out Automation — Machinists Line<br>PM `pm_modern_automation_11_building_manufacturing_unskilled` — Lights-Out Automation — Laborers Line
tech_manufacturing_12,tech_manufacturing,production,12,Adaptive Robotic Production,Robotic lines reconfigure themselves for new products instead of being rebuilt around every model change. Manufacturing plants can shift output quickly enough for industrial capacity to follow demand rather than lag years behind it.,tech_manufacturing_11,,PM:pm_modern_wood_goods_logging_12 | PM:pm_modern_engines_goods_manufacturing_1 | PM:pm_modern_industrial_robots_goods_manufacturing_1 | PM:pm_modern_automation_12_building_manufacturing | PM:pm_modern_automation_12_building_machinery_manufacturing | PM:pm_modern_automation_12_building_manufacturing_unskilled,New Era 11–20 technology; preserve current chain texture/category/AI-weight conventions. Generator re-reads source and preserves any upstream non-self prerequisites.,PM `pm_modern_wood_goods_logging_12` — Precision Forest Processing<br>PM `pm_modern_engines_goods_manufacturing_1` — Adaptive Industrial Engines<br>PM `pm_modern_industrial_robots_goods_manufacturing_1` — Adaptive Industrial Robots<br>PM `pm_modern_automation_12_building_manufacturing` — Adaptive Robotic Automation — Machinists Line<br>PM `pm_modern_automation_12_building_machinery_manufacturing` — Adaptive Robotic Automation — Machinists Line<br>PM `pm_modern_automation_12_building_manufacturing_unskilled` — Adaptive Robotic Automation — Laborers Line
tech_manufacturing_13,tech_manufacturing,production,13,Additive Industrial Fabrication,"Additive systems manufacture finished industrial components with complex internal structures that machining could never produce economically. Tooling matters less, while digital designs become an increasingly direct input into physical production.",tech_manufacturing_12,,PM:pm_modern_wood_goods_logging_13 | PM:pm_modern_automation_13_building_manufacturing | PM:pm_modern_automation_13_building_machinery_manufacturing | PM:pm_modern_automation_13_building_manufacturing_unskilled,New Era 11–20 technology; preserve current chain texture/category/AI-weight conventions. Generator re-reads source and preserves any upstream non-self prerequisites.,PM `pm_modern_wood_goods_logging_13` — Robotic Silviculture<br>PM `pm_modern_automation_13_building_manufacturing` — Additive Production Automation — Machinists Line<br>PM `pm_modern_automation_13_building_machinery_manufacturing` — Additive Production Automation — Machinists Line<br>PM `pm_modern_automation_13_building_manufacturing_unskilled` — Additive Production Automation — Laborers Line
tech_manufacturing_14,tech_manufacturing,production,14,Molecular Assembly Lines,"Molecularly precise processes begin to assemble critical components at scales where conventional cutting, casting, and deposition are too crude. The factory floor expands downward into the structure of matter itself.",tech_manufacturing_13,,PM:pm_modern_wood_goods_logging_14 | PM:pm_modern_automation_14_building_manufacturing | PM:pm_modern_automation_14_building_machinery_manufacturing | PM:pm_modern_automation_14_building_manufacturing_unskilled,New Era 11–20 technology; preserve current chain texture/category/AI-weight conventions. Generator re-reads source and preserves any upstream non-self prerequisites.,PM `pm_modern_wood_goods_logging_14` — In-Situ Wood Processing<br>PM `pm_modern_automation_14_building_manufacturing` — Molecular Assembly Automation — Machinists Line<br>PM `pm_modern_automation_14_building_machinery_manufacturing` — Molecular Assembly Automation — Machinists Line<br>PM `pm_modern_automation_14_building_manufacturing_unskilled` — Molecular Assembly Automation — Laborers Line
tech_manufacturing_15,tech_manufacturing,production,15,Self-Reconfiguring Factories,"Machines, work cells, and material flows reorganize automatically when products, demand, or equipment availability change. A factory becomes less a fixed arrangement of lines than a physical system that continuously rewrites its own layout.",tech_manufacturing_14,,PM:pm_modern_wood_goods_logging_15 | PM:pm_modern_engines_goods_manufacturing_2 | PM:pm_modern_industrial_robots_goods_manufacturing_2 | PM:pm_modern_automation_15_building_manufacturing | PM:pm_modern_automation_15_building_machinery_manufacturing | PM:pm_modern_automation_15_building_manufacturing_unskilled,New Era 11–20 technology; preserve current chain texture/category/AI-weight conventions. Generator re-reads source and preserves any upstream non-self prerequisites.,PM `pm_modern_wood_goods_logging_15` — Closed-Loop Timber Industry<br>PM `pm_modern_engines_goods_manufacturing_2` — High-Density Electric Drives<br>PM `pm_modern_industrial_robots_goods_manufacturing_2` — Self-Reconfiguring Industrial Robots<br>PM `pm_modern_automation_15_building_manufacturing` — Self-Reconfiguring Automation — Machinists Line<br>PM `pm_modern_automation_15_building_machinery_manufacturing` — Self-Reconfiguring Automation — Machinists Line<br>PM `pm_modern_automation_15_building_manufacturing_unskilled` — Self-Reconfiguring Automation — Laborers Line
tech_manufacturing_16,tech_manufacturing,production,16,Bioindustrial Manufacturing,"Engineered organisms manufacture chemicals, fibers, composites, pharmaceuticals, and specialized feedstocks alongside mechanical production. Industrial biotechnology moves from niche fermentation into the core of the manufacturing economy.",tech_manufacturing_15,,PM:pm_modern_wood_goods_logging_16 | PM:pm_modern_automation_16_building_manufacturing | PM:pm_modern_automation_16_building_machinery_manufacturing | PM:pm_modern_automation_16_building_manufacturing_unskilled,New Era 11–20 technology; preserve current chain texture/category/AI-weight conventions. Generator re-reads source and preserves any upstream non-self prerequisites.,PM `pm_modern_wood_goods_logging_16` — Climate-Managed Forestry<br>PM `pm_modern_automation_16_building_manufacturing` — Bioindustrial Automation — Machinists Line<br>PM `pm_modern_automation_16_building_machinery_manufacturing` — Bioindustrial Automation — Machinists Line<br>PM `pm_modern_automation_16_building_manufacturing_unskilled` — Bioindustrial Automation — Laborers Line
tech_manufacturing_17,tech_manufacturing,production,17,Autonomous Industrial Ecosystems,"Factories negotiate orders, energy, maintenance, inventories, and logistics with other factories without waiting for human scheduling. Industrial regions begin behaving like autonomous productive ecosystems rather than collections of separate firms.",tech_manufacturing_16,,PM:pm_modern_wood_goods_logging_17 | PM:pm_modern_automation_17_building_manufacturing | PM:pm_modern_automation_17_building_machinery_manufacturing | PM:pm_modern_automation_17_building_manufacturing_unskilled,New Era 11–20 technology; preserve current chain texture/category/AI-weight conventions. Generator re-reads source and preserves any upstream non-self prerequisites.,PM `pm_modern_wood_goods_logging_17` — Self-Replicating Logging Systems<br>PM `pm_modern_automation_17_building_manufacturing` — Autonomous Industrial Automation — Machinists Line<br>PM `pm_modern_automation_17_building_machinery_manufacturing` — Autonomous Industrial Automation — Machinists Line<br>PM `pm_modern_automation_17_building_manufacturing_unskilled` — Autonomous Industrial Automation — Laborers Line
tech_manufacturing_18,tech_manufacturing,production,18,Programmable Matter Production,Programmable matter allows components to acquire form and function late in the production process. Inventory can be held as versatile feedstock whose final geometry is decided only when demand is known.,tech_manufacturing_17,,PM:pm_modern_wood_goods_logging_18 | PM:pm_modern_engines_goods_manufacturing_3 | PM:pm_modern_industrial_robots_goods_manufacturing_3 | PM:pm_modern_automation_18_building_manufacturing | PM:pm_modern_automation_18_building_machinery_manufacturing | PM:pm_modern_automation_18_building_manufacturing_unskilled,New Era 11–20 technology; preserve current chain texture/category/AI-weight conventions. Generator re-reads source and preserves any upstream non-self prerequisites.,PM `pm_modern_wood_goods_logging_18` — Adaptive Forest Industry<br>PM `pm_modern_engines_goods_manufacturing_3` — Fusion-Electric Industrial Drives<br>PM `pm_modern_industrial_robots_goods_manufacturing_3` — Autonomous Fabrication Swarms<br>PM `pm_modern_automation_18_building_manufacturing` — Programmable-Matter Automation — Machinists Line<br>PM `pm_modern_automation_18_building_machinery_manufacturing` — Programmable-Matter Automation — Machinists Line<br>PM `pm_modern_automation_18_building_manufacturing_unskilled` — Programmable-Matter Automation — Laborers Line
tech_manufacturing_19,tech_manufacturing,production,19,Distributed Megafabrication,Networks of compact advanced factories distribute sophisticated production across many locations while sharing designs and capacity. Industrial resilience comes from replication and coordination instead of concentrating every critical process in a handful of giant plants.,tech_manufacturing_18,,PM:pm_modern_wood_goods_logging_19 | PM:pm_modern_automation_19_building_manufacturing | PM:pm_modern_automation_19_building_machinery_manufacturing | PM:pm_modern_automation_19_building_manufacturing_unskilled,New Era 11–20 technology; preserve current chain texture/category/AI-weight conventions. Generator re-reads source and preserves any upstream non-self prerequisites.,PM `pm_modern_wood_goods_logging_19` — Programmable Timber Ecologies<br>PM `pm_modern_automation_19_building_manufacturing` — Distributed Megafabrication Automation — Machinists Line<br>PM `pm_modern_automation_19_building_machinery_manufacturing` — Distributed Megafabrication Automation — Machinists Line<br>PM `pm_modern_automation_19_building_manufacturing_unskilled` — Distributed Megafabrication Automation — Laborers Line
tech_manufacturing_20,tech_manufacturing,production,20,Universal Fabrication Systems,General-purpose fabrication systems can transform common feedstocks into an enormous range of finished industrial goods. Manufacturing approaches the long-promised ideal in which information specifies the product and machinery supplies the universal means of making it.,tech_manufacturing_19,,PM:pm_modern_wood_goods_logging_20 | PM:pm_modern_engines_goods_manufacturing_4 | PM:pm_modern_industrial_robots_goods_manufacturing_4 | PM:pm_modern_automation_20_building_manufacturing | PM:pm_modern_automation_20_building_machinery_manufacturing | PM:pm_modern_automation_20_building_manufacturing_unskilled,New Era 11–20 technology; preserve current chain texture/category/AI-weight conventions. Generator re-reads source and preserves any upstream non-self prerequisites.,PM `pm_modern_wood_goods_logging_20` — Universal Biomaterial Forestry<br>PM `pm_modern_engines_goods_manufacturing_4` — Universal Industrial Power Units<br>PM `pm_modern_industrial_robots_goods_manufacturing_4` — General-Purpose Industrial Fabricators<br>PM `pm_modern_automation_20_building_manufacturing` — Universal Fabrication Automation — Machinists Line<br>PM `pm_modern_automation_20_building_machinery_manufacturing` — Universal Fabrication Automation — Machinists Line<br>PM `pm_modern_automation_20_building_manufacturing_unskilled` — Universal Fabrication Automation — Laborers Line
tech_military_airforce_11,tech_military_airforce,military,11,Adaptive Air Superiority,"Adaptive flight controls, sensor fusion, and networked weapons allow combat aircraft to alter tactics faster than human staffs can issue new doctrine. Air superiority becomes a contest between systems that continuously learn the geometry of the battlespace.",tech_military_airforce_10,,UNIT:combat_unit_type_airforce_11,New Era 11–20 technology; preserve current chain texture/category/AI-weight conventions. Generator re-reads source and preserves any upstream non-self prerequisites.,Unit `combat_unit_type_airforce_11` — Adaptive Air Superiority Fighter
tech_military_airforce_12,tech_military_airforce,military,12,Hypersonic Air Warfare,Hypersonic combat aircraft compress warning times to minutes and can strike or reposition across theater distances before conventional defenses can react. Air warfare begins to resemble guided orbital mechanics conducted inside the atmosphere.,tech_military_airforce_11,,PM:pm_modern_warplanes_goods_manufacturing_1 | UNIT:combat_unit_type_airforce_12,New Era 11–20 technology; preserve current chain texture/category/AI-weight conventions. Generator re-reads source and preserves any upstream non-self prerequisites.,PM `pm_modern_warplanes_goods_manufacturing_1` — Adaptive Combat Airframes<br>Unit `combat_unit_type_airforce_12` — Hypersonic Strike Fighter
tech_military_airforce_13,tech_military_airforce,military,13,Autonomous Combat Aviation,Uncrewed combat aircraft become capable of carrying out complex air-to-air and strike missions without remote pilots micromanaging every maneuver. Human commanders specify objectives while machines conduct much of the actual fight.,tech_military_airforce_12,,UNIT:combat_unit_type_airforce_13,New Era 11–20 technology; preserve current chain texture/category/AI-weight conventions. Generator re-reads source and preserves any upstream non-self prerequisites.,Unit `combat_unit_type_airforce_13` — Autonomous Air Superiority Aircraft
tech_military_airforce_14,tech_military_airforce,military,14,Loyal-Wingman Swarms,"Manned command aircraft operate with swarms of cheaper autonomous wingmen that scout, jam, decoy, intercept, and attack as a coordinated pack. The tactical unit is no longer a single aircraft but a distributed airborne system.",tech_military_airforce_13,,UNIT:combat_unit_type_airforce_14,New Era 11–20 technology; preserve current chain texture/category/AI-weight conventions. Generator re-reads source and preserves any upstream non-self prerequisites.,Unit `combat_unit_type_airforce_14` — Swarm Carrier Aircraft
tech_military_airforce_15,tech_military_airforce,military,15,Directed-Energy Air Combat,"Compact directed-energy weapons give aircraft magazines limited more by power and heat than by missile count. Interception, point defense, and close-range combat increasingly reward electrical generation and thermal management.",tech_military_airforce_14,,PM:pm_modern_warplanes_goods_manufacturing_2 | UNIT:combat_unit_type_airforce_15,New Era 11–20 technology; preserve current chain texture/category/AI-weight conventions. Generator re-reads source and preserves any upstream non-self prerequisites.,PM `pm_modern_warplanes_goods_manufacturing_2` — Autonomous Combat Airframes<br>Unit `combat_unit_type_airforce_15` — Directed-Energy Combat Aircraft
tech_military_airforce_16,tech_military_airforce,military,16,Stratospheric Air Dominance,"Combat aircraft exploit the thin air of the stratosphere for speed, range, and sensor coverage, forcing air-defense networks to guard a battlespace extending far above traditional aviation altitudes.",tech_military_airforce_15,,UNIT:combat_unit_type_airforce_16,New Era 11–20 technology; preserve current chain texture/category/AI-weight conventions. Generator re-reads source and preserves any upstream non-self prerequisites.,Unit `combat_unit_type_airforce_16` — Stratospheric Combat Aircraft
tech_military_airforce_17,tech_military_airforce,military,17,Near-Space Interception,Aircraft able to operate at the edge of space can threaten both atmospheric and low-orbit targets. Air defense and space defense begin to merge as the same interceptor may fight on either side of the conventional boundary.,tech_military_airforce_16,,UNIT:combat_unit_type_airforce_17,New Era 11–20 technology; preserve current chain texture/category/AI-weight conventions. Generator re-reads source and preserves any upstream non-self prerequisites.,Unit `combat_unit_type_airforce_17` — Near-Space Interceptor
tech_military_airforce_18,tech_military_airforce,military,18,Fusion-Powered Combat Aviation,"Fusion power gives military aerospace vehicles enormous electrical reserves and endurance, supporting high-energy sensors, directed weapons, and sustained high-speed operation without the fuel burden of chemical aviation.",tech_military_airforce_17,,PM:pm_modern_warplanes_goods_manufacturing_3 | UNIT:combat_unit_type_airforce_18,New Era 11–20 technology; preserve current chain texture/category/AI-weight conventions. Generator re-reads source and preserves any upstream non-self prerequisites.,PM `pm_modern_warplanes_goods_manufacturing_3` — Near-Space Combat Airframes<br>Unit `combat_unit_type_airforce_18` — Fusion-Powered Aerospace Fighter
tech_military_airforce_19,tech_military_airforce,military,19,Orbital-Atmospheric Warfare,"Military aerospace doctrine integrates aircraft, reusable orbital vehicles, satellites, and near-space platforms into one battlespace. A strike can descend from orbit, climb from the atmosphere, or transition between the two during the same operation.",tech_military_airforce_18,,UNIT:combat_unit_type_airforce_19,New Era 11–20 technology; preserve current chain texture/category/AI-weight conventions. Generator re-reads source and preserves any upstream non-self prerequisites.,Unit `combat_unit_type_airforce_19` — Orbital-Atmospheric Interceptor
tech_military_airforce_20,tech_military_airforce,military,20,Autonomous Aerospace Supremacy,"Autonomous aerospace platforms coordinate interception, strike, electronic warfare, and reconnaissance at machine speed across planetary distances. Human command remains strategic; tactical air combat becomes overwhelmingly computational.",tech_military_airforce_19,,PM:pm_modern_warplanes_goods_manufacturing_4 | UNIT:combat_unit_type_airforce_20,New Era 11–20 technology; preserve current chain texture/category/AI-weight conventions. Generator re-reads source and preserves any upstream non-self prerequisites.,PM `pm_modern_warplanes_goods_manufacturing_4` — Fusion Aerospace Combat Platforms<br>Unit `combat_unit_type_airforce_20` — Autonomous Aerospace Combat Platform
tech_military_ground_forces_11,tech_military_ground_forces,military,11,Integrated Battlefield Networks,"Every squad, vehicle, drone, sensor, and support weapon participates in a shared battlefield network. Infantry fight with a continuously updated picture of threats and friendly forces rather than isolated reports passed up and down a chain of command.",tech_military_ground_forces_10,,UNIT:combat_unit_type_infantry_11,New Era 11–20 technology; preserve current chain texture/category/AI-weight conventions. Generator re-reads source and preserves any upstream non-self prerequisites.,Unit `combat_unit_type_infantry_11` — Networked Combat Infantry
tech_military_ground_forces_12,tech_military_ground_forces,military,12,Powered Infantry,"Powered exoskeletons let infantry carry heavier armor, sensors, weapons, and supplies without sacrificing mobility. The individual soldier becomes a platform capable of sustaining loads once reserved for vehicles.",tech_military_ground_forces_11,,PM:pm_modern_small_arms_goods_manufacturing_1 | UNIT:combat_unit_type_infantry_12 | MOB:mobilization_option_modern_autonomous_recon,New Era 11–20 technology; preserve current chain texture/category/AI-weight conventions. Generator re-reads source and preserves any upstream non-self prerequisites.,PM `pm_modern_small_arms_goods_manufacturing_1` — Smart Infantry Weapons<br>Unit `combat_unit_type_infantry_12` — Powered Exoskeleton Infantry<br>Mobilization `mobilization_option_modern_autonomous_recon` — Autonomous Reconnaissance Swarms
tech_military_ground_forces_13,tech_military_ground_forces,military,13,Autonomous Ground Combat,Autonomous vehicles and robotic combat systems move from support roles into the center of maneuver warfare. Human troops increasingly direct formations in which many of the platforms taking fire contain no crew at all.,tech_military_ground_forces_12,,PM:pm_modern_tanks_goods_manufacturing_1 | UNIT:combat_unit_type_infantry_13,New Era 11–20 technology; preserve current chain texture/category/AI-weight conventions. Generator re-reads source and preserves any upstream non-self prerequisites.,PM `pm_modern_tanks_goods_manufacturing_1` — Autonomous Armored Vehicles<br>Unit `combat_unit_type_infantry_13` — Autonomous Mechanized Infantry
tech_military_ground_forces_14,tech_military_ground_forces,military,14,Drone-Saturated Warfare,"Cheap reconnaissance and attack drones saturate the battlespace from treetop height to the tactical rear. Concealment, movement, logistics, and air defense must all adapt to the assumption that observation is persistent and expendable.",tech_military_ground_forces_13,,UNIT:combat_unit_type_infantry_14,New Era 11–20 technology; preserve current chain texture/category/AI-weight conventions. Generator re-reads source and preserves any upstream non-self prerequisites.,Unit `combat_unit_type_infantry_14` — Drone-Integrated Infantry
tech_military_ground_forces_15,tech_military_ground_forces,military,15,Directed-Energy Ground Weapons,"Portable high-energy weapons provide infantry and vehicles with rapid, precise fire against drones, sensors, light vehicles, and exposed positions. Power generation and cooling become as important to combat endurance as ammunition supply.",tech_military_ground_forces_14,,PM:pm_modern_small_arms_goods_manufacturing_2 | UNIT:combat_unit_type_infantry_15 | MOB:mobilization_option_modern_powered_infantry,New Era 11–20 technology; preserve current chain texture/category/AI-weight conventions. Generator re-reads source and preserves any upstream non-self prerequisites.,PM `pm_modern_small_arms_goods_manufacturing_2` — Directed-Energy Small Arms<br>Unit `combat_unit_type_infantry_15` — Directed-Energy Infantry<br>Mobilization `mobilization_option_modern_powered_infantry` — Powered Infantry Support
tech_military_ground_forces_16,tech_military_ground_forces,military,16,Adaptive Combat Armor,"Armor incorporates active protection, adaptive materials, multispectral camouflage, and automated damage control. Survivability depends less on adding passive mass and more on defeating an attack before or as it reaches the vehicle.",tech_military_ground_forces_15,,PM:pm_modern_tanks_goods_manufacturing_2 | UNIT:combat_unit_type_infantry_16,New Era 11–20 technology; preserve current chain texture/category/AI-weight conventions. Generator re-reads source and preserves any upstream non-self prerequisites.,PM `pm_modern_tanks_goods_manufacturing_2` — Adaptive Combat Armor<br>Unit `combat_unit_type_infantry_16` — Adaptive Armor Infantry
tech_military_ground_forces_17,tech_military_ground_forces,military,17,Cognitive Battlefield Systems,"Machine assistants fuse sensor data, predict enemy action, allocate fires, and warn soldiers before threats are consciously understood. The battlefield becomes cognitively manageable only because software filters an otherwise impossible volume of information.",tech_military_ground_forces_16,,UNIT:combat_unit_type_infantry_17,New Era 11–20 technology; preserve current chain texture/category/AI-weight conventions. Generator re-reads source and preserves any upstream non-self prerequisites.,Unit `combat_unit_type_infantry_17` — Cognitive Battlefield Infantry
tech_military_ground_forces_18,tech_military_ground_forces,military,18,Self-Sustaining Expeditionary Warfare,"Advanced logistics, fabrication, medicine, and energy systems let expeditionary forces sustain themselves for far longer with fewer vulnerable supply convoys. Operational reach grows as armies carry productive capacity with them.",tech_military_ground_forces_17,,PM:pm_modern_small_arms_goods_manufacturing_3 | UNIT:combat_unit_type_infantry_18 | MOB:mobilization_option_modern_directed_energy_weapons,New Era 11–20 technology; preserve current chain texture/category/AI-weight conventions. Generator re-reads source and preserves any upstream non-self prerequisites.,PM `pm_modern_small_arms_goods_manufacturing_3` — Adaptive Infantry Weapons<br>Unit `combat_unit_type_infantry_18` — Self-Sustaining Expeditionary Infantry<br>Mobilization `mobilization_option_modern_directed_energy_weapons` — Directed-Energy Weapons
tech_military_ground_forces_19,tech_military_ground_forces,military,19,Synthetic Combined Arms,"Biological troops, autonomous machines, drones, armor, fires, and synthetic decision systems are organized as a single combined-arms organism. The distinction between branch, platform, and weapon becomes less important than how the whole system behaves.",tech_military_ground_forces_18,,PM:pm_modern_tanks_goods_manufacturing_3 | UNIT:combat_unit_type_infantry_19,New Era 11–20 technology; preserve current chain texture/category/AI-weight conventions. Generator re-reads source and preserves any upstream non-self prerequisites.,PM `pm_modern_tanks_goods_manufacturing_3` — Synthetic Combined-Arms Vehicles<br>Unit `combat_unit_type_infantry_19` — Synthetic Combined-Arms Infantry
tech_military_ground_forces_20,tech_military_ground_forces,military,20,Post-Human Ground Warfare,Enhanced soldiers and autonomous systems operate together at reaction speeds and endurance beyond unaugmented human limits. Ground warfare reaches a point where the definition of 'infantry' describes a battlefield function more than a purely biological person.,tech_military_ground_forces_19,,PM:pm_modern_small_arms_goods_manufacturing_4 | PM:pm_modern_tanks_goods_manufacturing_4 | UNIT:combat_unit_type_infantry_20 | MOB:mobilization_option_modern_autonomous_ground_logistics,New Era 11–20 technology; preserve current chain texture/category/AI-weight conventions. Generator re-reads source and preserves any upstream non-self prerequisites.,PM `pm_modern_small_arms_goods_manufacturing_4` — Post-Human Infantry Weapons<br>PM `pm_modern_tanks_goods_manufacturing_4` — Post-Human Ground Platforms<br>Unit `combat_unit_type_infantry_20` — Post-Human Combat Infantry<br>Mobilization `mobilization_option_modern_autonomous_ground_logistics` — Autonomous Ground Logistics
tech_military_naval_forces_11,tech_military_naval_forces,military,11,Autonomous Blue-Water Fleets,"Surface ships, submarines, aircraft, and uncrewed vessels coordinate as distributed fleets rather than relying on a few crewed flagships. Naval power becomes harder to destroy because sensing and firepower are dispersed across the ocean.",tech_military_naval_forces_10,,SHIP:ship_type_submarine_11 | SHIP:ship_type_destroyer_11 | SHIP:ship_type_cruiser_11 | SHIP:ship_type_battleship_11 | SHIP:ship_type_aircraft_carrier_9,New Era 11–20 technology; preserve current chain texture/category/AI-weight conventions. Generator re-reads source and preserves any upstream non-self prerequisites.,Ship `ship_type_submarine_11` — Autonomous Attack Submarine<br>Ship `ship_type_destroyer_11` — Autonomous Fleet Destroyer<br>Ship `ship_type_cruiser_11` — Autonomous Missile Cruiser<br>Ship `ship_type_battleship_11` — Autonomous Missile Battleship<br>Ship `ship_type_aircraft_carrier_9` — Autonomous Supercarrier
tech_military_naval_forces_12,tech_military_naval_forces,military,12,Hypersonic Naval Warfare,Hypersonic weapons give ships the ability to strike moving targets across enormous distances with extremely short warning. Naval defense must detect and decide faster than any twentieth-century command structure was built to manage.,tech_military_naval_forces_11,,SHIP:ship_type_submarine_12 | SHIP:ship_type_destroyer_12 | SHIP:ship_type_cruiser_12 | SHIP:ship_type_battleship_12 | SHIP:ship_type_aircraft_carrier_10,New Era 11–20 technology; preserve current chain texture/category/AI-weight conventions. Generator re-reads source and preserves any upstream non-self prerequisites.,Ship `ship_type_submarine_12` — Hypersonic Arsenal Submarine<br>Ship `ship_type_destroyer_12` — Hypersonic Defense Destroyer<br>Ship `ship_type_cruiser_12` — Hypersonic Arsenal Cruiser<br>Ship `ship_type_battleship_12` — Hypersonic Battleship<br>Ship `ship_type_aircraft_carrier_10` — Hypersonic Aviation Carrier
tech_military_naval_forces_13,tech_military_naval_forces,military,13,Uncrewed Surface Combatants,"Large uncrewed combatants carry missiles, sensors, decoys, and drones into dangerous waters without risking hundreds of sailors. Fleet mass can grow without proportionally growing manpower or political sensitivity to losses.",tech_military_naval_forces_12,,SHIP:ship_type_submarine_13 | SHIP:ship_type_destroyer_13 | SHIP:ship_type_cruiser_13 | SHIP:ship_type_battleship_13 | SHIP:ship_type_aircraft_carrier_11,New Era 11–20 technology; preserve current chain texture/category/AI-weight conventions. Generator re-reads source and preserves any upstream non-self prerequisites.,Ship `ship_type_submarine_13` — Uncrewed Hunter Submarine<br>Ship `ship_type_destroyer_13` — Uncrewed Missile Destroyer<br>Ship `ship_type_cruiser_13` — Uncrewed Arsenal Cruiser<br>Ship `ship_type_battleship_13` — Uncrewed Arsenal Battleship<br>Ship `ship_type_aircraft_carrier_11` — Uncrewed Air Wing Carrier
tech_military_naval_forces_14,tech_military_naval_forces,military,14,Drone Carrier Fleets,"Carriers evolve from airports at sea into mobile command nodes for enormous swarms of autonomous aircraft and surface vehicles. The air wing becomes more numerous, expendable, and persistent than any crewed force could be.",tech_military_naval_forces_13,,SHIP:ship_type_submarine_14 | SHIP:ship_type_destroyer_14 | SHIP:ship_type_cruiser_14 | SHIP:ship_type_battleship_14 | SHIP:ship_type_aircraft_carrier_12,New Era 11–20 technology; preserve current chain texture/category/AI-weight conventions. Generator re-reads source and preserves any upstream non-self prerequisites.,Ship `ship_type_submarine_14` — Drone Carrier Submarine<br>Ship `ship_type_destroyer_14` — Drone Screen Destroyer<br>Ship `ship_type_cruiser_14` — Drone Carrier Cruiser<br>Ship `ship_type_battleship_14` — Drone Battleship<br>Ship `ship_type_aircraft_carrier_12` — Drone Supercarrier
tech_military_naval_forces_15,tech_military_naval_forces,military,15,Directed-Energy Warships,"High-energy lasers and electromagnetic weapons transform point defense and surface combat. Ships become electrical weapons platforms whose combat endurance increasingly depends on reactors, capacitors, and cooling systems.",tech_military_naval_forces_14,,SHIP:ship_type_submarine_15 | SHIP:ship_type_destroyer_15 | SHIP:ship_type_cruiser_15 | SHIP:ship_type_battleship_15 | SHIP:ship_type_aircraft_carrier_13,New Era 11–20 technology; preserve current chain texture/category/AI-weight conventions. Generator re-reads source and preserves any upstream non-self prerequisites.,Ship `ship_type_submarine_15` — Metamaterial Stealth Submarine<br>Ship `ship_type_destroyer_15` — Directed-Energy Destroyer<br>Ship `ship_type_cruiser_15` — Directed-Energy Cruiser<br>Ship `ship_type_battleship_15` — Directed-Energy Battleship<br>Ship `ship_type_aircraft_carrier_13` — Directed-Energy Fleet Carrier
tech_military_naval_forces_16,tech_military_naval_forces,military,16,Fusion Naval Propulsion,Fusion propulsion frees major warships from much of the fuel logistics that once constrained deployment. Fleets can remain on station for extraordinary periods while powering sensors and weapons far beyond the capacity of conventional engines.,tech_military_naval_forces_15,,SHIP:ship_type_submarine_16 | SHIP:ship_type_destroyer_16 | SHIP:ship_type_cruiser_16 | SHIP:ship_type_battleship_16 | SHIP:ship_type_aircraft_carrier_14,New Era 11–20 technology; preserve current chain texture/category/AI-weight conventions. Generator re-reads source and preserves any upstream non-self prerequisites.,Ship `ship_type_submarine_16` — Fusion Attack Submarine<br>Ship `ship_type_destroyer_16` — Fusion Fleet Destroyer<br>Ship `ship_type_cruiser_16` — Fusion Battlecruiser<br>Ship `ship_type_battleship_16` — Fusion Battleship<br>Ship `ship_type_aircraft_carrier_14` — Fusion Supercarrier
tech_military_naval_forces_17,tech_military_naval_forces,military,17,Deep-Ocean Stealth Warfare,"Advanced coatings, quiet propulsion, distributed sensors, and autonomous navigation push naval competition deeper below the surface. Submarines and unmanned undersea systems contest parts of the ocean that surface fleets can scarcely observe.",tech_military_naval_forces_16,,SHIP:ship_type_submarine_17 | SHIP:ship_type_destroyer_17 | SHIP:ship_type_cruiser_17 | SHIP:ship_type_battleship_17 | SHIP:ship_type_aircraft_carrier_15,New Era 11–20 technology; preserve current chain texture/category/AI-weight conventions. Generator re-reads source and preserves any upstream non-self prerequisites.,Ship `ship_type_submarine_17` — Abyssal Sensor Submarine<br>Ship `ship_type_destroyer_17` — Adaptive Escort Destroyer<br>Ship `ship_type_cruiser_17` — Deep-Ocean Control Cruiser<br>Ship `ship_type_battleship_17` — Adaptive Armor Battleship<br>Ship `ship_type_aircraft_carrier_15` — Near-Space Aerospace Carrier
tech_military_naval_forces_18,tech_military_naval_forces,military,18,Near-Space Naval Integration,"Naval forces integrate near-space sensors, interceptors, and communications directly into fleet operations. The horizon of a warship expands from the curvature of the Earth to the orbital infrastructure above it.",tech_military_naval_forces_17,,SHIP:ship_type_submarine_18 | SHIP:ship_type_destroyer_18 | SHIP:ship_type_cruiser_18 | SHIP:ship_type_battleship_18 | SHIP:ship_type_aircraft_carrier_16,New Era 11–20 technology; preserve current chain texture/category/AI-weight conventions. Generator re-reads source and preserves any upstream non-self prerequisites.,Ship `ship_type_submarine_18` — Near-Space Linked Submarine<br>Ship `ship_type_destroyer_18` — Orbital-Linked Destroyer<br>Ship `ship_type_cruiser_18` — Orbital-Linked Cruiser<br>Ship `ship_type_battleship_18` — Orbital Fire-Control Battleship<br>Ship `ship_type_aircraft_carrier_16` — Orbital-Linked Carrier
tech_military_naval_forces_19,tech_military_naval_forces,military,19,Self-Sustaining Oceanic Fleets,"Automated maintenance, fabrication, food systems, and logistics allow fleets to remain at sea for months or years with minimal port support. Oceanic presence becomes persistent rather than a sequence of deployments between shore bases.",tech_military_naval_forces_18,,SHIP:ship_type_submarine_19 | SHIP:ship_type_destroyer_19 | SHIP:ship_type_cruiser_19 | SHIP:ship_type_battleship_19 | SHIP:ship_type_aircraft_carrier_17,New Era 11–20 technology; preserve current chain texture/category/AI-weight conventions. Generator re-reads source and preserves any upstream non-self prerequisites.,Ship `ship_type_submarine_19` — Self-Sustaining Deep-Ocean Submarine<br>Ship `ship_type_destroyer_19` — Self-Sustaining Escort Destroyer<br>Ship `ship_type_cruiser_19` — Self-Sustaining Command Cruiser<br>Ship `ship_type_battleship_19` — Self-Sustaining Dreadnought<br>Ship `ship_type_aircraft_carrier_17` — Self-Sustaining Oceanic Carrier
tech_military_naval_forces_20,tech_military_naval_forces,military,20,Planetary Maritime Dominance,"Mature autonomous fleets combine deep-ocean systems, aerospace assets, directed energy, and enormous endurance into a planetary maritime network. Command of the sea means controlling the entire oceanic information and logistics environment, not merely defeating enemy ships in battle.",tech_military_naval_forces_19,,SHIP:ship_type_submarine_20 | SHIP:ship_type_destroyer_20 | SHIP:ship_type_cruiser_20 | SHIP:ship_type_battleship_20 | SHIP:ship_type_aircraft_carrier_18,New Era 11–20 technology; preserve current chain texture/category/AI-weight conventions. Generator re-reads source and preserves any upstream non-self prerequisites.,Ship `ship_type_submarine_20` — Pelagic Dominance Submarine<br>Ship `ship_type_destroyer_20` — Planetary Defense Destroyer<br>Ship `ship_type_cruiser_20` — Planetary Control Cruiser<br>Ship `ship_type_battleship_20` — Planetary Dominance Battleship<br>Ship `ship_type_aircraft_carrier_18` — Planetary Aerospace Carrier
tech_military_navy_doctrine_11,tech_military_navy_doctrine,military,11,Distributed Maritime Operations,Fleets disperse sensors and weapons across many platforms while remaining connected strongly enough to fight as one force. Concentration of effect replaces concentration of hulls.,tech_military_navy_doctrine_10,country_admiral_rank_impact_mult=0.10; ship_ship_type_supply_ship_supply_capacity_mult=0.05,,New Era 11–20 technology; preserve current chain texture/category/AI-weight conventions. Generator re-reads source and preserves any upstream non-self prerequisites.,—
tech_military_navy_doctrine_12,tech_military_navy_doctrine,military,12,Autonomous Fleet Command,"Machine commanders handle routing, formation geometry, threat assignment, and local engagements at speeds impossible for a human bridge team. Admirals increasingly command objectives and risk rather than individual maneuvers.",tech_military_navy_doctrine_11,country_admiral_rank_impact_mult=0.10; ship_ship_type_supply_ship_supply_capacity_mult=0.05,,New Era 11–20 technology; preserve current chain texture/category/AI-weight conventions. Generator re-reads source and preserves any upstream non-self prerequisites.,—
tech_military_navy_doctrine_13,tech_military_navy_doctrine,military,13,Machine-Speed Sea Control,"Automated sensor fusion and weapons coordination shorten the naval decision cycle to seconds. Victory depends on whose network can identify, classify, and engage first without collapsing into friendly fire or false targets.",tech_military_navy_doctrine_12,country_admiral_rank_impact_mult=0.10; ship_ship_type_supply_ship_supply_capacity_mult=0.05,,New Era 11–20 technology; preserve current chain texture/category/AI-weight conventions. Generator re-reads source and preserves any upstream non-self prerequisites.,—
tech_military_navy_doctrine_14,tech_military_navy_doctrine,military,14,Deep-Ocean Denial Doctrine,"Submarines, unmanned undersea systems, mines, and long-range weapons are coordinated to make whole ocean regions costly to enter. Sea denial becomes persistent and distributed rather than dependent on a battle fleet waiting over the horizon.",tech_military_navy_doctrine_13,country_admiral_rank_impact_mult=0.10; ship_ship_type_supply_ship_supply_capacity_mult=0.05,,New Era 11–20 technology; preserve current chain texture/category/AI-weight conventions. Generator re-reads source and preserves any upstream non-self prerequisites.,—
tech_military_navy_doctrine_15,tech_military_navy_doctrine,military,15,Persistent Global Presence,Long-endurance platforms and autonomous logistics make global naval presence continuous. A fleet can pressure multiple theaters without repeatedly returning its core combat power to port.,tech_military_navy_doctrine_14,country_admiral_rank_impact_mult=0.10; ship_ship_type_supply_ship_supply_capacity_mult=0.05,,New Era 11–20 technology; preserve current chain texture/category/AI-weight conventions. Generator re-reads source and preserves any upstream non-self prerequisites.,—
tech_military_navy_doctrine_16,tech_military_navy_doctrine,military,16,Integrated Orbital-Maritime Awareness,"Orbital sensors and maritime networks create an integrated picture of ships, aircraft, weather, communications, and emissions across vast areas. Hiding a fleet becomes a campaign of deception rather than a simple matter of distance.",tech_military_navy_doctrine_15,country_admiral_rank_impact_mult=0.10; ship_ship_type_supply_ship_supply_capacity_mult=0.05,,New Era 11–20 technology; preserve current chain texture/category/AI-weight conventions. Generator re-reads source and preserves any upstream non-self prerequisites.,—
tech_military_navy_doctrine_17,tech_military_navy_doctrine,military,17,Cognitive Fleet Warfare,"Command systems model enemy intent, likely movements, and engagement outcomes continuously. Naval warfare becomes a contest not only of firepower but of competing machine interpretations of the same uncertain ocean.",tech_military_navy_doctrine_16,country_admiral_rank_impact_mult=0.10; ship_ship_type_supply_ship_supply_capacity_mult=0.05,,New Era 11–20 technology; preserve current chain texture/category/AI-weight conventions. Generator re-reads source and preserves any upstream non-self prerequisites.,—
tech_military_navy_doctrine_18,tech_military_navy_doctrine,military,18,Planetary Sea Control,"Doctrine expands from controlling sea lanes to controlling the planetary maritime system: surface, subsurface, coastal infrastructure, orbital support, logistics, and data. Operations are planned as effects across this entire network.",tech_military_navy_doctrine_17,country_admiral_rank_impact_mult=0.10; ship_ship_type_supply_ship_supply_capacity_mult=0.05,,New Era 11–20 technology; preserve current chain texture/category/AI-weight conventions. Generator re-reads source and preserves any upstream non-self prerequisites.,—
tech_military_navy_doctrine_19,tech_military_navy_doctrine,military,19,Interplanetary Naval Logistics,"Navies learn to sustain forces across cislunar and interplanetary supply chains, where maritime logistics principles are applied to spacecraft, orbital depots, and off-world bases. Distance again becomes strategic, only on a much larger map.",tech_military_navy_doctrine_18,country_admiral_rank_impact_mult=0.10; ship_ship_type_supply_ship_supply_capacity_mult=0.05,,New Era 11–20 technology; preserve current chain texture/category/AI-weight conventions. Generator re-reads source and preserves any upstream non-self prerequisites.,—
tech_military_navy_doctrine_20,tech_military_navy_doctrine,military,20,Autonomous Grand Fleet Doctrine,"Human admirals oversee fleets that can plan, maneuver, replenish, and fight for extended periods with limited direct intervention. Grand strategy remains political; the execution of maritime power approaches autonomous institutional behavior.",tech_military_navy_doctrine_19,country_admiral_rank_impact_mult=0.10; ship_ship_type_supply_ship_supply_capacity_mult=0.05,,New Era 11–20 technology; preserve current chain texture/category/AI-weight conventions. Generator re-reads source and preserves any upstream non-self prerequisites.,—
tech_military_nuclear_11,tech_military_nuclear,military,11,Precision Strategic Yield,"Advanced warhead design allows destructive effect to be tailored with unprecedented precision, from hardened military targets to strategic area denial. Nuclear planning shifts from choosing among crude yields toward engineering the exact physical consequences desired.",tech_military_nuclear_10,battle_defense_owned_province_mult=0.05; battle_offense_owned_province_mult=0.05; battle_combat_width_mult=0.05; country_authority_mult=0.05,,New Era 11–20 technology; preserve current chain texture/category/AI-weight conventions. Generator re-reads source and preserves any upstream non-self prerequisites.,—
tech_military_nuclear_12,tech_military_nuclear,military,12,Adaptive Nuclear Deterrence,"Deterrent forces continuously alter basing, alert posture, decoys, and delivery patterns in response to surveillance and enemy defenses. Strategic stability becomes a dynamic machine-managed problem rather than a static balance of arsenals.",tech_military_nuclear_11,,PM:pm_modern_nuclear_type_3,New Era 11–20 technology; preserve current chain texture/category/AI-weight conventions. Generator re-reads source and preserves any upstream non-self prerequisites.,PM `pm_modern_nuclear_type_3` — Pure-Fusion Warheads
tech_military_nuclear_13,tech_military_nuclear,military,13,Hypersonic Nuclear Delivery,Hypersonic and fractional-orbital delivery systems make interception extraordinarily difficult and compress political decision time. Nuclear command systems must remain credible under conditions where warning may arrive only moments before impact.,tech_military_nuclear_12,battle_defense_owned_province_mult=0.05; battle_offense_owned_province_mult=0.05; battle_combat_width_mult=0.05; country_authority_mult=0.05,,New Era 11–20 technology; preserve current chain texture/category/AI-weight conventions. Generator re-reads source and preserves any upstream non-self prerequisites.,—
tech_military_nuclear_14,tech_military_nuclear,military,14,Low-Fallout Strategic Weapons,"Cleaner fusion-dominant designs reduce residual fallout relative to traditional high-yield weapons, making limited strategic use more technically conceivable even if its political consequences remain catastrophic.",tech_military_nuclear_13,battle_defense_owned_province_mult=0.05; battle_offense_owned_province_mult=0.05; battle_combat_width_mult=0.05; country_authority_mult=0.05,,New Era 11–20 technology; preserve current chain texture/category/AI-weight conventions. Generator re-reads source and preserves any upstream non-self prerequisites.,—
tech_military_nuclear_15,tech_military_nuclear,military,15,Autonomous Strategic Command,"Machine-assisted command systems authenticate orders, model escalation, protect communications, and manage dispersed arsenals under attack. The central challenge becomes using automation without allowing an algorithm to acquire the authority to begin the end of civilization.",tech_military_nuclear_14,,PM:pm_modern_nuclear_type_4,New Era 11–20 technology; preserve current chain texture/category/AI-weight conventions. Generator re-reads source and preserves any upstream non-self prerequisites.,PM `pm_modern_nuclear_type_4` — Antimatter-Catalyzed Fusion Warheads
tech_military_nuclear_16,tech_military_nuclear,military,16,Deep-Penetration Nuclear Systems,"Earth-penetrating and specialized nuclear systems threaten deeply buried command centers, hardened launch complexes, and subterranean infrastructure. Physical depth no longer guarantees strategic sanctuary.",tech_military_nuclear_15,battle_defense_owned_province_mult=0.05; battle_offense_owned_province_mult=0.05; battle_combat_width_mult=0.05; country_authority_mult=0.05,,New Era 11–20 technology; preserve current chain texture/category/AI-weight conventions. Generator re-reads source and preserves any upstream non-self prerequisites.,—
tech_military_nuclear_17,tech_military_nuclear,military,17,Orbital Deterrence Architecture,Orbital surveillance and delivery architecture extends deterrence beyond terrestrial basing. The strategic balance now includes platforms whose trajectories and endurance are measured against the geometry of near-Earth space.,tech_military_nuclear_16,battle_defense_owned_province_mult=0.05; battle_offense_owned_province_mult=0.05; battle_combat_width_mult=0.05; country_authority_mult=0.05,,New Era 11–20 technology; preserve current chain texture/category/AI-weight conventions. Generator re-reads source and preserves any upstream non-self prerequisites.,—
tech_military_nuclear_18,tech_military_nuclear,military,18,Exotic-Isotope Warheads,"Rare nuclear isomers and exotic trigger mechanisms permit warheads with radically different storage, initiation, and yield characteristics. Strategic arsenals diversify beyond the familiar engineering families of fission and thermonuclear weapons.",tech_military_nuclear_17,,PM:pm_modern_nuclear_type_5,New Era 11–20 technology; preserve current chain texture/category/AI-weight conventions. Generator re-reads source and preserves any upstream non-self prerequisites.,PM `pm_modern_nuclear_type_5` — Isomer-Triggered Nuclear Weapons
tech_military_nuclear_19,tech_military_nuclear,military,19,Planetary Strategic Weapons,Weapon yields and delivery systems become capable of devastating regions on a scale that can permanently alter planetary economies and environments. Possession is less a military advantage than an assertion that no conventional defeat can be allowed to remain conventional.,tech_military_nuclear_18,battle_defense_owned_province_mult=0.05; battle_offense_owned_province_mult=0.05; battle_combat_width_mult=0.05; country_authority_mult=0.05,,New Era 11–20 technology; preserve current chain texture/category/AI-weight conventions. Generator re-reads source and preserves any upstream non-self prerequisites.,—
tech_military_nuclear_20,tech_military_nuclear,military,20,Ultimate Deterrence Systems,"The mature strategic complex combines extreme-yield weapons, resilient command networks, orbital assets, and automated retaliation into a deterrent system designed to survive almost any first strike. Its technical perfection is inseparable from the horror of what that perfection guarantees.",tech_military_nuclear_19,,PM:pm_modern_nuclear_type_6,New Era 11–20 technology; preserve current chain texture/category/AI-weight conventions. Generator re-reads source and preserves any upstream non-self prerequisites.,PM `pm_modern_nuclear_type_6` — Planetary-Yield Thermonuclear Weapons
tech_military_space_program_11,tech_military_space_program,military,11,Permanent Lunar Industry,"Permanent industrial settlements on the Moon extract local materials, manufacture bulk structures, and support operations without importing every kilogram from Earth. Space ceases to be only a destination and becomes a productive geography.",tech_military_space_program_10,country_prestige_from_army_power_projection_mult=0.03; country_influence_mult=0.05; country_leverage_generation_mult=0.05; unit_navy_experience_gain_mult=0.05; unit_army_experience_gain_mult=0.05,,New Era 11–20 technology; preserve current chain texture/category/AI-weight conventions. Generator re-reads source and preserves any upstream non-self prerequisites.,—
tech_military_space_program_12,tech_military_space_program,military,12,Orbital Shipyards,"Large orbital yards assemble spacecraft too massive or fragile to be launched from a planetary surface in one piece. Ships are built where they are intended to operate, changing the economics of every mission beyond low orbit.",tech_military_space_program_11,,PM:pm_modern_nuclear_rocket_2,New Era 11–20 technology; preserve current chain texture/category/AI-weight conventions. Generator re-reads source and preserves any upstream non-self prerequisites.,PM `pm_modern_nuclear_rocket_2` — Hypersonic Fractional-Orbital Delivery
tech_military_space_program_13,tech_military_space_program,military,13,Cislunar Logistics,"Depots, tugs, navigation networks, and standardized transfer vehicles turn the Earth-Moon system into a routine logistics space. Missions no longer begin as isolated expeditions carrying everything they will ever need.",tech_military_space_program_12,country_prestige_from_army_power_projection_mult=0.03; country_influence_mult=0.05; country_leverage_generation_mult=0.05; unit_navy_experience_gain_mult=0.05; unit_army_experience_gain_mult=0.05,,New Era 11–20 technology; preserve current chain texture/category/AI-weight conventions. Generator re-reads source and preserves any upstream non-self prerequisites.,—
tech_military_space_program_14,tech_military_space_program,military,14,Mars Expedition Architecture,"Reusable transports, surface power, pre-positioned supplies, and orbital staging make sustained Mars expeditions possible. The problem changes from reaching Mars once to maintaining a continuing human and industrial presence there.",tech_military_space_program_13,country_prestige_from_army_power_projection_mult=0.03; country_influence_mult=0.05; country_leverage_generation_mult=0.05; unit_navy_experience_gain_mult=0.05; unit_army_experience_gain_mult=0.05,,New Era 11–20 technology; preserve current chain texture/category/AI-weight conventions. Generator re-reads source and preserves any upstream non-self prerequisites.,—
tech_military_space_program_15,tech_military_space_program,military,15,Planetary Colonisation Systems,"Settlement technology integrates closed ecosystems, local resource extraction, radiation protection, and autonomous industry. Off-world colonies become capable of surviving disruptions in the supply line from Earth rather than functioning as distant research stations.",tech_military_space_program_14,,PM:pm_modern_nuclear_rocket_3,New Era 11–20 technology; preserve current chain texture/category/AI-weight conventions. Generator re-reads source and preserves any upstream non-self prerequisites.,PM `pm_modern_nuclear_rocket_3` — Reusable Orbital Strike Vehicles
tech_military_space_program_16,tech_military_space_program,military,16,Asteroid Resource Networks,"Robotic and human industry spreads through near-Earth asteroids, converting extraterrestrial metals, volatiles, and carbon into fuel and construction feedstock. The Solar System begins supplying its own expansion.",tech_military_space_program_15,country_prestige_from_army_power_projection_mult=0.03; country_influence_mult=0.05; country_leverage_generation_mult=0.05; unit_navy_experience_gain_mult=0.05; unit_army_experience_gain_mult=0.05,,New Era 11–20 technology; preserve current chain texture/category/AI-weight conventions. Generator re-reads source and preserves any upstream non-self prerequisites.,—
tech_military_space_program_17,tech_military_space_program,military,17,Outer-Planet Infrastructure,"Power stations, communications, scientific facilities, and resource outposts extend into the outer planets. Distance measured in astronomical units becomes an infrastructure problem civilization has learned to plan around.",tech_military_space_program_16,country_prestige_from_army_power_projection_mult=0.03; country_influence_mult=0.05; country_leverage_generation_mult=0.05; unit_navy_experience_gain_mult=0.05; unit_army_experience_gain_mult=0.05,,New Era 11–20 technology; preserve current chain texture/category/AI-weight conventions. Generator re-reads source and preserves any upstream non-self prerequisites.,—
tech_military_space_program_18,tech_military_space_program,military,18,Fusion Deep-Space Propulsion,High-power fusion propulsion cuts travel times and expands payload capacity throughout the Solar System. Deep-space missions cease to be slow coast phases interrupted by brief burns and become sustained journeys under power.,tech_military_space_program_17,,PM:pm_modern_nuclear_rocket_4,New Era 11–20 technology; preserve current chain texture/category/AI-weight conventions. Generator re-reads source and preserves any upstream non-self prerequisites.,PM `pm_modern_nuclear_rocket_4` — Cislunar Strategic Delivery
tech_military_space_program_19,tech_military_space_program,military,19,Interplanetary Strategic Logistics,"Military, civilian, and commercial logistics networks connect planets, moons, asteroids, depots, and orbital habitats. Strategic power now depends partly on the ability to sustain activity across millions of kilometers of space.",tech_military_space_program_18,country_prestige_from_army_power_projection_mult=0.03; country_influence_mult=0.05; country_leverage_generation_mult=0.05; unit_navy_experience_gain_mult=0.05; unit_army_experience_gain_mult=0.05,,New Era 11–20 technology; preserve current chain texture/category/AI-weight conventions. Generator re-reads source and preserves any upstream non-self prerequisites.,—
tech_military_space_program_20,tech_military_space_program,military,20,Solar-System Civilisation,"Humanity possesses permanent, economically connected settlements and industrial systems throughout the Solar System. Spaceflight is no longer a special national program; it is one of the ordinary foundations on which civilization itself depends.",tech_military_space_program_19,,PM:pm_modern_nuclear_rocket_5,New Era 11–20 technology; preserve current chain texture/category/AI-weight conventions. Generator re-reads source and preserves any upstream non-self prerequisites.,PM `pm_modern_nuclear_rocket_5` — Interplanetary Strategic Delivery
tech_military_support_11,tech_military_support,military,11,Networked Fire Control,"Artillery, drones, radars, infantry observers, and command systems share targeting data continuously. Fire missions can be assigned to the weapon best positioned to deliver them before a traditional fire-direction center would finish processing the request.",tech_military_support_10,,PM:pm_modern_ammunition_goods_manufacturing_1 | UNIT:combat_unit_type_artillery_11 | MOB:mobilization_option_modern_ai_battle_management,New Era 11–20 technology; preserve current chain texture/category/AI-weight conventions. Generator re-reads source and preserves any upstream non-self prerequisites.,PM `pm_modern_ammunition_goods_manufacturing_1` — Networked Precision Munitions<br>Unit `combat_unit_type_artillery_11` — Networked Precision Artillery<br>Mobilization `mobilization_option_modern_ai_battle_management` — AI Battle Management
tech_military_support_12,tech_military_support,military,12,Electromagnetic Artillery,Railguns and other electromagnetic launchers deliver projectiles at extreme velocity without relying on conventional propellant for every shot. Electrical infrastructure begins to substitute for ammunition chemistry in heavy fires.,tech_military_support_11,,PM:pm_modern_artillery_goods_manufacturing_1 | PM:pm_modern_advanced_weaponry_goods_manufacturing_1 | UNIT:combat_unit_type_artillery_12,New Era 11–20 technology; preserve current chain texture/category/AI-weight conventions. Generator re-reads source and preserves any upstream non-self prerequisites.,PM `pm_modern_artillery_goods_manufacturing_1` — Electromagnetic Artillery Systems<br>PM `pm_modern_advanced_weaponry_goods_manufacturing_1` — Directed-Energy Weapon Systems<br>Unit `combat_unit_type_artillery_12` — Electromagnetic Artillery
tech_military_support_13,tech_military_support,military,13,Precision Fires Networks,Precision-guided munitions become cheap and networked enough that accuracy is expected of routine artillery rather than reserved for scarce specialist weapons. Batteries attack individual vehicles and apertures at ranges once used only for area bombardment.,tech_military_support_12,,UNIT:combat_unit_type_artillery_13,New Era 11–20 technology; preserve current chain texture/category/AI-weight conventions. Generator re-reads source and preserves any upstream non-self prerequisites.,Unit `combat_unit_type_artillery_13` — Autonomous Precision Artillery
tech_military_support_14,tech_military_support,military,14,Autonomous Artillery,"Robotic guns and missile batteries displace themselves, reload, diagnose faults, and execute fire plans with minimal crews. Counter-battery warfare becomes a contest between autonomous systems trying to shoot and vanish faster than the enemy can locate them.",tech_military_support_13,,PM:pm_modern_ammunition_goods_manufacturing_2 | UNIT:combat_unit_type_artillery_14 | MOB:mobilization_option_modern_regenerative_field_medicine,New Era 11–20 technology; preserve current chain texture/category/AI-weight conventions. Generator re-reads source and preserves any upstream non-self prerequisites.,PM `pm_modern_ammunition_goods_manufacturing_2` — Autonomous Guided Munitions<br>Unit `combat_unit_type_artillery_14` — Robotic Fires Platform<br>Mobilization `mobilization_option_modern_regenerative_field_medicine` — Regenerative Field Medicine
tech_military_support_15,tech_military_support,military,15,Hypersonic Fires,Hypersonic ground-launched weapons give theater forces the ability to strike time-sensitive targets hundreds or thousands of kilometers away. Operational fires blur into what previous generations would have called strategic attack.,tech_military_support_14,,PM:pm_modern_artillery_goods_manufacturing_2 | PM:pm_modern_advanced_weaponry_goods_manufacturing_2 | UNIT:combat_unit_type_artillery_15,New Era 11–20 technology; preserve current chain texture/category/AI-weight conventions. Generator re-reads source and preserves any upstream non-self prerequisites.,PM `pm_modern_artillery_goods_manufacturing_2` — Hypersonic Fire Systems<br>PM `pm_modern_advanced_weaponry_goods_manufacturing_2` — Hypersonic Strategic Weaponry<br>Unit `combat_unit_type_artillery_15` — Hypersonic Missile Artillery
tech_military_support_16,tech_military_support,military,16,Swarm Munitions,"Large salvos of inexpensive cooperating munitions overwhelm defenses by sharing targets, routes, and sensor data. The individual projectile matters less than the behavior of the swarm.",tech_military_support_15,,UNIT:combat_unit_type_artillery_16,New Era 11–20 technology; preserve current chain texture/category/AI-weight conventions. Generator re-reads source and preserves any upstream non-self prerequisites.,Unit `combat_unit_type_artillery_16` — Swarm Munition Artillery
tech_military_support_17,tech_military_support,military,17,Directed-Energy Support Weapons,"High-energy beams provide rapid support against drones, missiles, exposed sensors, and lightly protected targets. Artillery formations become mixed energy-and-projectile systems with very different logistics from traditional gun lines.",tech_military_support_16,,PM:pm_modern_ammunition_goods_manufacturing_3 | UNIT:combat_unit_type_artillery_17 | MOB:mobilization_option_modern_loitering_munition_swarms,New Era 11–20 technology; preserve current chain texture/category/AI-weight conventions. Generator re-reads source and preserves any upstream non-self prerequisites.,PM `pm_modern_ammunition_goods_manufacturing_3` — Swarm Munitions<br>Unit `combat_unit_type_artillery_17` — Directed-Energy Artillery<br>Mobilization `mobilization_option_modern_loitering_munition_swarms` — Loitering Munition Swarms
tech_military_support_18,tech_military_support,military,18,Orbital Reconnaissance Fires,Orbital sensors deliver persistent targeting and battle-damage information directly to ground fire networks. The sensor-to-shooter chain can cross space and return a firing solution before a target has moved far enough to matter.,tech_military_support_17,,PM:pm_modern_artillery_goods_manufacturing_3 | PM:pm_modern_advanced_weaponry_goods_manufacturing_3 | UNIT:combat_unit_type_artillery_18,New Era 11–20 technology; preserve current chain texture/category/AI-weight conventions. Generator re-reads source and preserves any upstream non-self prerequisites.,PM `pm_modern_artillery_goods_manufacturing_3` — Orbital-Linked Artillery<br>PM `pm_modern_advanced_weaponry_goods_manufacturing_3` — Exotic-Energy Weaponry<br>Unit `combat_unit_type_artillery_18` — Orbital-Linked Fire Support
tech_military_support_19,tech_military_support,military,19,Cognitive Fire Support,"Cognitive fire-control systems predict movement, choose ammunition, deconflict airspace, and coordinate massed effects across entire fronts. Human commanders define intent while software manages the impossible arithmetic of modern fires.",tech_military_support_18,,UNIT:combat_unit_type_artillery_19,New Era 11–20 technology; preserve current chain texture/category/AI-weight conventions. Generator re-reads source and preserves any upstream non-self prerequisites.,Unit `combat_unit_type_artillery_19` — Cognitive Artillery Platform
tech_military_support_20,tech_military_support,military,20,Planetary Precision Fires,Planetary sensor networks and long-range precision weapons allow ground forces to contribute fires across continental distances. Artillery becomes less a weapon located behind a brigade and more a distributed strategic fire network.,tech_military_support_19,,PM:pm_modern_ammunition_goods_manufacturing_4 | PM:pm_modern_artillery_goods_manufacturing_4 | PM:pm_modern_advanced_weaponry_goods_manufacturing_4 | UNIT:combat_unit_type_artillery_20 | MOB:mobilization_option_modern_quantum_command_network,New Era 11–20 technology; preserve current chain texture/category/AI-weight conventions. Generator re-reads source and preserves any upstream non-self prerequisites.,PM `pm_modern_ammunition_goods_manufacturing_4` — Programmable Munitions<br>PM `pm_modern_artillery_goods_manufacturing_4` — Planetary Precision Fire Systems<br>PM `pm_modern_advanced_weaponry_goods_manufacturing_4` — Planetary Strategic Weapon Systems<br>Unit `combat_unit_type_artillery_20` — Planetary Precision Artillery<br>Mobilization `mobilization_option_modern_quantum_command_network` — Quantum Command Network
tech_military_theory_11,tech_military_theory,military,11,Multi-Domain Operations,"Land, air, sea, space, cyber, and information operations are planned as mutually dependent parts of a single campaign. A commander seeks to create dilemmas across domains rather than win each battlefield in isolation.",tech_military_theory_10,state_conscription_rate_mult=0.05; unit_morale_recovery_mult=0.05; unit_army_defense_mult=0.05; country_war_exhaustion_casualties_mult=-0.05; military_formation_organization_gain_mult=0.05; state_building_barrack_max_level_add=10; state_building_conscription_center_max_level_add=10,,New Era 11–20 technology; preserve current chain texture/category/AI-weight conventions. Generator re-reads source and preserves any upstream non-self prerequisites.,—
tech_military_theory_12,tech_military_theory,military,12,Machine-Speed Command,Command networks process intelligence and issue local coordination at machine speed while preserving human authority over objectives and escalation. The tempo of operations accelerates beyond what voice reports and staff meetings can sustain.,tech_military_theory_11,state_conscription_rate_mult=0.05; unit_morale_recovery_mult=0.05; unit_army_defense_mult=0.05; country_war_exhaustion_casualties_mult=-0.05; military_formation_organization_gain_mult=0.05; state_building_barrack_max_level_add=10; state_building_conscription_center_max_level_add=10,,New Era 11–20 technology; preserve current chain texture/category/AI-weight conventions. Generator re-reads source and preserves any upstream non-self prerequisites.,—
tech_military_theory_13,tech_military_theory,military,13,Distributed Mission Command,Units receive broad intent and operate through resilient local networks even when higher headquarters is jammed or destroyed. Central planning and decentralized initiative are reconciled through shared data and machine support.,tech_military_theory_12,state_conscription_rate_mult=0.05; unit_morale_recovery_mult=0.05; unit_army_defense_mult=0.05; country_war_exhaustion_casualties_mult=-0.05; military_formation_organization_gain_mult=0.05; state_building_barrack_max_level_add=10; state_building_conscription_center_max_level_add=10,,New Era 11–20 technology; preserve current chain texture/category/AI-weight conventions. Generator re-reads source and preserves any upstream non-self prerequisites.,—
tech_military_theory_14,tech_military_theory,military,14,Autonomous Operational Art,"Operational plans are continuously recalculated as autonomous systems report losses, opportunities, and changing terrain. Campaign design becomes a living process running throughout the battle rather than a document completed before it.",tech_military_theory_13,state_conscription_rate_mult=0.05; unit_morale_recovery_mult=0.05; unit_army_defense_mult=0.05; country_war_exhaustion_casualties_mult=-0.05; military_formation_organization_gain_mult=0.05; state_building_barrack_max_level_add=10; state_building_conscription_center_max_level_add=10,,New Era 11–20 technology; preserve current chain texture/category/AI-weight conventions. Generator re-reads source and preserves any upstream non-self prerequisites.,—
tech_military_theory_15,tech_military_theory,military,15,Cognitive Warfare,"Military power is directed at perception, decision quality, social cohesion, and machine inference as deliberately as it is directed at physical forces. Deception and information warfare target both human minds and the algorithms helping them think.",tech_military_theory_14,state_conscription_rate_mult=0.05; unit_morale_recovery_mult=0.05; unit_army_defense_mult=0.05; country_war_exhaustion_casualties_mult=-0.05; military_formation_organization_gain_mult=0.05; state_building_barrack_max_level_add=10; state_building_conscription_center_max_level_add=10,,New Era 11–20 technology; preserve current chain texture/category/AI-weight conventions. Generator re-reads source and preserves any upstream non-self prerequisites.,—
tech_military_theory_16,tech_military_theory,military,16,Resilient Battlespace Theory,"Doctrine assumes communications, satellites, logistics, and command centers will be attacked from the first moment of war. Forces are designed to degrade gracefully instead of depending on a perfectly functioning information environment.",tech_military_theory_15,state_conscription_rate_mult=0.05; unit_morale_recovery_mult=0.05; unit_army_defense_mult=0.05; country_war_exhaustion_casualties_mult=-0.05; military_formation_organization_gain_mult=0.05; state_building_barrack_max_level_add=10; state_building_conscription_center_max_level_add=10,,New Era 11–20 technology; preserve current chain texture/category/AI-weight conventions. Generator re-reads source and preserves any upstream non-self prerequisites.,—
tech_military_theory_17,tech_military_theory,military,17,Human-Machine Command,"Human commanders and synthetic staff systems divide planning according to comparative advantage: machines explore vast option spaces while people judge political purpose, acceptable risk, and moral responsibility.",tech_military_theory_16,state_conscription_rate_mult=0.05; unit_morale_recovery_mult=0.05; unit_army_defense_mult=0.05; country_war_exhaustion_casualties_mult=-0.05; military_formation_organization_gain_mult=0.05; state_building_barrack_max_level_add=10; state_building_conscription_center_max_level_add=10,,New Era 11–20 technology; preserve current chain texture/category/AI-weight conventions. Generator re-reads source and preserves any upstream non-self prerequisites.,—
tech_military_theory_18,tech_military_theory,military,18,Planetary Campaigning,"Campaigns span the planet as routine logistics, sensing, and strike capabilities erase many traditional theater boundaries. Regional wars can be reinforced and influenced directly from almost anywhere on Earth.",tech_military_theory_17,state_conscription_rate_mult=0.05; unit_morale_recovery_mult=0.05; unit_army_defense_mult=0.05; country_war_exhaustion_casualties_mult=-0.05; military_formation_organization_gain_mult=0.05; state_building_barrack_max_level_add=10; state_building_conscription_center_max_level_add=10,,New Era 11–20 technology; preserve current chain texture/category/AI-weight conventions. Generator re-reads source and preserves any upstream non-self prerequisites.,—
tech_military_theory_19,tech_military_theory,military,19,Interplanetary Strategy,"Strategy incorporates planets, moons, orbital routes, communication delay, and extraterrestrial industry. The fundamental questions of lines of communication and concentration of force return on scales no terrestrial general ever confronted.",tech_military_theory_18,state_conscription_rate_mult=0.05; unit_morale_recovery_mult=0.05; unit_army_defense_mult=0.05; country_war_exhaustion_casualties_mult=-0.05; military_formation_organization_gain_mult=0.05; state_building_barrack_max_level_add=10; state_building_conscription_center_max_level_add=10,,New Era 11–20 technology; preserve current chain texture/category/AI-weight conventions. Generator re-reads source and preserves any upstream non-self prerequisites.,—
tech_military_theory_20,tech_military_theory,military,20,Post-Human Military Science,"Military science adapts to forces containing enhanced humans, autonomous machines, synthetic cognition, and weapons operating at machine reaction times. Doctrine must decide not merely how to command new tools, but what kinds of actors may legitimately exercise violence.",tech_military_theory_19,state_conscription_rate_mult=0.05; unit_morale_recovery_mult=0.05; unit_army_defense_mult=0.05; country_war_exhaustion_casualties_mult=-0.05; military_formation_organization_gain_mult=0.05; state_building_barrack_max_level_add=10; state_building_conscription_center_max_level_add=10,,New Era 11–20 technology; preserve current chain texture/category/AI-weight conventions. Generator re-reads source and preserves any upstream non-self prerequisites.,—
tech_mining_11,tech_mining,production,11,Autonomous Deep Mining,"Autonomous equipment follows ore bodies deep below the surface where heat, pressure, and distance make continuous human work dangerous and expensive. Mines expand downward while their control rooms remain far from the face.",tech_mining_10,,PM:pm_modern_coal_goods_mining_11 | PM:pm_modern_gold_goods_mining_11 | PM:pm_modern_iron_goods_mining_11 | PM:pm_modern_lead_goods_mining_11 | PM:pm_modern_oil_goods_mining_11 | PM:pm_modern_sulfur_goods_mining_11,New Era 11–20 technology; preserve current chain texture/category/AI-weight conventions. Generator re-reads source and preserves any upstream non-self prerequisites.,PM `pm_modern_coal_goods_mining_11` — Autonomous Deep Coal Extraction<br>PM `pm_modern_gold_goods_mining_11` — Autonomous Deep Gold Extraction<br>PM `pm_modern_iron_goods_mining_11` — Autonomous Deep Iron Extraction<br>PM `pm_modern_lead_goods_mining_11` — Autonomous Deep Lead Extraction<br>PM `pm_modern_oil_goods_mining_11` — Autonomous Deep Oil Extraction<br>PM `pm_modern_sulfur_goods_mining_11` — Autonomous Deep Sulfur Extraction
tech_mining_12,tech_mining,production,12,Precision Ore Sorting,Sensor-rich crushing and sorting systems separate valuable mineral grains before entire mountains of waste are hauled and processed. Mines produce more useful material by moving less useless rock.,tech_mining_11,,PM:pm_modern_coal_goods_mining_12 | PM:pm_modern_gold_goods_mining_12 | PM:pm_modern_iron_goods_mining_12 | PM:pm_modern_lead_goods_mining_12 | PM:pm_modern_oil_goods_mining_12 | PM:pm_modern_sulfur_goods_mining_12,New Era 11–20 technology; preserve current chain texture/category/AI-weight conventions. Generator re-reads source and preserves any upstream non-self prerequisites.,PM `pm_modern_coal_goods_mining_12` — Precision Coal Ore Processing<br>PM `pm_modern_gold_goods_mining_12` — Precision Gold Ore Processing<br>PM `pm_modern_iron_goods_mining_12` — Precision Iron Ore Processing<br>PM `pm_modern_lead_goods_mining_12` — Precision Lead Ore Processing<br>PM `pm_modern_oil_goods_mining_12` — Precision Oil Ore Processing<br>PM `pm_modern_sulfur_goods_mining_12` — Precision Sulfur Ore Processing
tech_mining_13,tech_mining,production,13,Robotic Subsurface Extraction,"Robotic drills, haulage, support systems, and inspection platforms turn underground extraction into a remotely supervised industrial process. Dangerous spaces are occupied by machines first and people only when necessary.",tech_mining_12,,PM:pm_modern_coal_goods_mining_13 | PM:pm_modern_gold_goods_mining_13 | PM:pm_modern_iron_goods_mining_13 | PM:pm_modern_lead_goods_mining_13 | PM:pm_modern_oil_goods_mining_13 | PM:pm_modern_sulfur_goods_mining_13,New Era 11–20 technology; preserve current chain texture/category/AI-weight conventions. Generator re-reads source and preserves any upstream non-self prerequisites.,PM `pm_modern_coal_goods_mining_13` — Robotic Subsurface Coal Extraction<br>PM `pm_modern_gold_goods_mining_13` — Robotic Subsurface Gold Extraction<br>PM `pm_modern_iron_goods_mining_13` — Robotic Subsurface Iron Extraction<br>PM `pm_modern_lead_goods_mining_13` — Robotic Subsurface Lead Extraction<br>PM `pm_modern_oil_goods_mining_13` — Robotic Subsurface Oil Extraction<br>PM `pm_modern_sulfur_goods_mining_13` — Robotic Subsurface Sulfur Extraction
tech_mining_14,tech_mining,production,14,In-Situ Resource Processing,"Ore is crushed, leached, separated, or transformed underground so that mines export concentrated products instead of immense volumes of low-value material. Processing becomes part of the geology-facing extraction system.",tech_mining_13,,PM:pm_modern_coal_goods_mining_14 | PM:pm_modern_gold_goods_mining_14 | PM:pm_modern_iron_goods_mining_14 | PM:pm_modern_lead_goods_mining_14 | PM:pm_modern_oil_goods_mining_14 | PM:pm_modern_sulfur_goods_mining_14,New Era 11–20 technology; preserve current chain texture/category/AI-weight conventions. Generator re-reads source and preserves any upstream non-self prerequisites.,PM `pm_modern_coal_goods_mining_14` — In-Situ Coal Recovery<br>PM `pm_modern_gold_goods_mining_14` — In-Situ Gold Recovery<br>PM `pm_modern_iron_goods_mining_14` — In-Situ Iron Recovery<br>PM `pm_modern_lead_goods_mining_14` — In-Situ Lead Recovery<br>PM `pm_modern_oil_goods_mining_14` — In-Situ Oil Recovery<br>PM `pm_modern_sulfur_goods_mining_14` — In-Situ Sulfur Recovery
tech_mining_15,tech_mining,production,15,Ultra-Deep Mining,Extreme-temperature machinery and advanced ground control reach deposits previously written off as too deep to exploit. The economically accessible crust extends kilometers farther beneath civilization.,tech_mining_14,,PM:pm_modern_coal_goods_mining_15 | PM:pm_modern_gold_goods_mining_15 | PM:pm_modern_iron_goods_mining_15 | PM:pm_modern_lead_goods_mining_15 | PM:pm_modern_oil_goods_mining_15 | PM:pm_modern_sulfur_goods_mining_15,New Era 11–20 technology; preserve current chain texture/category/AI-weight conventions. Generator re-reads source and preserves any upstream non-self prerequisites.,PM `pm_modern_coal_goods_mining_15` — Ultra-Deep Coal Extraction<br>PM `pm_modern_gold_goods_mining_15` — Ultra-Deep Gold Extraction<br>PM `pm_modern_iron_goods_mining_15` — Ultra-Deep Iron Extraction<br>PM `pm_modern_lead_goods_mining_15` — Ultra-Deep Lead Extraction<br>PM `pm_modern_oil_goods_mining_15` — Ultra-Deep Oil Extraction<br>PM `pm_modern_sulfur_goods_mining_15` — Ultra-Deep Sulfur Extraction
tech_mining_16,tech_mining,production,16,Bioleaching Megasystems,Engineered microbes dissolve and concentrate metals from low-grade ores and waste streams on industrial scales. Deposits once too diffuse for mechanical processing become useful biological feedstocks.,tech_mining_15,,PM:pm_modern_coal_goods_mining_16 | PM:pm_modern_gold_goods_mining_16 | PM:pm_modern_iron_goods_mining_16 | PM:pm_modern_lead_goods_mining_16 | PM:pm_modern_oil_goods_mining_16 | PM:pm_modern_sulfur_goods_mining_16,New Era 11–20 technology; preserve current chain texture/category/AI-weight conventions. Generator re-reads source and preserves any upstream non-self prerequisites.,PM `pm_modern_coal_goods_mining_16` — Bio-Optimized Coal Recovery<br>PM `pm_modern_gold_goods_mining_16` — Bio-Optimized Gold Recovery<br>PM `pm_modern_iron_goods_mining_16` — Bio-Optimized Iron Recovery<br>PM `pm_modern_lead_goods_mining_16` — Bio-Optimized Lead Recovery<br>PM `pm_modern_oil_goods_mining_16` — Bio-Optimized Oil Recovery<br>PM `pm_modern_sulfur_goods_mining_16` — Bio-Optimized Sulfur Recovery
tech_mining_17,tech_mining,production,17,Self-Replicating Mining Systems,"Mining systems manufacture replacement parts, expand tunnels, survey geology, and deploy new machines with little external labor. Remote extraction complexes begin to reproduce much of their own productive infrastructure.",tech_mining_16,,PM:pm_modern_coal_goods_mining_17 | PM:pm_modern_gold_goods_mining_17 | PM:pm_modern_iron_goods_mining_17 | PM:pm_modern_lead_goods_mining_17 | PM:pm_modern_oil_goods_mining_17 | PM:pm_modern_sulfur_goods_mining_17,New Era 11–20 technology; preserve current chain texture/category/AI-weight conventions. Generator re-reads source and preserves any upstream non-self prerequisites.,PM `pm_modern_coal_goods_mining_17` — Self-Replicating Coal Mining<br>PM `pm_modern_gold_goods_mining_17` — Self-Replicating Gold Mining<br>PM `pm_modern_iron_goods_mining_17` — Self-Replicating Iron Mining<br>PM `pm_modern_lead_goods_mining_17` — Self-Replicating Lead Mining<br>PM `pm_modern_oil_goods_mining_17` — Self-Replicating Oil Mining<br>PM `pm_modern_sulfur_goods_mining_17` — Self-Replicating Sulfur Mining
tech_mining_18,tech_mining,production,18,Crustal Resource Engineering,"Advanced drilling, fracture control, fluid circulation, and geophysical modeling treat the crust itself as an engineered resource system. Extraction no longer follows only naturally convenient veins and reservoirs.",tech_mining_17,,PM:pm_modern_coal_goods_mining_18 | PM:pm_modern_gold_goods_mining_18 | PM:pm_modern_iron_goods_mining_18 | PM:pm_modern_lead_goods_mining_18 | PM:pm_modern_oil_goods_mining_18 | PM:pm_modern_sulfur_goods_mining_18,New Era 11–20 technology; preserve current chain texture/category/AI-weight conventions. Generator re-reads source and preserves any upstream non-self prerequisites.,PM `pm_modern_coal_goods_mining_18` — Crustal Coal Resource Engineering<br>PM `pm_modern_gold_goods_mining_18` — Crustal Gold Resource Engineering<br>PM `pm_modern_iron_goods_mining_18` — Crustal Iron Resource Engineering<br>PM `pm_modern_lead_goods_mining_18` — Crustal Lead Resource Engineering<br>PM `pm_modern_oil_goods_mining_18` — Crustal Oil Resource Engineering<br>PM `pm_modern_sulfur_goods_mining_18` — Crustal Sulfur Resource Engineering
tech_mining_19,tech_mining,production,19,Planetary Resource Mapping,"Planetary sensing integrates seismic tomography, orbital spectroscopy, borehole data, and machine inference into detailed maps of resources far below the surface. Prospecting becomes less an art of finding clues and more a science of seeing through rock.",tech_mining_18,,PM:pm_modern_coal_goods_mining_19 | PM:pm_modern_gold_goods_mining_19 | PM:pm_modern_iron_goods_mining_19 | PM:pm_modern_lead_goods_mining_19 | PM:pm_modern_oil_goods_mining_19 | PM:pm_modern_sulfur_goods_mining_19,New Era 11–20 technology; preserve current chain texture/category/AI-weight conventions. Generator re-reads source and preserves any upstream non-self prerequisites.,PM `pm_modern_coal_goods_mining_19` — Planetary Coal Prospecting<br>PM `pm_modern_gold_goods_mining_19` — Planetary Gold Prospecting<br>PM `pm_modern_iron_goods_mining_19` — Planetary Iron Prospecting<br>PM `pm_modern_lead_goods_mining_19` — Planetary Lead Prospecting<br>PM `pm_modern_oil_goods_mining_19` — Planetary Oil Prospecting<br>PM `pm_modern_sulfur_goods_mining_19` — Planetary Sulfur Prospecting
tech_mining_20,tech_mining,production,20,Programmable Extraction,"Programmable chemical, biological, and robotic extraction targets desired elements directly within complex formations. Mining approaches a future in which the valuable atom can be separated from the surrounding geology with minimal bulk disturbance.",tech_mining_19,,PM:pm_modern_coal_goods_mining_20 | PM:pm_modern_gold_goods_mining_20 | PM:pm_modern_iron_goods_mining_20 | PM:pm_modern_lead_goods_mining_20 | PM:pm_modern_oil_goods_mining_20 | PM:pm_modern_sulfur_goods_mining_20,New Era 11–20 technology; preserve current chain texture/category/AI-weight conventions. Generator re-reads source and preserves any upstream non-self prerequisites.,PM `pm_modern_coal_goods_mining_20` — Programmable Coal Extraction<br>PM `pm_modern_gold_goods_mining_20` — Programmable Gold Extraction<br>PM `pm_modern_iron_goods_mining_20` — Programmable Iron Extraction<br>PM `pm_modern_lead_goods_mining_20` — Programmable Lead Extraction<br>PM `pm_modern_oil_goods_mining_20` — Programmable Oil Extraction<br>PM `pm_modern_sulfur_goods_mining_20` — Programmable Sulfur Extraction
tech_philosophy_11,tech_philosophy,society,11,Lifelong Adaptive Education,"Education becomes a continuous adult institution rather than a phase completed before working life. Adaptive curricula follow people across decades, rebuilding skills as professions and technologies change around them.",tech_philosophy_10,state_building_university_max_level_add=2,PM:pm_modern_technique_11_building_university,New Era 11–20 technology; preserve current chain texture/category/AI-weight conventions. Generator re-reads source and preserves any upstream non-self prerequisites.,PM `pm_modern_technique_11_building_university` — Adaptive Learning Systems
tech_philosophy_12,tech_philosophy,society,12,Neural Learning Interfaces,"Stable neural interfaces allow training systems to observe attention, confusion, memory formation, and sensory processing directly. Teaching can respond to what a learner is actually experiencing rather than relying only on tests and self-report.",tech_philosophy_11,state_building_university_max_level_add=2,PM:pm_modern_technique_12_building_university | PM:pm_modern_base_building_university_3,New Era 11–20 technology; preserve current chain texture/category/AI-weight conventions. Generator re-reads source and preserves any upstream non-self prerequisites.,PM `pm_modern_technique_12_building_university` — Neural Learning Systems<br>PM `pm_modern_base_building_university_3` — AI-Augmented Universities
tech_philosophy_13,tech_philosophy,society,13,AI Research Partners,"Artificial research partners read entire literatures, design experiments, check proofs, challenge assumptions, and maintain long-running scientific programs alongside human scholars. The practical size of a research team expands far beyond its biological members.",tech_philosophy_12,state_building_university_max_level_add=2,PM:pm_modern_technique_13_building_university,New Era 11–20 technology; preserve current chain texture/category/AI-weight conventions. Generator re-reads source and preserves any upstream non-self prerequisites.,PM `pm_modern_technique_13_building_university` — AI Research Partnership
tech_philosophy_14,tech_philosophy,society,14,Immersive Knowledge Environments,"Immersive simulations turn abstract knowledge into environments that can be explored, manipulated, and repeated. Students learn engineering, medicine, history, and science partly by inhabiting convincing models of the systems they study.",tech_philosophy_13,state_building_university_max_level_add=2,PM:pm_modern_technique_14_building_university,New Era 11–20 technology; preserve current chain texture/category/AI-weight conventions. Generator re-reads source and preserves any upstream non-self prerequisites.,PM `pm_modern_technique_14_building_university` — Immersive Research Environments
tech_philosophy_15,tech_philosophy,society,15,Cognitive Augmentation,"Safe cognitive augmentation improves memory, focus, pattern recognition, and access to external knowledge. Education increasingly concerns how minds and tools are coupled rather than how much information a person can retain unaided.",tech_philosophy_14,state_building_university_max_level_add=2,PM:pm_modern_technique_15_building_university | PM:pm_modern_base_building_university_4,New Era 11–20 technology; preserve current chain texture/category/AI-weight conventions. Generator re-reads source and preserves any upstream non-self prerequisites.,PM `pm_modern_technique_15_building_university` — Cognitive-Augmented Scholarship<br>PM `pm_modern_base_building_university_4` — Cognitive-Augmentation Universities
tech_philosophy_16,tech_philosophy,society,16,Synthetic Tutors,"Synthetic tutors provide individual instruction at essentially unlimited scale, remembering every learner's history and adjusting explanation minute by minute. High-quality teaching becomes far less constrained by the number of exceptional human instructors.",tech_philosophy_15,state_building_university_max_level_add=2,PM:pm_modern_technique_16_building_university,New Era 11–20 technology; preserve current chain texture/category/AI-weight conventions. Generator re-reads source and preserves any upstream non-self prerequisites.,PM `pm_modern_technique_16_building_university` — Synthetic Tutoring Systems
tech_philosophy_17,tech_philosophy,society,17,Collective Intelligence Education,Research communities link human and machine contributors into persistent collective problem-solving systems. Discovery emerges from coordinated networks whose combined memory and analytical reach exceed any individual institution.,tech_philosophy_16,state_building_university_max_level_add=2,PM:pm_modern_technique_17_building_university,New Era 11–20 technology; preserve current chain texture/category/AI-weight conventions. Generator re-reads source and preserves any upstream non-self prerequisites.,PM `pm_modern_technique_17_building_university` — Collective Intelligence Research
tech_philosophy_18,tech_philosophy,society,18,Direct Skill Encoding,"Neural encoding and highly targeted stimulation accelerate the acquisition of specific motor and cognitive skills. Learning is not instantaneous, but the boundary between practice and direct neurological intervention becomes increasingly blurred.",tech_philosophy_17,state_building_university_max_level_add=2,PM:pm_modern_technique_18_building_university | PM:pm_modern_base_building_university_5,New Era 11–20 technology; preserve current chain texture/category/AI-weight conventions. Generator re-reads source and preserves any upstream non-self prerequisites.,PM `pm_modern_technique_18_building_university` — Direct Skill Encoding<br>PM `pm_modern_base_building_university_5` — Post-Biological Research Universities
tech_philosophy_19,tech_philosophy,society,19,Post-Biological Scholarship,"Scholarship expands beyond the assumptions of a purely biological human lifespan and mind. Long-lived researchers, synthetic minds, and hybrid cognitive systems pursue questions over centuries and preserve continuity no normal academic career could maintain.",tech_philosophy_18,state_building_university_max_level_add=2,PM:pm_modern_technique_19_building_university,New Era 11–20 technology; preserve current chain texture/category/AI-weight conventions. Generator re-reads source and preserves any upstream non-self prerequisites.,PM `pm_modern_technique_19_building_university` — Post-Biological Research Systems
tech_philosophy_20,tech_philosophy,society,20,Civilization-Scale Knowledge Systems,"Knowledge institutions coordinate research, education, simulation, archival memory, and machine reasoning across entire civilizations. Science becomes an enduring cognitive infrastructure comparable in scale to the energy grid or transportation network.",tech_philosophy_19,state_building_university_max_level_add=2,PM:pm_modern_technique_20_building_university | PM:pm_modern_base_building_university_6,New Era 11–20 technology; preserve current chain texture/category/AI-weight conventions. Generator re-reads source and preserves any upstream non-self prerequisites.,PM `pm_modern_technique_20_building_university` — Civilization-Scale Knowledge Networks<br>PM `pm_modern_base_building_university_6` — Civilization-Scale Universities
tech_politics_11,tech_politics,society,11,Algorithmic Administration,"Public administrations use machine systems to route cases, detect anomalies, enforce rules, and allocate routine resources with far less clerical delay. Political authority remains human, but much of the machinery of the state becomes computational.",tech_politics_10,country_authority_mult=0.05; state_bureaucracy_population_base_cost_factor_mult=-0.05; state_incorporation_speed_mult=0.05,,New Era 11–20 technology; preserve current chain texture/category/AI-weight conventions. Generator re-reads source and preserves any upstream non-self prerequisites.,—
tech_politics_12,tech_politics,society,12,Deliberative Digital Governance,"Large-scale digital deliberation allows citizens, experts, institutions, and representatives to test proposals and expose tradeoffs before legislation hardens into partisan slogans. Participation expands without requiring every decision to become a plebiscite.",tech_politics_11,country_authority_mult=0.05; state_bureaucracy_population_base_cost_factor_mult=-0.05; state_incorporation_speed_mult=0.05; country_agitator_slots_add=1,PM:pm_modern_essential_services_government_4 | PM:pm_modern_security_services_government_5,New Era 11–20 technology; preserve current chain texture/category/AI-weight conventions. Generator re-reads source and preserves any upstream non-self prerequisites.,PM `pm_modern_essential_services_government_4` — Cognitive Public Services<br>PM `pm_modern_security_services_government_5` — Predictive Security Services
tech_politics_13,tech_politics,society,13,Predictive Public Policy,"Governments model likely effects of regulations, budgets, demographic shifts, and infrastructure decisions before implementation. Policy becomes more experimental and iterative, though predictions inevitably become new objects of political conflict.",tech_politics_12,country_authority_mult=0.05; state_bureaucracy_population_base_cost_factor_mult=-0.05; state_incorporation_speed_mult=0.05,,New Era 11–20 technology; preserve current chain texture/category/AI-weight conventions. Generator re-reads source and preserves any upstream non-self prerequisites.,—
tech_politics_14,tech_politics,society,14,Adaptive Constitutionalism,Constitutions and administrative law develop mechanisms for institutions that must change faster than traditional amendment cycles. Stable rights are preserved while procedures and delegated systems can adapt to technological and social conditions.,tech_politics_13,country_authority_mult=0.05; state_bureaucracy_population_base_cost_factor_mult=-0.05; state_incorporation_speed_mult=0.05; country_agitator_slots_add=1,,New Era 11–20 technology; preserve current chain texture/category/AI-weight conventions. Generator re-reads source and preserves any upstream non-self prerequisites.,—
tech_politics_15,tech_politics,society,15,Automated State Capacity,"Routine licensing, benefits, taxation, procurement, compliance, and records management operate with minimal manual processing. State capacity expands not through larger clerical armies but through institutions capable of executing decisions consistently at machine scale.",tech_politics_14,country_authority_mult=0.05; state_bureaucracy_population_base_cost_factor_mult=-0.05; state_incorporation_speed_mult=0.05,PM:pm_modern_essential_services_government_5 | PM:pm_modern_security_services_government_6,New Era 11–20 technology; preserve current chain texture/category/AI-weight conventions. Generator re-reads source and preserves any upstream non-self prerequisites.,PM `pm_modern_essential_services_government_5` — Autonomous Public Services<br>PM `pm_modern_security_services_government_6` — Autonomous Public Security
tech_politics_16,tech_politics,society,16,Networked Civic Institutions,"Civic organizations, local governments, parties, professional bodies, and public services coordinate through shared digital institutions rather than isolated bureaucratic silos. Political participation becomes more networked and less dependent on physical offices.",tech_politics_15,country_authority_mult=0.05; state_bureaucracy_population_base_cost_factor_mult=-0.05; state_incorporation_speed_mult=0.05; country_agitator_slots_add=1,,New Era 11–20 technology; preserve current chain texture/category/AI-weight conventions. Generator re-reads source and preserves any upstream non-self prerequisites.,—
tech_politics_17,tech_politics,society,17,Machine-Mediated Governance,"Machine systems mediate negotiations, draft policy alternatives, detect contradictions, and manage implementation across huge administrations. The political question shifts from whether machines are used to how their goals, accountability, and authority are constrained.",tech_politics_16,country_authority_mult=0.05; state_bureaucracy_population_base_cost_factor_mult=-0.05; state_incorporation_speed_mult=0.05,,New Era 11–20 technology; preserve current chain texture/category/AI-weight conventions. Generator re-reads source and preserves any upstream non-self prerequisites.,—
tech_politics_18,tech_politics,society,18,Planetary Political Institutions,"Planetary problems such as climate, orbital traffic, migration, pandemics, and shared infrastructure create institutions whose jurisdiction exceeds the traditional nation-state. Sovereignty becomes layered without disappearing.",tech_politics_17,country_authority_mult=0.05; state_bureaucracy_population_base_cost_factor_mult=-0.05; state_incorporation_speed_mult=0.05; country_agitator_slots_add=1,PM:pm_modern_essential_services_government_6 | PM:pm_modern_security_services_government_7,New Era 11–20 technology; preserve current chain texture/category/AI-weight conventions. Generator re-reads source and preserves any upstream non-self prerequisites.,PM `pm_modern_essential_services_government_6` — Planetary Public Service Networks<br>PM `pm_modern_security_services_government_7` — Planetary Security Networks
tech_politics_19,tech_politics,society,19,Post-National Administration,"Citizenship, taxation, regulation, and public services increasingly operate across overlapping jurisdictions and communities. States remain powerful, but administration is no longer assumed to map neatly onto a single territorial nation.",tech_politics_18,country_authority_mult=0.05; state_bureaucracy_population_base_cost_factor_mult=-0.05; state_incorporation_speed_mult=0.05,,New Era 11–20 technology; preserve current chain texture/category/AI-weight conventions. Generator re-reads source and preserves any upstream non-self prerequisites.,—
tech_politics_20,tech_politics,society,20,Civilizational Statecraft,"Government becomes capable of administering civilization-scale systems spanning Earth and permanent off-world populations. Statecraft must reconcile immense technological capacity with the enduring problems of legitimacy, representation, coercion, and human disagreement.",tech_politics_19,country_authority_mult=0.05; state_bureaucracy_population_base_cost_factor_mult=-0.05; state_incorporation_speed_mult=0.05; country_agitator_slots_add=1,PM:pm_modern_essential_services_government_7 | PM:pm_modern_security_services_government_8,New Era 11–20 technology; preserve current chain texture/category/AI-weight conventions. Generator re-reads source and preserves any upstream non-self prerequisites.,PM `pm_modern_essential_services_government_7` — Civilizational Public Services<br>PM `pm_modern_security_services_government_8` — Civilizational Security Services
tech_population_11,tech_population,society,11,Precision Nutrition,"Nutrition is tailored to individual metabolism, microbiome, genetics, and disease risk rather than broad population averages. Public health systems treat food as a continuously adjusted component of medicine.",tech_population_10,state_food_security_add=0.05; state_migration_pull_mult=0.10; state_birth_rate_mult=0.10; state_education_access_wealth_add=0.002,,New Era 11–20 technology; preserve current chain texture/category/AI-weight conventions. Generator re-reads source and preserves any upstream non-self prerequisites.,—
tech_population_12,tech_population,society,12,Regenerative Public Health,Regenerative therapies repair organs and tissues before chronic damage becomes irreversible. Health systems begin to restore function that earlier medicine could only manage or replace.,tech_population_11,state_food_security_add=0.05; state_migration_pull_mult=0.10; state_birth_rate_mult=0.10; state_education_access_wealth_add=0.002,,New Era 11–20 technology; preserve current chain texture/category/AI-weight conventions. Generator re-reads source and preserves any upstream non-self prerequisites.,—
tech_population_13,tech_population,society,13,Longevity Medicine,Treatments that slow cellular damage and preserve organ function extend healthy adult life substantially. Aging becomes a modifiable risk process rather than an untouchable background condition.,tech_population_12,state_food_security_add=0.05; state_migration_pull_mult=0.10; state_birth_rate_mult=0.10; state_education_access_wealth_add=0.002,,New Era 11–20 technology; preserve current chain texture/category/AI-weight conventions. Generator re-reads source and preserves any upstream non-self prerequisites.,—
tech_population_14,tech_population,society,14,Reproductive Genomics,"Embryonic screening, gene correction, and reproductive medicine eliminate many inherited diseases while opening profound social debates about which traits should ever be deliberately altered.",tech_population_13,state_food_security_add=0.05; state_migration_pull_mult=0.10; state_birth_rate_mult=0.10; state_education_access_wealth_add=0.002,,New Era 11–20 technology; preserve current chain texture/category/AI-weight conventions. Generator re-reads source and preserves any upstream non-self prerequisites.,—
tech_population_15,tech_population,society,15,Organ Renewal,"Bioprinting, cultured organs, and in-situ regeneration make organ failure increasingly treatable without waiting for donors. Replacement becomes a planned medical procedure rather than a desperate allocation of scarce human tissue.",tech_population_14,state_food_security_add=0.05; state_migration_pull_mult=0.10; state_birth_rate_mult=0.10; state_education_access_wealth_add=0.002,,New Era 11–20 technology; preserve current chain texture/category/AI-weight conventions. Generator re-reads source and preserves any upstream non-self prerequisites.,—
tech_population_16,tech_population,society,16,Senescence Reversal,"Therapies target the molecular and cellular mechanisms that accumulate with age, reversing some forms of senescence instead of merely slowing them. Lifespan begins to separate sharply from the historical limits of human biology.",tech_population_15,state_food_security_add=0.05; state_migration_pull_mult=0.10; state_birth_rate_mult=0.10; state_education_access_wealth_add=0.002,,New Era 11–20 technology; preserve current chain texture/category/AI-weight conventions. Generator re-reads source and preserves any upstream non-self prerequisites.,—
tech_population_17,tech_population,society,17,Synthetic Biology Healthcare,"Synthetic cells, engineered microbes, programmable immune systems, and molecular factories operate inside the body as medical infrastructure. Treatment becomes an ongoing partnership between biology and designed organisms.",tech_population_16,state_food_security_add=0.05; state_migration_pull_mult=0.10; state_birth_rate_mult=0.10; state_education_access_wealth_add=0.002,,New Era 11–20 technology; preserve current chain texture/category/AI-weight conventions. Generator re-reads source and preserves any upstream non-self prerequisites.,—
tech_population_18,tech_population,society,18,Adaptive Human Physiology,"Human physiology can be deliberately adapted to extreme climates, pathogens, low gravity, radiation, and unusual diets. Medicine begins preparing populations for environments rather than only adapting environments for populations.",tech_population_17,state_food_security_add=0.05; state_migration_pull_mult=0.10; state_birth_rate_mult=0.10; state_education_access_wealth_add=0.002,,New Era 11–20 technology; preserve current chain texture/category/AI-weight conventions. Generator re-reads source and preserves any upstream non-self prerequisites.,—
tech_population_19,tech_population,society,19,Radical Longevity,"Combined genetic, regenerative, cellular, and neurological medicine extends healthy life far beyond the expectations of the early twenty-first century. Demography is transformed as 'old age' no longer corresponds to the same biological decline.",tech_population_18,state_food_security_add=0.05; state_migration_pull_mult=0.10; state_birth_rate_mult=0.10; state_education_access_wealth_add=0.002,,New Era 11–20 technology; preserve current chain texture/category/AI-weight conventions. Generator re-reads source and preserves any upstream non-self prerequisites.,—
tech_population_20,tech_population,society,20,Engineered Human Vitality,"Human bodies are maintained by continuous biological monitoring, periodic regeneration, and engineered repair systems throughout exceptionally long lives. Health becomes an actively managed technological state rather than a gradual surrender to accumulated damage.",tech_population_19,state_food_security_add=0.05; state_migration_pull_mult=0.10; state_birth_rate_mult=0.10; state_education_access_wealth_add=0.002,,New Era 11–20 technology; preserve current chain texture/category/AI-weight conventions. Generator re-reads source and preserves any upstream non-self prerequisites.,—
tech_sea_infrastructure_11,tech_sea_infrastructure,production,11,Autonomous Port Complexes,"Ports coordinate berths, cranes, customs, storage, autonomous trucks, and ships as one machine-managed complex. Vessels spend less time waiting for human schedules and more time moving cargo.",tech_sea_infrastructure_10,,PM:pm_modern_building_port_technique_1,New Era 11–20 technology; preserve current chain texture/category/AI-weight conventions. Generator re-reads source and preserves any upstream non-self prerequisites.,PM `pm_modern_building_port_technique_1` — Autonomous Port Operations
tech_sea_infrastructure_12,tech_sea_infrastructure,production,12,Smart Maritime Corridors,"Merchant traffic shares live routing, weather, port capacity, and cargo information across whole ocean basins. Maritime corridors become managed logistics infrastructure rather than paths ships independently choose to follow.",tech_sea_infrastructure_11,,PM:pm_modern_building_port_goods_1,New Era 11–20 technology; preserve current chain texture/category/AI-weight conventions. Generator re-reads source and preserves any upstream non-self prerequisites.,PM `pm_modern_building_port_goods_1` — Adaptive Merchant Shipping
tech_sea_infrastructure_13,tech_sea_infrastructure,production,13,Global Sealift Systems,High-capacity sealift fleets and standardized transfer systems make the rapid movement of entire industrial and military supply chains routine. Oceans cease to be logistical gaps between terrestrial networks.,tech_sea_infrastructure_12,,SHIP:ship_type_modern_troop_ship_3,New Era 11–20 technology; preserve current chain texture/category/AI-weight conventions. Generator re-reads source and preserves any upstream non-self prerequisites.,Ship `ship_type_modern_troop_ship_3` — Autonomous Strategic Sealift Ship
tech_sea_infrastructure_14,tech_sea_infrastructure,production,14,Molecular Shipbuilding,"Advanced fabrication yards print and assemble large hull sections, machinery, and complex structures with far less tooling. Shipyards can change classes and designs without rebuilding their entire industrial base.",tech_sea_infrastructure_13,,PM:pm_modern_steamers_goods_manufacturing_4,New Era 11–20 technology; preserve current chain texture/category/AI-weight conventions. Generator re-reads source and preserves any upstream non-self prerequisites.,PM `pm_modern_steamers_goods_manufacturing_4` — Molecular Shipyard Fabrication
tech_sea_infrastructure_15,tech_sea_infrastructure,production,15,Oceanic Logistics Networks,"Ports, merchant fleets, shipyards, inland logistics, and maritime communications are coordinated as a single oceanic freight system. Capacity can shift between routes and ports before local congestion becomes a crisis.",tech_sea_infrastructure_14,building_port_throughput_add=0.10; building_shipyards_throughput_add=0.05; country_ship_group_capital_ships_construction_efficiency_add=0.50; country_ship_group_cruisers_construction_efficiency_add=0.50; country_ship_group_torpedo_craft_construction_efficiency_add=0.50; country_ship_group_supply_ships_construction_efficiency_add=0.50; country_ship_group_troop_ships_construction_efficiency_add=0.50,,New Era 11–20 technology; preserve current chain texture/category/AI-weight conventions. Generator re-reads source and preserves any upstream non-self prerequisites.,—
tech_sea_infrastructure_16,tech_sea_infrastructure,production,16,Self-Operating Ports,"Autonomous cranes, tugs, inspection craft, yard vehicles, and administrative systems allow major ports to operate around the clock with minimal direct handling. The harbor becomes an industrial robot measured in square kilometers.",tech_sea_infrastructure_15,,PM:pm_modern_building_port_technique_2,New Era 11–20 technology; preserve current chain texture/category/AI-weight conventions. Generator re-reads source and preserves any upstream non-self prerequisites.,PM `pm_modern_building_port_technique_2` — Self-Operating Port Complexes
tech_sea_infrastructure_17,tech_sea_infrastructure,production,17,Adaptive Merchant Shipping,"Merchant ships alter routes, operating modes, maintenance schedules, and energy use continuously in response to cargo demand and ocean conditions. The commercial fleet becomes adaptive rather than timetable-bound.",tech_sea_infrastructure_16,,PM:pm_modern_building_port_goods_2,New Era 11–20 technology; preserve current chain texture/category/AI-weight conventions. Generator re-reads source and preserves any upstream non-self prerequisites.,PM `pm_modern_building_port_goods_2` — Integrated Oceanic Shipping
tech_sea_infrastructure_18,tech_sea_infrastructure,production,18,Planetary Sealift,"Global sealift is planned at planetary scale, integrating ports, megaships, autonomous feeders, and inland corridors. Moving millions of tonnes across oceans becomes a controllable infrastructure service rather than a loose market of individual voyages.",tech_sea_infrastructure_17,,SHIP:ship_type_modern_troop_ship_4,New Era 11–20 technology; preserve current chain texture/category/AI-weight conventions. Generator re-reads source and preserves any upstream non-self prerequisites.,Ship `ship_type_modern_troop_ship_4` — Planetary Strategic Sealift Ship
tech_sea_infrastructure_19,tech_sea_infrastructure,production,19,Self-Repairing Megaships,"Self-diagnosing hulls, robotic repair systems, and advanced materials allow large ships to repair damage during voyages. Drydock intervals lengthen and merchant vessels remain productive for far greater portions of their service lives.",tech_sea_infrastructure_18,,PM:pm_modern_steamers_goods_manufacturing_5,New Era 11–20 technology; preserve current chain texture/category/AI-weight conventions. Generator re-reads source and preserves any upstream non-self prerequisites.,PM `pm_modern_steamers_goods_manufacturing_5` — Self-Assembling Megaship Fabrication
tech_sea_infrastructure_20,tech_sea_infrastructure,production,20,Integrated Oceanic Infrastructure,Oceanic transport reaches full integration with terrestrial and near-space logistics. Ports and ships form the maritime layer of a planetary circulation system in which cargo can be routed from factory to destination without institutional breaks between modes.,tech_sea_infrastructure_19,building_port_throughput_add=0.10; building_shipyards_throughput_add=0.05; country_ship_group_capital_ships_construction_efficiency_add=0.50; country_ship_group_cruisers_construction_efficiency_add=0.50; country_ship_group_torpedo_craft_construction_efficiency_add=0.50; country_ship_group_supply_ships_construction_efficiency_add=0.50; country_ship_group_troop_ships_construction_efficiency_add=0.50,,New Era 11–20 technology; preserve current chain texture/category/AI-weight conventions. Generator re-reads source and preserves any upstream non-self prerequisites.,—
tech_services_11,tech_services,production,11,Cognitive Office Systems,"Office work is reorganized around cognitive assistants that draft, reconcile, search, schedule, and monitor routine processes continuously. Clerical effort shifts from moving information between systems toward supervising what automated systems decide to do with it.",tech_services_10,,PM:pm_modern_organisation_11_building_services | PM:pm_modern_organisation_11_building_services_shopkeepers | PM:pm_modern_organisation_11_building_services_professionals | PM:pm_modern_bureaucracy_government_6,New Era 11–20 technology; preserve current chain texture/category/AI-weight conventions. Generator re-reads source and preserves any upstream non-self prerequisites.,PM `pm_modern_organisation_11_building_services` — Cognitive Office Organization — Clerks<br>PM `pm_modern_organisation_11_building_services_shopkeepers` — Cognitive Office Organization — Shopkeepers<br>PM `pm_modern_organisation_11_building_services_professionals` — Cognitive Office Organization — Professional Services<br>PM `pm_modern_bureaucracy_government_6` — Cognitive Case Administration
tech_services_12,tech_services,production,12,Autonomous Professional Services,"Professional firms embed expert machine systems into law, engineering, medicine, accounting, design, and consulting. A single professional can direct analytical capacity that once required entire teams of junior staff.",tech_services_11,,PM:pm_modern_organisation_12_building_services | PM:pm_modern_organisation_12_building_services_shopkeepers | PM:pm_modern_organisation_12_building_services_professionals | PM:pm_modern_corporate_services_goods_services_1 | PM:pm_modern_professional_services_goods_services_1,New Era 11–20 technology; preserve current chain texture/category/AI-weight conventions. Generator re-reads source and preserves any upstream non-self prerequisites.,PM `pm_modern_organisation_12_building_services` — Autonomous Professional Organization — Clerks<br>PM `pm_modern_organisation_12_building_services_shopkeepers` — Autonomous Professional Organization — Shopkeepers<br>PM `pm_modern_organisation_12_building_services_professionals` — Autonomous Professional Organization — Professional Services<br>PM `pm_modern_corporate_services_goods_services_1` — Cognitive Corporate Services<br>PM `pm_modern_professional_services_goods_services_1` — AI-Augmented Professional Services
tech_services_13,tech_services,production,13,Algorithmic Bureaucracy,"Bureaucratic procedures are encoded into auditable machine workflows that can process enormous case volumes without arbitrary delay. Administration becomes faster, but questions of exceptions and accountability grow more important than ever.",tech_services_12,,PM:pm_modern_organisation_13_building_services | PM:pm_modern_organisation_13_building_services_shopkeepers | PM:pm_modern_organisation_13_building_services_professionals | PM:pm_modern_bureaucracy_government_7,New Era 11–20 technology; preserve current chain texture/category/AI-weight conventions. Generator re-reads source and preserves any upstream non-self prerequisites.,PM `pm_modern_organisation_13_building_services` — Algorithmic Service Organization — Clerks<br>PM `pm_modern_organisation_13_building_services_shopkeepers` — Algorithmic Service Organization — Shopkeepers<br>PM `pm_modern_organisation_13_building_services_professionals` — Algorithmic Service Organization — Professional Services<br>PM `pm_modern_bureaucracy_government_7` — Algorithmic Public Administration
tech_services_14,tech_services,production,14,Immersive Service Delivery,"Remote service environments reproduce shared workspaces, demonstrations, consultations, and entertainment with near-physical presence. Service industries become less constrained by where provider and client happen to live.",tech_services_13,,PM:pm_modern_organisation_14_building_services | PM:pm_modern_organisation_14_building_services_shopkeepers | PM:pm_modern_organisation_14_building_services_professionals,New Era 11–20 technology; preserve current chain texture/category/AI-weight conventions. Generator re-reads source and preserves any upstream non-self prerequisites.,PM `pm_modern_organisation_14_building_services` — Immersive Service Organization — Clerks<br>PM `pm_modern_organisation_14_building_services_shopkeepers` — Immersive Service Organization — Shopkeepers<br>PM `pm_modern_organisation_14_building_services_professionals` — Immersive Service Organization — Professional Services
tech_services_15,tech_services,production,15,Synthetic Knowledge Work,"Knowledge workers collaborate with synthetic agents capable of maintaining context across years of documents, decisions, and relationships. Organizations acquire institutional memories that do not leave when employees resign.",tech_services_14,,PM:pm_modern_organisation_15_building_services | PM:pm_modern_organisation_15_building_services_shopkeepers | PM:pm_modern_organisation_15_building_services_professionals | PM:pm_modern_bureaucracy_government_8 | PM:pm_modern_corporate_services_goods_services_2 | PM:pm_modern_professional_services_goods_services_2,New Era 11–20 technology; preserve current chain texture/category/AI-weight conventions. Generator re-reads source and preserves any upstream non-self prerequisites.,PM `pm_modern_organisation_15_building_services` — Synthetic Knowledge Organization — Clerks<br>PM `pm_modern_organisation_15_building_services_shopkeepers` — Synthetic Knowledge Organization — Shopkeepers<br>PM `pm_modern_organisation_15_building_services_professionals` — Synthetic Knowledge Organization — Professional Services<br>PM `pm_modern_bureaucracy_government_8` — Autonomous Administrative Networks<br>PM `pm_modern_corporate_services_goods_services_2` — Autonomous Enterprise Services<br>PM `pm_modern_professional_services_goods_services_2` — Synthetic Expert Services
tech_services_16,tech_services,production,16,Distributed Service Economies,Service firms distribute specialized work globally through persistent digital institutions and machine coordination. Small offices can participate in capabilities once restricted to immense metropolitan professional clusters.,tech_services_15,,PM:pm_modern_organisation_16_building_services | PM:pm_modern_organisation_16_building_services_shopkeepers | PM:pm_modern_organisation_16_building_services_professionals,New Era 11–20 technology; preserve current chain texture/category/AI-weight conventions. Generator re-reads source and preserves any upstream non-self prerequisites.,PM `pm_modern_organisation_16_building_services` — Distributed Service Organization — Clerks<br>PM `pm_modern_organisation_16_building_services_shopkeepers` — Distributed Service Organization — Shopkeepers<br>PM `pm_modern_organisation_16_building_services_professionals` — Distributed Service Organization — Professional Services
tech_services_17,tech_services,production,17,Machine-Mediated Administration,"Machine agents negotiate appointments, contracts, compliance, procurement, and support directly with other machine agents. An increasing share of the service economy takes place continuously without a person present at either end of each transaction.",tech_services_16,,PM:pm_modern_organisation_17_building_services | PM:pm_modern_organisation_17_building_services_shopkeepers | PM:pm_modern_organisation_17_building_services_professionals | PM:pm_modern_bureaucracy_government_9,New Era 11–20 technology; preserve current chain texture/category/AI-weight conventions. Generator re-reads source and preserves any upstream non-self prerequisites.,PM `pm_modern_organisation_17_building_services` — Machine-Mediated Organization — Clerks<br>PM `pm_modern_organisation_17_building_services_shopkeepers` — Machine-Mediated Organization — Shopkeepers<br>PM `pm_modern_organisation_17_building_services_professionals` — Machine-Mediated Organization — Professional Services<br>PM `pm_modern_bureaucracy_government_9` — Predictive Bureaucracy
tech_services_18,tech_services,production,18,Cognitive Enterprise Networks,"Enterprises connect staff, clients, machine agents, knowledge bases, and operational systems into shared cognitive networks. The organization begins to think and remember at a level above any individual employee.",tech_services_17,,PM:pm_modern_organisation_18_building_services | PM:pm_modern_organisation_18_building_services_shopkeepers | PM:pm_modern_organisation_18_building_services_professionals | PM:pm_modern_corporate_services_goods_services_3 | PM:pm_modern_professional_services_goods_services_3,New Era 11–20 technology; preserve current chain texture/category/AI-weight conventions. Generator re-reads source and preserves any upstream non-self prerequisites.,PM `pm_modern_organisation_18_building_services` — Cognitive Enterprise Organization — Clerks<br>PM `pm_modern_organisation_18_building_services_shopkeepers` — Cognitive Enterprise Organization — Shopkeepers<br>PM `pm_modern_organisation_18_building_services_professionals` — Cognitive Enterprise Organization — Professional Services<br>PM `pm_modern_corporate_services_goods_services_3` — Synthetic Management Services<br>PM `pm_modern_professional_services_goods_services_3` — Cognitive Professional Networks
tech_services_19,tech_services,production,19,Autonomous Institutional Management,"Institutions automate management of routine staffing, resource allocation, performance monitoring, and service delivery while retaining human control over exceptional and political decisions. Administrative scale becomes less dependent on managerial headcount.",tech_services_18,,PM:pm_modern_organisation_19_building_services | PM:pm_modern_organisation_19_building_services_shopkeepers | PM:pm_modern_organisation_19_building_services_professionals | PM:pm_modern_bureaucracy_government_10,New Era 11–20 technology; preserve current chain texture/category/AI-weight conventions. Generator re-reads source and preserves any upstream non-self prerequisites.,PM `pm_modern_organisation_19_building_services` — Autonomous Institutional Organization — Clerks<br>PM `pm_modern_organisation_19_building_services_shopkeepers` — Autonomous Institutional Organization — Shopkeepers<br>PM `pm_modern_organisation_19_building_services_professionals` — Autonomous Institutional Organization — Professional Services<br>PM `pm_modern_bureaucracy_government_10` — Machine-Mediated State Administration
tech_services_20,tech_services,production,20,Post-Labor Service Systems,"In mature service economies, machines perform most routine clerical and analytical labor while humans concentrate in roles requiring responsibility, trust, creativity, judgment, and social legitimacy. 'Post-labor' does not mean no work; it means a radically different composition of work.",tech_services_19,,PM:pm_modern_organisation_20_building_services | PM:pm_modern_organisation_20_building_services_shopkeepers | PM:pm_modern_organisation_20_building_services_professionals | PM:pm_modern_bureaucracy_government_11 | PM:pm_modern_corporate_services_goods_services_4 | PM:pm_modern_professional_services_goods_services_4,New Era 11–20 technology; preserve current chain texture/category/AI-weight conventions. Generator re-reads source and preserves any upstream non-self prerequisites.,PM `pm_modern_organisation_20_building_services` — Post-Labor Service Organization — Clerks<br>PM `pm_modern_organisation_20_building_services_shopkeepers` — Post-Labor Service Organization — Shopkeepers<br>PM `pm_modern_organisation_20_building_services_professionals` — Post-Labor Service Organization — Professional Services<br>PM `pm_modern_bureaucracy_government_11` — Post-Labor Bureaucracy<br>PM `pm_modern_corporate_services_goods_services_4` — Post-Labor Corporate Services<br>PM `pm_modern_professional_services_goods_services_4` — Post-Biological Professional Services
tech_urbanization_11,tech_urbanization,society,11,Arcology Systems,"Arcologies combine housing, commerce, utilities, transit, food systems, and public space inside structures large enough to function as districts. Urban density becomes an engineered ecosystem rather than simply more floors on expensive land.",tech_urbanization_10,state_infrastructure_from_population_add=1; state_infrastructure_from_population_max_add=20; country_max_weekly_construction_progress_add=10; state_standard_of_living_add=0.5; state_market_access_price_impact=0.05,,New Era 11–20 technology; preserve current chain texture/category/AI-weight conventions. Generator re-reads source and preserves any upstream non-self prerequisites.,—
tech_urbanization_12,tech_urbanization,society,12,Autonomous City Utilities,"Water, waste, power, transport, maintenance, and emergency systems coordinate themselves continuously across entire cities. Urban services respond to failures and demand before residents ever file a complaint.",tech_urbanization_11,state_infrastructure_from_population_add=1; state_infrastructure_from_population_max_add=20; country_max_weekly_construction_progress_add=10; state_standard_of_living_add=0.5; state_market_access_price_impact=0.05,PM:pm_modern_real_estate_goods_infrastructure_5 | PM:pm_modern_retail_services_goods_services_6 | PM:pm_modern_recreational_services_goods_services_6 | PM:pm_modern_recreational_services_goods_tourism_services_6 | PM:pm_modern_housing_goods_services_5 | PM:pm_modern_recreational_services_intoxicants_2 | PM:pm_modern_real_estate_5 | PM:pm_modern_city_utilities_6 | PM:pm_modern_city_transport_6,New Era 11–20 technology; preserve current chain texture/category/AI-weight conventions. Generator re-reads source and preserves any upstream non-self prerequisites.,PM `pm_modern_real_estate_goods_infrastructure_5` — Arcology Real-Estate Fabrication<br>PM `pm_modern_retail_services_goods_services_6` — Autonomous Retail Networks<br>PM `pm_modern_recreational_services_goods_services_6` — Immersive Recreation Services<br>PM `pm_modern_recreational_services_goods_tourism_services_6` — Immersive Tourism Services<br>PM `pm_modern_housing_goods_services_5` — Arcology Housing Services<br>PM `pm_modern_recreational_services_intoxicants_2` — Precision Intoxicant Services<br>PM `pm_modern_real_estate_5` — Arcology Density<br>PM `pm_modern_city_utilities_6` — Autonomous City Utilities<br>PM `pm_modern_city_transport_6` — Autonomous Metropolitan Transit
tech_urbanization_13,tech_urbanization,society,13,Vertical Urban Ecologies,"Buildings integrate agriculture, habitat, cooling, water treatment, and public landscapes vertically. The distinction between architecture and urban ecology weakens as towers become inhabited environmental systems.",tech_urbanization_12,state_infrastructure_from_population_add=1; state_infrastructure_from_population_max_add=20; country_max_weekly_construction_progress_add=10; state_standard_of_living_add=0.5; state_market_access_price_impact=0.05,,New Era 11–20 technology; preserve current chain texture/category/AI-weight conventions. Generator re-reads source and preserves any upstream non-self prerequisites.,—
tech_urbanization_14,tech_urbanization,society,14,Self-Repairing Cities,"Robotic maintenance and self-healing materials repair roads, pipes, facades, structures, and utilities while the city remains in use. The permanent backlog of urban decay can finally be attacked continuously instead of project by project.",tech_urbanization_13,state_infrastructure_from_population_add=1; state_infrastructure_from_population_max_add=20; country_max_weekly_construction_progress_add=10; state_standard_of_living_add=0.5; state_market_access_price_impact=0.05,PM:pm_modern_real_estate_goods_infrastructure_6 | PM:pm_modern_retail_services_goods_services_7 | PM:pm_modern_recreational_services_goods_services_7 | PM:pm_modern_recreational_services_goods_tourism_services_7 | PM:pm_modern_housing_goods_services_6 | PM:pm_modern_recreational_services_intoxicants_3 | PM:pm_modern_real_estate_6 | PM:pm_modern_city_utilities_7 | PM:pm_modern_city_transport_7,New Era 11–20 technology; preserve current chain texture/category/AI-weight conventions. Generator re-reads source and preserves any upstream non-self prerequisites.,PM `pm_modern_real_estate_goods_infrastructure_6` — Vertical District Fabrication<br>PM `pm_modern_retail_services_goods_services_7` — Immersive Retail Services<br>PM `pm_modern_recreational_services_goods_services_7` — Synthetic Experience Venues<br>PM `pm_modern_recreational_services_goods_tourism_services_7` — Adaptive Destination Networks<br>PM `pm_modern_housing_goods_services_6` — Adaptive Residential Systems<br>PM `pm_modern_recreational_services_intoxicants_3` — Synthetic Recreational Chemistry<br>PM `pm_modern_real_estate_6` — Vertical District Intensity<br>PM `pm_modern_city_utilities_7` — Closed-Loop Urban Utilities<br>PM `pm_modern_city_transport_7` — Integrated Vertical Transit
tech_urbanization_15,tech_urbanization,society,15,Metropolitan Resource Loops,"Heat, water, nutrients, materials, and waste circulate through metropolitan closed loops. Cities consume fewer virgin resources not by becoming smaller, but by learning to reuse the immense flows already passing through them.",tech_urbanization_14,state_infrastructure_from_population_add=1; state_infrastructure_from_population_max_add=20; country_max_weekly_construction_progress_add=10; state_standard_of_living_add=0.5; state_market_access_price_impact=0.05,,New Era 11–20 technology; preserve current chain texture/category/AI-weight conventions. Generator re-reads source and preserves any upstream non-self prerequisites.,—
tech_urbanization_16,tech_urbanization,society,16,Adaptive Megacity Infrastructure,"Transit, utilities, land use, construction, and building operation adjust dynamically to population and economic change. A megacity can reallocate capacity without waiting decades for a new master plan to become obsolete.",tech_urbanization_15,state_infrastructure_from_population_add=1; state_infrastructure_from_population_max_add=20; country_max_weekly_construction_progress_add=10; state_standard_of_living_add=0.5; state_market_access_price_impact=0.05,PM:pm_modern_real_estate_goods_infrastructure_7 | PM:pm_modern_retail_services_goods_services_8 | PM:pm_modern_recreational_services_goods_services_8 | PM:pm_modern_recreational_services_goods_tourism_services_8 | PM:pm_modern_housing_goods_services_7 | PM:pm_modern_recreational_services_intoxicants_4 | PM:pm_modern_real_estate_7 | PM:pm_modern_city_utilities_8 | PM:pm_modern_city_transport_8,New Era 11–20 technology; preserve current chain texture/category/AI-weight conventions. Generator re-reads source and preserves any upstream non-self prerequisites.,PM `pm_modern_real_estate_goods_infrastructure_7` — Self-Repairing Urban Fabric<br>PM `pm_modern_retail_services_goods_services_8` — Predictive Distribution Retail<br>PM `pm_modern_recreational_services_goods_services_8` — Cognitive Recreation Networks<br>PM `pm_modern_recreational_services_goods_tourism_services_8` — Planetary Tourism Systems<br>PM `pm_modern_housing_goods_services_7` — Self-Repairing Housing Networks<br>PM `pm_modern_recreational_services_intoxicants_4` — Adaptive Social Consumables<br>PM `pm_modern_real_estate_7` — Self-Repairing Urban Density<br>PM `pm_modern_city_utilities_8` — Self-Repairing Utility Networks<br>PM `pm_modern_city_transport_8` — Self-Optimising Transit Networks
tech_urbanization_17,tech_urbanization,society,17,Climate-Controlled Urbanism,"Large urban environments actively control heat, humidity, air quality, flooding, and solar exposure at neighborhood scale. Climate resilience evolves from defensive engineering into continuous environmental management.",tech_urbanization_16,state_infrastructure_from_population_add=1; state_infrastructure_from_population_max_add=20; country_max_weekly_construction_progress_add=10; state_standard_of_living_add=0.5; state_market_access_price_impact=0.05,,New Era 11–20 technology; preserve current chain texture/category/AI-weight conventions. Generator re-reads source and preserves any upstream non-self prerequisites.,—
tech_urbanization_18,tech_urbanization,society,18,Planetary Urban Networks,"Cities across continents coordinate logistics, energy, information, migration, and specialized services as nodes of a planetary urban system. The effective economy of a metropolis extends far beyond its traditional commuting region.",tech_urbanization_17,state_infrastructure_from_population_add=1; state_infrastructure_from_population_max_add=20; country_max_weekly_construction_progress_add=10; state_standard_of_living_add=0.5; state_market_access_price_impact=0.05,PM:pm_modern_real_estate_goods_infrastructure_8 | PM:pm_modern_retail_services_goods_services_9 | PM:pm_modern_recreational_services_goods_services_9 | PM:pm_modern_recreational_services_goods_tourism_services_9 | PM:pm_modern_housing_goods_services_8 | PM:pm_modern_recreational_services_intoxicants_5 | PM:pm_modern_real_estate_8 | PM:pm_modern_city_utilities_9 | PM:pm_modern_city_transport_9,New Era 11–20 technology; preserve current chain texture/category/AI-weight conventions. Generator re-reads source and preserves any upstream non-self prerequisites.,PM `pm_modern_real_estate_goods_infrastructure_8` — Adaptive Megacity Fabrication<br>PM `pm_modern_retail_services_goods_services_9` — Cognitive Retail Networks<br>PM `pm_modern_recreational_services_goods_services_9` — Planetary Leisure Systems<br>PM `pm_modern_recreational_services_goods_tourism_services_9` — Off-World Tourism Networks<br>PM `pm_modern_housing_goods_services_8` — Climate-Controlled Residential Systems<br>PM `pm_modern_recreational_services_intoxicants_5` — Cognitive Leisure Chemistry<br>PM `pm_modern_real_estate_8` — Adaptive Megacity Intensity<br>PM `pm_modern_city_utilities_9` — Adaptive Megacity Utilities<br>PM `pm_modern_city_transport_9` — Planetary Urban Transit
tech_urbanization_19,tech_urbanization,society,19,City-Scale Artificial Ecologies,"Engineered ecosystems maintain biodiversity, cooling, water cycles, waste processing, and food production inside dense urban regions. The city becomes an artificial ecology capable of supporting both human civilization and deliberate living systems.",tech_urbanization_18,state_infrastructure_from_population_add=1; state_infrastructure_from_population_max_add=20; country_max_weekly_construction_progress_add=10; state_standard_of_living_add=0.5; state_market_access_price_impact=0.05,,New Era 11–20 technology; preserve current chain texture/category/AI-weight conventions. Generator re-reads source and preserves any upstream non-self prerequisites.,—
tech_urbanization_20,tech_urbanization,society,20,Mature Ecumenopolis Systems,"Urbanization reaches the mature ecumenopolis: enormous continuous networks of dense settlement whose infrastructure, ecology, logistics, and governance function at planetary scale. Nature is not absent, but increasingly designed into the fabric of civilization itself.",tech_urbanization_19,state_infrastructure_from_population_add=1; state_infrastructure_from_population_max_add=20; country_max_weekly_construction_progress_add=10; state_standard_of_living_add=0.5; state_market_access_price_impact=0.05,PM:pm_modern_real_estate_goods_infrastructure_9 | PM:pm_modern_retail_services_goods_services_10 | PM:pm_modern_recreational_services_goods_services_10 | PM:pm_modern_recreational_services_goods_tourism_services_10 | PM:pm_modern_housing_goods_services_9 | PM:pm_modern_recreational_services_intoxicants_6 | PM:pm_modern_real_estate_9 | PM:pm_modern_city_utilities_10 | PM:pm_modern_city_transport_10,New Era 11–20 technology; preserve current chain texture/category/AI-weight conventions. Generator re-reads source and preserves any upstream non-self prerequisites.,PM `pm_modern_real_estate_goods_infrastructure_9` — Ecumenopolis Structural Fabrication<br>PM `pm_modern_retail_services_goods_services_10` — Post-Labor Retail Services<br>PM `pm_modern_recreational_services_goods_services_10` — Post-Labor Recreation Services<br>PM `pm_modern_recreational_services_goods_tourism_services_10` — Civilizational Tourism Services<br>PM `pm_modern_housing_goods_services_9` — Ecumenopolis Housing Services<br>PM `pm_modern_recreational_services_intoxicants_6` — Programmable Recreational Compounds<br>PM `pm_modern_real_estate_9` — Ecumenopolis Density<br>PM `pm_modern_city_utilities_10` — Ecumenopolis Utility Systems<br>PM `pm_modern_city_transport_10` — Ecumenopolis Mobility Systems
