pm_id,localized_name,tech_id,era,pmg,owner_chain,pm_kind,stat_rule,notes
pm_modern_grain_goods_agriculture_11,Controlled-Environment Grain Production,tech_agriculture_11,11,pmg_grain_agriculture,tech_agriculture,Goods,AG-GRAIN,"V3 linear rule: derive the absolute direct-goods step from the latest three productive live PMs (pm_grain_goods_agriculture_8, pm_grain_goods_agriculture_9, pm_grain_goods_agriculture_10), then continue that same step for every new PM. goods_input_industrial_chemicals_add +1/generation, goods_input_industrial_robots_add +0.5/generation, goods_input_oil_add +1/generation, goods_input_software_add +0.5/generation, goods_output_grain_add +100/generation. Employment/domain side effects follow stat_rule AG-GRAIN; any productivity bonus uses goods_output_<good>_mult for the PMG's actual output goods."
pm_modern_fabric_goods_agriculture_11,Controlled-Environment Fiber Production,tech_agriculture_11,11,pmg_fabric_agriculture,tech_agriculture,Goods,AG-FABRIC,"V3 linear rule: derive the absolute direct-goods step from the latest three productive live PMs (pm_fabric_goods_agriculture_8, pm_fabric_goods_agriculture_9, pm_fabric_goods_agriculture_10), then continue that same step for every new PM. goods_input_industrial_chemicals_add +1/generation, goods_input_industrial_robots_add +0.5/generation, goods_input_oil_add +1/generation, goods_input_software_add +0.5/generation, goods_output_fabric_add +100/generation. Employment/domain side effects follow stat_rule AG-FABRIC; any productivity bonus uses goods_output_<good>_mult for the PMG's actual output goods."
pm_modern_fish_goods_agriculture_11,Controlled-Environment Fish Production,tech_agriculture_11,11,pmg_fish_agriculture,tech_agriculture,Goods,AG-FISH,"V3 linear rule: derive the absolute direct-goods step from the latest three productive live PMs (pm_fish_goods_agriculture_8, pm_fish_goods_agriculture_9, pm_fish_goods_agriculture_10), then continue that same step for every new PM. goods_input_industrial_chemicals_add +1/generation, goods_input_industrial_robots_add +1/generation, goods_input_oil_add +1/generation, goods_input_software_add +0.5/generation, goods_input_steamers_add +0.5/generation, goods_output_fish_add +100/generation. Employment/domain side effects follow stat_rule AG-FISH; any productivity bonus uses goods_output_<good>_mult for the PMG's actual output goods."
pm_modern_meat_goods_agriculture_11,Controlled-Environment Meat Production,tech_agriculture_11,11,pmg_meat_agriculture,tech_agriculture,Goods,AG-MEAT,"V3 linear rule: derive the absolute direct-goods step from the latest three productive live PMs (pm_meat_goods_agriculture_8, pm_meat_goods_agriculture_9, pm_meat_goods_agriculture_10), then continue that same step for every new PM. goods_input_electricity_add +1/generation, goods_input_grain_add +10/generation, goods_input_industrial_chemicals_add +1/generation, goods_input_industrial_robots_add +0.5/generation, goods_input_software_add +0.5/generation, goods_output_fabric_add +10/generation, goods_output_meat_add +100/generation. Employment/domain side effects follow stat_rule AG-MEAT; any productivity bonus uses goods_output_<good>_mult for the PMG's actual output goods."
pm_modern_fruit_goods_agriculture_11,Controlled-Environment Fruit Production,tech_agriculture_11,11,pmg_fruit_agriculture,tech_agriculture,Goods,AG-FRUIT,"V3 linear rule: derive the absolute direct-goods step from the latest three productive live PMs (pm_fruit_goods_agriculture_8, pm_fruit_goods_agriculture_9, pm_fruit_goods_agriculture_10), then continue that same step for every new PM. goods_input_industrial_chemicals_add +1/generation, goods_input_industrial_robots_add +0.5/generation, goods_input_oil_add +1/generation, goods_input_software_add +0.5/generation, goods_output_fruit_add +100/generation. Employment/domain side effects follow stat_rule AG-FRUIT; any productivity bonus uses goods_output_<good>_mult for the PMG's actual output goods."
pm_modern_tea_goods_agriculture_11,Controlled-Environment Tea Production,tech_agriculture_11,11,pmg_tea_agriculture,tech_agriculture,Goods,AG-TEA,"V3 linear rule: derive the absolute direct-goods step from the latest three productive live PMs (pm_tea_goods_agriculture_8, pm_tea_goods_agriculture_9, pm_tea_goods_agriculture_10), then continue that same step for every new PM. goods_input_industrial_chemicals_add +1/generation, goods_input_industrial_robots_add +0.5/generation, goods_input_oil_add +1/generation, goods_input_software_add +0.5/generation, goods_output_tea_add +50/generation. Employment/domain side effects follow stat_rule AG-TEA; any productivity bonus uses goods_output_<good>_mult for the PMG's actual output goods."
pm_modern_coffee_goods_agriculture_11,Controlled-Environment Coffee Production,tech_agriculture_11,11,pmg_coffee_agriculture,tech_agriculture,Goods,AG-COFFEE,"V3 linear rule: derive the absolute direct-goods step from the latest three productive live PMs (pm_coffee_goods_agriculture_8, pm_coffee_goods_agriculture_9, pm_coffee_goods_agriculture_10), then continue that same step for every new PM. goods_input_industrial_chemicals_add +1/generation, goods_input_industrial_robots_add +0.5/generation, goods_input_oil_add +1/generation, goods_input_software_add +0.5/generation, goods_output_coffee_add +50/generation. Employment/domain side effects follow stat_rule AG-COFFEE; any productivity bonus uses goods_output_<good>_mult for the PMG's actual output goods."
pm_modern_tobacco_goods_agriculture_11,Controlled-Environment Tobacco Production,tech_agriculture_11,11,pmg_tobacco_agriculture,tech_agriculture,Goods,AG-TOBACCO,"V3 linear rule: derive the absolute direct-goods step from the latest three productive live PMs (pm_tobacco_goods_agriculture_8, pm_tobacco_goods_agriculture_9, pm_tobacco_goods_agriculture_10), then continue that same step for every new PM. goods_input_industrial_chemicals_add +1/generation, goods_input_industrial_robots_add +0.5/generation, goods_input_oil_add +1/generation, goods_input_software_add +0.5/generation, goods_output_tobacco_add +50/generation. Employment/domain side effects follow stat_rule AG-TOBACCO; any productivity bonus uses goods_output_<good>_mult for the PMG's actual output goods."
pm_modern_wine_goods_agriculture_11,Controlled-Environment Wine Production,tech_agriculture_11,11,pmg_wine_agriculture,tech_agriculture,Goods,AG-WINE,"V3 linear rule: derive the absolute direct-goods step from the latest three productive live PMs (pm_wine_goods_agriculture_8, pm_wine_goods_agriculture_9, pm_wine_goods_agriculture_10), then continue that same step for every new PM. goods_input_industrial_chemicals_add +2/generation, goods_input_industrial_robots_add +0.5/generation, goods_input_oil_add +1/generation, goods_input_software_add +0.5/generation, goods_output_wine_add +50/generation. Employment/domain side effects follow stat_rule AG-WINE; any productivity bonus uses goods_output_<good>_mult for the PMG's actual output goods."
pm_modern_opium_goods_agriculture_11,Controlled-Environment Opium Production,tech_agriculture_11,11,pmg_opium_agriculture,tech_agriculture,Goods,AG-OPIUM,"V3 linear rule: derive the absolute direct-goods step from the latest three productive live PMs (pm_opium_goods_agriculture_8, pm_opium_goods_agriculture_9, pm_opium_goods_agriculture_10), then continue that same step for every new PM. goods_input_industrial_chemicals_add +2/generation, goods_input_industrial_robots_add +0.5/generation, goods_input_oil_add +1/generation, goods_input_software_add +0.5/generation, goods_output_opium_add +50/generation. Employment/domain side effects follow stat_rule AG-OPIUM; any productivity bonus uses goods_output_<good>_mult for the PMG's actual output goods."
pm_modern_rubber_goods_agriculture_11,Controlled-Environment Natural Rubber Production,tech_agriculture_11,11,pmg_rubber_agriculture,tech_agriculture,Goods,AG-RUBBER,"V3 linear rule: derive the absolute direct-goods step from the latest three productive live PMs (pm_rubber_goods_agriculture_8, pm_rubber_goods_agriculture_9, pm_rubber_goods_agriculture_10), then continue that same step for every new PM. goods_input_industrial_chemicals_add +1/generation, goods_input_industrial_robots_add +0.5/generation, goods_input_oil_add +1/generation, goods_input_software_add +0.5/generation, goods_output_rubber_add +100/generation. Employment/domain side effects follow stat_rule AG-RUBBER; any productivity bonus uses goods_output_<good>_mult for the PMG's actual output goods."
pm_modern_grain_goods_agriculture_12,Synthetic-Soil Grain Cultivation,tech_agriculture_12,12,pmg_grain_agriculture,tech_agriculture,Goods,AG-GRAIN,"V3 linear rule: derive the absolute direct-goods step from the latest three productive live PMs (pm_grain_goods_agriculture_8, pm_grain_goods_agriculture_9, pm_grain_goods_agriculture_10), then continue that same step for every new PM. goods_input_industrial_chemicals_add +1/generation, goods_input_industrial_robots_add +0.5/generation, goods_input_oil_add +1/generation, goods_input_software_add +0.5/generation, goods_output_grain_add +100/generation. Employment/domain side effects follow stat_rule AG-GRAIN; any productivity bonus uses goods_output_<good>_mult for the PMG's actual output goods."
pm_modern_fabric_goods_agriculture_12,Synthetic-Soil Fiber Cultivation,tech_agriculture_12,12,pmg_fabric_agriculture,tech_agriculture,Goods,AG-FABRIC,"V3 linear rule: derive the absolute direct-goods step from the latest three productive live PMs (pm_fabric_goods_agriculture_8, pm_fabric_goods_agriculture_9, pm_fabric_goods_agriculture_10), then continue that same step for every new PM. goods_input_industrial_chemicals_add +1/generation, goods_input_industrial_robots_add +0.5/generation, goods_input_oil_add +1/generation, goods_input_software_add +0.5/generation, goods_output_fabric_add +100/generation. Employment/domain side effects follow stat_rule AG-FABRIC; any productivity bonus uses goods_output_<good>_mult for the PMG's actual output goods."
pm_modern_fish_goods_agriculture_12,Synthetic-Soil Fish Cultivation,tech_agriculture_12,12,pmg_fish_agriculture,tech_agriculture,Goods,AG-FISH,"V3 linear rule: derive the absolute direct-goods step from the latest three productive live PMs (pm_fish_goods_agriculture_8, pm_fish_goods_agriculture_9, pm_fish_goods_agriculture_10), then continue that same step for every new PM. goods_input_industrial_chemicals_add +1/generation, goods_input_industrial_robots_add +1/generation, goods_input_oil_add +1/generation, goods_input_software_add +0.5/generation, goods_input_steamers_add +0.5/generation, goods_output_fish_add +100/generation. Employment/domain side effects follow stat_rule AG-FISH; any productivity bonus uses goods_output_<good>_mult for the PMG's actual output goods."
pm_modern_meat_goods_agriculture_12,Synthetic-Soil Meat Cultivation,tech_agriculture_12,12,pmg_meat_agriculture,tech_agriculture,Goods,AG-MEAT,"V3 linear rule: derive the absolute direct-goods step from the latest three productive live PMs (pm_meat_goods_agriculture_8, pm_meat_goods_agriculture_9, pm_meat_goods_agriculture_10), then continue that same step for every new PM. goods_input_electricity_add +1/generation, goods_input_grain_add +10/generation, goods_input_industrial_chemicals_add +1/generation, goods_input_industrial_robots_add +0.5/generation, goods_input_software_add +0.5/generation, goods_output_fabric_add +10/generation, goods_output_meat_add +100/generation. Employment/domain side effects follow stat_rule AG-MEAT; any productivity bonus uses goods_output_<good>_mult for the PMG's actual output goods."
pm_modern_fruit_goods_agriculture_12,Synthetic-Soil Fruit Cultivation,tech_agriculture_12,12,pmg_fruit_agriculture,tech_agriculture,Goods,AG-FRUIT,"V3 linear rule: derive the absolute direct-goods step from the latest three productive live PMs (pm_fruit_goods_agriculture_8, pm_fruit_goods_agriculture_9, pm_fruit_goods_agriculture_10), then continue that same step for every new PM. goods_input_industrial_chemicals_add +1/generation, goods_input_industrial_robots_add +0.5/generation, goods_input_oil_add +1/generation, goods_input_software_add +0.5/generation, goods_output_fruit_add +100/generation. Employment/domain side effects follow stat_rule AG-FRUIT; any productivity bonus uses goods_output_<good>_mult for the PMG's actual output goods."
pm_modern_tea_goods_agriculture_12,Synthetic-Soil Tea Cultivation,tech_agriculture_12,12,pmg_tea_agriculture,tech_agriculture,Goods,AG-TEA,"V3 linear rule: derive the absolute direct-goods step from the latest three productive live PMs (pm_tea_goods_agriculture_8, pm_tea_goods_agriculture_9, pm_tea_goods_agriculture_10), then continue that same step for every new PM. goods_input_industrial_chemicals_add +1/generation, goods_input_industrial_robots_add +0.5/generation, goods_input_oil_add +1/generation, goods_input_software_add +0.5/generation, goods_output_tea_add +50/generation. Employment/domain side effects follow stat_rule AG-TEA; any productivity bonus uses goods_output_<good>_mult for the PMG's actual output goods."
pm_modern_coffee_goods_agriculture_12,Synthetic-Soil Coffee Cultivation,tech_agriculture_12,12,pmg_coffee_agriculture,tech_agriculture,Goods,AG-COFFEE,"V3 linear rule: derive the absolute direct-goods step from the latest three productive live PMs (pm_coffee_goods_agriculture_8, pm_coffee_goods_agriculture_9, pm_coffee_goods_agriculture_10), then continue that same step for every new PM. goods_input_industrial_chemicals_add +1/generation, goods_input_industrial_robots_add +0.5/generation, goods_input_oil_add +1/generation, goods_input_software_add +0.5/generation, goods_output_coffee_add +50/generation. Employment/domain side effects follow stat_rule AG-COFFEE; any productivity bonus uses goods_output_<good>_mult for the PMG's actual output goods."
pm_modern_tobacco_goods_agriculture_12,Synthetic-Soil Tobacco Cultivation,tech_agriculture_12,12,pmg_tobacco_agriculture,tech_agriculture,Goods,AG-TOBACCO,"V3 linear rule: derive the absolute direct-goods step from the latest three productive live PMs (pm_tobacco_goods_agriculture_8, pm_tobacco_goods_agriculture_9, pm_tobacco_goods_agriculture_10), then continue that same step for every new PM. goods_input_industrial_chemicals_add +1/generation, goods_input_industrial_robots_add +0.5/generation, goods_input_oil_add +1/generation, goods_input_software_add +0.5/generation, goods_output_tobacco_add +50/generation. Employment/domain side effects follow stat_rule AG-TOBACCO; any productivity bonus uses goods_output_<good>_mult for the PMG's actual output goods."
pm_modern_wine_goods_agriculture_12,Synthetic-Soil Wine Cultivation,tech_agriculture_12,12,pmg_wine_agriculture,tech_agriculture,Goods,AG-WINE,"V3 linear rule: derive the absolute direct-goods step from the latest three productive live PMs (pm_wine_goods_agriculture_8, pm_wine_goods_agriculture_9, pm_wine_goods_agriculture_10), then continue that same step for every new PM. goods_input_industrial_chemicals_add +2/generation, goods_input_industrial_robots_add +0.5/generation, goods_input_oil_add +1/generation, goods_input_software_add +0.5/generation, goods_output_wine_add +50/generation. Employment/domain side effects follow stat_rule AG-WINE; any productivity bonus uses goods_output_<good>_mult for the PMG's actual output goods."
pm_modern_opium_goods_agriculture_12,Synthetic-Soil Opium Cultivation,tech_agriculture_12,12,pmg_opium_agriculture,tech_agriculture,Goods,AG-OPIUM,"V3 linear rule: derive the absolute direct-goods step from the latest three productive live PMs (pm_opium_goods_agriculture_8, pm_opium_goods_agriculture_9, pm_opium_goods_agriculture_10), then continue that same step for every new PM. goods_input_industrial_chemicals_add +2/generation, goods_input_industrial_robots_add +0.5/generation, goods_input_oil_add +1/generation, goods_input_software_add +0.5/generation, goods_output_opium_add +50/generation. Employment/domain side effects follow stat_rule AG-OPIUM; any productivity bonus uses goods_output_<good>_mult for the PMG's actual output goods."
pm_modern_rubber_goods_agriculture_12,Synthetic-Soil Natural Rubber Cultivation,tech_agriculture_12,12,pmg_rubber_agriculture,tech_agriculture,Goods,AG-RUBBER,"V3 linear rule: derive the absolute direct-goods step from the latest three productive live PMs (pm_rubber_goods_agriculture_8, pm_rubber_goods_agriculture_9, pm_rubber_goods_agriculture_10), then continue that same step for every new PM. goods_input_industrial_chemicals_add +1/generation, goods_input_industrial_robots_add +0.5/generation, goods_input_oil_add +1/generation, goods_input_software_add +0.5/generation, goods_output_rubber_add +100/generation. Employment/domain side effects follow stat_rule AG-RUBBER; any productivity bonus uses goods_output_<good>_mult for the PMG's actual output goods."
pm_modern_grain_goods_agriculture_13,Autonomous Grain Production,tech_agriculture_13,13,pmg_grain_agriculture,tech_agriculture,Goods,AG-GRAIN,"V3 linear rule: derive the absolute direct-goods step from the latest three productive live PMs (pm_grain_goods_agriculture_8, pm_grain_goods_agriculture_9, pm_grain_goods_agriculture_10), then continue that same step for every new PM. goods_input_industrial_chemicals_add +1/generation, goods_input_industrial_robots_add +0.5/generation, goods_input_oil_add +1/generation, goods_input_software_add +0.5/generation, goods_output_grain_add +100/generation. Employment/domain side effects follow stat_rule AG-GRAIN; any productivity bonus uses goods_output_<good>_mult for the PMG's actual output goods."
pm_modern_fabric_goods_agriculture_13,Autonomous Fiber Production,tech_agriculture_13,13,pmg_fabric_agriculture,tech_agriculture,Goods,AG-FABRIC,"V3 linear rule: derive the absolute direct-goods step from the latest three productive live PMs (pm_fabric_goods_agriculture_8, pm_fabric_goods_agriculture_9, pm_fabric_goods_agriculture_10), then continue that same step for every new PM. goods_input_industrial_chemicals_add +1/generation, goods_input_industrial_robots_add +0.5/generation, goods_input_oil_add +1/generation, goods_input_software_add +0.5/generation, goods_output_fabric_add +100/generation. Employment/domain side effects follow stat_rule AG-FABRIC; any productivity bonus uses goods_output_<good>_mult for the PMG's actual output goods."
pm_modern_fish_goods_agriculture_13,Autonomous Fish Production,tech_agriculture_13,13,pmg_fish_agriculture,tech_agriculture,Goods,AG-FISH,"V3 linear rule: derive the absolute direct-goods step from the latest three productive live PMs (pm_fish_goods_agriculture_8, pm_fish_goods_agriculture_9, pm_fish_goods_agriculture_10), then continue that same step for every new PM. goods_input_industrial_chemicals_add +1/generation, goods_input_industrial_robots_add +1/generation, goods_input_oil_add +1/generation, goods_input_software_add +0.5/generation, goods_input_steamers_add +0.5/generation, goods_output_fish_add +100/generation. Employment/domain side effects follow stat_rule AG-FISH; any productivity bonus uses goods_output_<good>_mult for the PMG's actual output goods."
pm_modern_meat_goods_agriculture_13,Autonomous Meat Production,tech_agriculture_13,13,pmg_meat_agriculture,tech_agriculture,Goods,AG-MEAT,"V3 linear rule: derive the absolute direct-goods step from the latest three productive live PMs (pm_meat_goods_agriculture_8, pm_meat_goods_agriculture_9, pm_meat_goods_agriculture_10), then continue that same step for every new PM. goods_input_electricity_add +1/generation, goods_input_grain_add +10/generation, goods_input_industrial_chemicals_add +1/generation, goods_input_industrial_robots_add +0.5/generation, goods_input_software_add +0.5/generation, goods_output_fabric_add +10/generation, goods_output_meat_add +100/generation. Employment/domain side effects follow stat_rule AG-MEAT; any productivity bonus uses goods_output_<good>_mult for the PMG's actual output goods."
pm_modern_fruit_goods_agriculture_13,Autonomous Fruit Production,tech_agriculture_13,13,pmg_fruit_agriculture,tech_agriculture,Goods,AG-FRUIT,"V3 linear rule: derive the absolute direct-goods step from the latest three productive live PMs (pm_fruit_goods_agriculture_8, pm_fruit_goods_agriculture_9, pm_fruit_goods_agriculture_10), then continue that same step for every new PM. goods_input_industrial_chemicals_add +1/generation, goods_input_industrial_robots_add +0.5/generation, goods_input_oil_add +1/generation, goods_input_software_add +0.5/generation, goods_output_fruit_add +100/generation. Employment/domain side effects follow stat_rule AG-FRUIT; any productivity bonus uses goods_output_<good>_mult for the PMG's actual output goods."
pm_modern_tea_goods_agriculture_13,Autonomous Tea Production,tech_agriculture_13,13,pmg_tea_agriculture,tech_agriculture,Goods,AG-TEA,"V3 linear rule: derive the absolute direct-goods step from the latest three productive live PMs (pm_tea_goods_agriculture_8, pm_tea_goods_agriculture_9, pm_tea_goods_agriculture_10), then continue that same step for every new PM. goods_input_industrial_chemicals_add +1/generation, goods_input_industrial_robots_add +0.5/generation, goods_input_oil_add +1/generation, goods_input_software_add +0.5/generation, goods_output_tea_add +50/generation. Employment/domain side effects follow stat_rule AG-TEA; any productivity bonus uses goods_output_<good>_mult for the PMG's actual output goods."
pm_modern_coffee_goods_agriculture_13,Autonomous Coffee Production,tech_agriculture_13,13,pmg_coffee_agriculture,tech_agriculture,Goods,AG-COFFEE,"V3 linear rule: derive the absolute direct-goods step from the latest three productive live PMs (pm_coffee_goods_agriculture_8, pm_coffee_goods_agriculture_9, pm_coffee_goods_agriculture_10), then continue that same step for every new PM. goods_input_industrial_chemicals_add +1/generation, goods_input_industrial_robots_add +0.5/generation, goods_input_oil_add +1/generation, goods_input_software_add +0.5/generation, goods_output_coffee_add +50/generation. Employment/domain side effects follow stat_rule AG-COFFEE; any productivity bonus uses goods_output_<good>_mult for the PMG's actual output goods."
pm_modern_tobacco_goods_agriculture_13,Autonomous Tobacco Production,tech_agriculture_13,13,pmg_tobacco_agriculture,tech_agriculture,Goods,AG-TOBACCO,"V3 linear rule: derive the absolute direct-goods step from the latest three productive live PMs (pm_tobacco_goods_agriculture_8, pm_tobacco_goods_agriculture_9, pm_tobacco_goods_agriculture_10), then continue that same step for every new PM. goods_input_industrial_chemicals_add +1/generation, goods_input_industrial_robots_add +0.5/generation, goods_input_oil_add +1/generation, goods_input_software_add +0.5/generation, goods_output_tobacco_add +50/generation. Employment/domain side effects follow stat_rule AG-TOBACCO; any productivity bonus uses goods_output_<good>_mult for the PMG's actual output goods."
pm_modern_wine_goods_agriculture_13,Autonomous Wine Production,tech_agriculture_13,13,pmg_wine_agriculture,tech_agriculture,Goods,AG-WINE,"V3 linear rule: derive the absolute direct-goods step from the latest three productive live PMs (pm_wine_goods_agriculture_8, pm_wine_goods_agriculture_9, pm_wine_goods_agriculture_10), then continue that same step for every new PM. goods_input_industrial_chemicals_add +2/generation, goods_input_industrial_robots_add +0.5/generation, goods_input_oil_add +1/generation, goods_input_software_add +0.5/generation, goods_output_wine_add +50/generation. Employment/domain side effects follow stat_rule AG-WINE; any productivity bonus uses goods_output_<good>_mult for the PMG's actual output goods."
pm_modern_opium_goods_agriculture_13,Autonomous Opium Production,tech_agriculture_13,13,pmg_opium_agriculture,tech_agriculture,Goods,AG-OPIUM,"V3 linear rule: derive the absolute direct-goods step from the latest three productive live PMs (pm_opium_goods_agriculture_8, pm_opium_goods_agriculture_9, pm_opium_goods_agriculture_10), then continue that same step for every new PM. goods_input_industrial_chemicals_add +2/generation, goods_input_industrial_robots_add +0.5/generation, goods_input_oil_add +1/generation, goods_input_software_add +0.5/generation, goods_output_opium_add +50/generation. Employment/domain side effects follow stat_rule AG-OPIUM; any productivity bonus uses goods_output_<good>_mult for the PMG's actual output goods."
pm_modern_rubber_goods_agriculture_13,Autonomous Natural Rubber Production,tech_agriculture_13,13,pmg_rubber_agriculture,tech_agriculture,Goods,AG-RUBBER,"V3 linear rule: derive the absolute direct-goods step from the latest three productive live PMs (pm_rubber_goods_agriculture_8, pm_rubber_goods_agriculture_9, pm_rubber_goods_agriculture_10), then continue that same step for every new PM. goods_input_industrial_chemicals_add +1/generation, goods_input_industrial_robots_add +0.5/generation, goods_input_oil_add +1/generation, goods_input_software_add +0.5/generation, goods_output_rubber_add +100/generation. Employment/domain side effects follow stat_rule AG-RUBBER; any productivity bonus uses goods_output_<good>_mult for the PMG's actual output goods."
pm_modern_grain_goods_agriculture_14,Microbiome-Optimized Grain Cultivation,tech_agriculture_14,14,pmg_grain_agriculture,tech_agriculture,Goods,AG-GRAIN,"V3 linear rule: derive the absolute direct-goods step from the latest three productive live PMs (pm_grain_goods_agriculture_8, pm_grain_goods_agriculture_9, pm_grain_goods_agriculture_10), then continue that same step for every new PM. goods_input_industrial_chemicals_add +1/generation, goods_input_industrial_robots_add +0.5/generation, goods_input_oil_add +1/generation, goods_input_software_add +0.5/generation, goods_output_grain_add +100/generation. Employment/domain side effects follow stat_rule AG-GRAIN; any productivity bonus uses goods_output_<good>_mult for the PMG's actual output goods."
pm_modern_fabric_goods_agriculture_14,Microbiome-Optimized Fiber Cultivation,tech_agriculture_14,14,pmg_fabric_agriculture,tech_agriculture,Goods,AG-FABRIC,"V3 linear rule: derive the absolute direct-goods step from the latest three productive live PMs (pm_fabric_goods_agriculture_8, pm_fabric_goods_agriculture_9, pm_fabric_goods_agriculture_10), then continue that same step for every new PM. goods_input_industrial_chemicals_add +1/generation, goods_input_industrial_robots_add +0.5/generation, goods_input_oil_add +1/generation, goods_input_software_add +0.5/generation, goods_output_fabric_add +100/generation. Employment/domain side effects follow stat_rule AG-FABRIC; any productivity bonus uses goods_output_<good>_mult for the PMG's actual output goods."
pm_modern_fish_goods_agriculture_14,Microbiome-Optimized Fish Cultivation,tech_agriculture_14,14,pmg_fish_agriculture,tech_agriculture,Goods,AG-FISH,"V3 linear rule: derive the absolute direct-goods step from the latest three productive live PMs (pm_fish_goods_agriculture_8, pm_fish_goods_agriculture_9, pm_fish_goods_agriculture_10), then continue that same step for every new PM. goods_input_industrial_chemicals_add +1/generation, goods_input_industrial_robots_add +1/generation, goods_input_oil_add +1/generation, goods_input_software_add +0.5/generation, goods_input_steamers_add +0.5/generation, goods_output_fish_add +100/generation. Employment/domain side effects follow stat_rule AG-FISH; any productivity bonus uses goods_output_<good>_mult for the PMG's actual output goods."
pm_modern_meat_goods_agriculture_14,Microbiome-Optimized Meat Cultivation,tech_agriculture_14,14,pmg_meat_agriculture,tech_agriculture,Goods,AG-MEAT,"V3 linear rule: derive the absolute direct-goods step from the latest three productive live PMs (pm_meat_goods_agriculture_8, pm_meat_goods_agriculture_9, pm_meat_goods_agriculture_10), then continue that same step for every new PM. goods_input_electricity_add +1/generation, goods_input_grain_add +10/generation, goods_input_industrial_chemicals_add +1/generation, goods_input_industrial_robots_add +0.5/generation, goods_input_software_add +0.5/generation, goods_output_fabric_add +10/generation, goods_output_meat_add +100/generation. Employment/domain side effects follow stat_rule AG-MEAT; any productivity bonus uses goods_output_<good>_mult for the PMG's actual output goods."
pm_modern_fruit_goods_agriculture_14,Microbiome-Optimized Fruit Cultivation,tech_agriculture_14,14,pmg_fruit_agriculture,tech_agriculture,Goods,AG-FRUIT,"V3 linear rule: derive the absolute direct-goods step from the latest three productive live PMs (pm_fruit_goods_agriculture_8, pm_fruit_goods_agriculture_9, pm_fruit_goods_agriculture_10), then continue that same step for every new PM. goods_input_industrial_chemicals_add +1/generation, goods_input_industrial_robots_add +0.5/generation, goods_input_oil_add +1/generation, goods_input_software_add +0.5/generation, goods_output_fruit_add +100/generation. Employment/domain side effects follow stat_rule AG-FRUIT; any productivity bonus uses goods_output_<good>_mult for the PMG's actual output goods."
pm_modern_tea_goods_agriculture_14,Microbiome-Optimized Tea Cultivation,tech_agriculture_14,14,pmg_tea_agriculture,tech_agriculture,Goods,AG-TEA,"V3 linear rule: derive the absolute direct-goods step from the latest three productive live PMs (pm_tea_goods_agriculture_8, pm_tea_goods_agriculture_9, pm_tea_goods_agriculture_10), then continue that same step for every new PM. goods_input_industrial_chemicals_add +1/generation, goods_input_industrial_robots_add +0.5/generation, goods_input_oil_add +1/generation, goods_input_software_add +0.5/generation, goods_output_tea_add +50/generation. Employment/domain side effects follow stat_rule AG-TEA; any productivity bonus uses goods_output_<good>_mult for the PMG's actual output goods."
pm_modern_coffee_goods_agriculture_14,Microbiome-Optimized Coffee Cultivation,tech_agriculture_14,14,pmg_coffee_agriculture,tech_agriculture,Goods,AG-COFFEE,"V3 linear rule: derive the absolute direct-goods step from the latest three productive live PMs (pm_coffee_goods_agriculture_8, pm_coffee_goods_agriculture_9, pm_coffee_goods_agriculture_10), then continue that same step for every new PM. goods_input_industrial_chemicals_add +1/generation, goods_input_industrial_robots_add +0.5/generation, goods_input_oil_add +1/generation, goods_input_software_add +0.5/generation, goods_output_coffee_add +50/generation. Employment/domain side effects follow stat_rule AG-COFFEE; any productivity bonus uses goods_output_<good>_mult for the PMG's actual output goods."
pm_modern_tobacco_goods_agriculture_14,Microbiome-Optimized Tobacco Cultivation,tech_agriculture_14,14,pmg_tobacco_agriculture,tech_agriculture,Goods,AG-TOBACCO,"V3 linear rule: derive the absolute direct-goods step from the latest three productive live PMs (pm_tobacco_goods_agriculture_8, pm_tobacco_goods_agriculture_9, pm_tobacco_goods_agriculture_10), then continue that same step for every new PM. goods_input_industrial_chemicals_add +1/generation, goods_input_industrial_robots_add +0.5/generation, goods_input_oil_add +1/generation, goods_input_software_add +0.5/generation, goods_output_tobacco_add +50/generation. Employment/domain side effects follow stat_rule AG-TOBACCO; any productivity bonus uses goods_output_<good>_mult for the PMG's actual output goods."
pm_modern_wine_goods_agriculture_14,Microbiome-Optimized Wine Cultivation,tech_agriculture_14,14,pmg_wine_agriculture,tech_agriculture,Goods,AG-WINE,"V3 linear rule: derive the absolute direct-goods step from the latest three productive live PMs (pm_wine_goods_agriculture_8, pm_wine_goods_agriculture_9, pm_wine_goods_agriculture_10), then continue that same step for every new PM. goods_input_industrial_chemicals_add +2/generation, goods_input_industrial_robots_add +0.5/generation, goods_input_oil_add +1/generation, goods_input_software_add +0.5/generation, goods_output_wine_add +50/generation. Employment/domain side effects follow stat_rule AG-WINE; any productivity bonus uses goods_output_<good>_mult for the PMG's actual output goods."
pm_modern_opium_goods_agriculture_14,Microbiome-Optimized Opium Cultivation,tech_agriculture_14,14,pmg_opium_agriculture,tech_agriculture,Goods,AG-OPIUM,"V3 linear rule: derive the absolute direct-goods step from the latest three productive live PMs (pm_opium_goods_agriculture_8, pm_opium_goods_agriculture_9, pm_opium_goods_agriculture_10), then continue that same step for every new PM. goods_input_industrial_chemicals_add +2/generation, goods_input_industrial_robots_add +0.5/generation, goods_input_oil_add +1/generation, goods_input_software_add +0.5/generation, goods_output_opium_add +50/generation. Employment/domain side effects follow stat_rule AG-OPIUM; any productivity bonus uses goods_output_<good>_mult for the PMG's actual output goods."
pm_modern_rubber_goods_agriculture_14,Microbiome-Optimized Natural Rubber Cultivation,tech_agriculture_14,14,pmg_rubber_agriculture,tech_agriculture,Goods,AG-RUBBER,"V3 linear rule: derive the absolute direct-goods step from the latest three productive live PMs (pm_rubber_goods_agriculture_8, pm_rubber_goods_agriculture_9, pm_rubber_goods_agriculture_10), then continue that same step for every new PM. goods_input_industrial_chemicals_add +1/generation, goods_input_industrial_robots_add +0.5/generation, goods_input_oil_add +1/generation, goods_input_software_add +0.5/generation, goods_output_rubber_add +100/generation. Employment/domain side effects follow stat_rule AG-RUBBER; any productivity bonus uses goods_output_<good>_mult for the PMG's actual output goods."
pm_modern_grain_goods_agriculture_15,Closed-Loop Grain Agroindustry,tech_agriculture_15,15,pmg_grain_agriculture,tech_agriculture,Goods,AG-GRAIN,"V3 linear rule: derive the absolute direct-goods step from the latest three productive live PMs (pm_grain_goods_agriculture_8, pm_grain_goods_agriculture_9, pm_grain_goods_agriculture_10), then continue that same step for every new PM. goods_input_industrial_chemicals_add +1/generation, goods_input_industrial_robots_add +0.5/generation, goods_input_oil_add +1/generation, goods_input_software_add +0.5/generation, goods_output_grain_add +100/generation. Employment/domain side effects follow stat_rule AG-GRAIN; any productivity bonus uses goods_output_<good>_mult for the PMG's actual output goods."
pm_modern_fabric_goods_agriculture_15,Closed-Loop Fiber Agroindustry,tech_agriculture_15,15,pmg_fabric_agriculture,tech_agriculture,Goods,AG-FABRIC,"V3 linear rule: derive the absolute direct-goods step from the latest three productive live PMs (pm_fabric_goods_agriculture_8, pm_fabric_goods_agriculture_9, pm_fabric_goods_agriculture_10), then continue that same step for every new PM. goods_input_industrial_chemicals_add +1/generation, goods_input_industrial_robots_add +0.5/generation, goods_input_oil_add +1/generation, goods_input_software_add +0.5/generation, goods_output_fabric_add +100/generation. Employment/domain side effects follow stat_rule AG-FABRIC; any productivity bonus uses goods_output_<good>_mult for the PMG's actual output goods."
pm_modern_fish_goods_agriculture_15,Closed-Loop Fish Agroindustry,tech_agriculture_15,15,pmg_fish_agriculture,tech_agriculture,Goods,AG-FISH,"V3 linear rule: derive the absolute direct-goods step from the latest three productive live PMs (pm_fish_goods_agriculture_8, pm_fish_goods_agriculture_9, pm_fish_goods_agriculture_10), then continue that same step for every new PM. goods_input_industrial_chemicals_add +1/generation, goods_input_industrial_robots_add +1/generation, goods_input_oil_add +1/generation, goods_input_software_add +0.5/generation, goods_input_steamers_add +0.5/generation, goods_output_fish_add +100/generation. Employment/domain side effects follow stat_rule AG-FISH; any productivity bonus uses goods_output_<good>_mult for the PMG's actual output goods."
pm_modern_meat_goods_agriculture_15,Closed-Loop Meat Agroindustry,tech_agriculture_15,15,pmg_meat_agriculture,tech_agriculture,Goods,AG-MEAT,"V3 linear rule: derive the absolute direct-goods step from the latest three productive live PMs (pm_meat_goods_agriculture_8, pm_meat_goods_agriculture_9, pm_meat_goods_agriculture_10), then continue that same step for every new PM. goods_input_electricity_add +1/generation, goods_input_grain_add +10/generation, goods_input_industrial_chemicals_add +1/generation, goods_input_industrial_robots_add +0.5/generation, goods_input_software_add +0.5/generation, goods_output_fabric_add +10/generation, goods_output_meat_add +100/generation. Employment/domain side effects follow stat_rule AG-MEAT; any productivity bonus uses goods_output_<good>_mult for the PMG's actual output goods."
pm_modern_fruit_goods_agriculture_15,Closed-Loop Fruit Agroindustry,tech_agriculture_15,15,pmg_fruit_agriculture,tech_agriculture,Goods,AG-FRUIT,"V3 linear rule: derive the absolute direct-goods step from the latest three productive live PMs (pm_fruit_goods_agriculture_8, pm_fruit_goods_agriculture_9, pm_fruit_goods_agriculture_10), then continue that same step for every new PM. goods_input_industrial_chemicals_add +1/generation, goods_input_industrial_robots_add +0.5/generation, goods_input_oil_add +1/generation, goods_input_software_add +0.5/generation, goods_output_fruit_add +100/generation. Employment/domain side effects follow stat_rule AG-FRUIT; any productivity bonus uses goods_output_<good>_mult for the PMG's actual output goods."
pm_modern_tea_goods_agriculture_15,Closed-Loop Tea Agroindustry,tech_agriculture_15,15,pmg_tea_agriculture,tech_agriculture,Goods,AG-TEA,"V3 linear rule: derive the absolute direct-goods step from the latest three productive live PMs (pm_tea_goods_agriculture_8, pm_tea_goods_agriculture_9, pm_tea_goods_agriculture_10), then continue that same step for every new PM. goods_input_industrial_chemicals_add +1/generation, goods_input_industrial_robots_add +0.5/generation, goods_input_oil_add +1/generation, goods_input_software_add +0.5/generation, goods_output_tea_add +50/generation. Employment/domain side effects follow stat_rule AG-TEA; any productivity bonus uses goods_output_<good>_mult for the PMG's actual output goods."
pm_modern_coffee_goods_agriculture_15,Closed-Loop Coffee Agroindustry,tech_agriculture_15,15,pmg_coffee_agriculture,tech_agriculture,Goods,AG-COFFEE,"V3 linear rule: derive the absolute direct-goods step from the latest three productive live PMs (pm_coffee_goods_agriculture_8, pm_coffee_goods_agriculture_9, pm_coffee_goods_agriculture_10), then continue that same step for every new PM. goods_input_industrial_chemicals_add +1/generation, goods_input_industrial_robots_add +0.5/generation, goods_input_oil_add +1/generation, goods_input_software_add +0.5/generation, goods_output_coffee_add +50/generation. Employment/domain side effects follow stat_rule AG-COFFEE; any productivity bonus uses goods_output_<good>_mult for the PMG's actual output goods."
pm_modern_tobacco_goods_agriculture_15,Closed-Loop Tobacco Agroindustry,tech_agriculture_15,15,pmg_tobacco_agriculture,tech_agriculture,Goods,AG-TOBACCO,"V3 linear rule: derive the absolute direct-goods step from the latest three productive live PMs (pm_tobacco_goods_agriculture_8, pm_tobacco_goods_agriculture_9, pm_tobacco_goods_agriculture_10), then continue that same step for every new PM. goods_input_industrial_chemicals_add +1/generation, goods_input_industrial_robots_add +0.5/generation, goods_input_oil_add +1/generation, goods_input_software_add +0.5/generation, goods_output_tobacco_add +50/generation. Employment/domain side effects follow stat_rule AG-TOBACCO; any productivity bonus uses goods_output_<good>_mult for the PMG's actual output goods."
pm_modern_wine_goods_agriculture_15,Closed-Loop Wine Agroindustry,tech_agriculture_15,15,pmg_wine_agriculture,tech_agriculture,Goods,AG-WINE,"V3 linear rule: derive the absolute direct-goods step from the latest three productive live PMs (pm_wine_goods_agriculture_8, pm_wine_goods_agriculture_9, pm_wine_goods_agriculture_10), then continue that same step for every new PM. goods_input_industrial_chemicals_add +2/generation, goods_input_industrial_robots_add +0.5/generation, goods_input_oil_add +1/generation, goods_input_software_add +0.5/generation, goods_output_wine_add +50/generation. Employment/domain side effects follow stat_rule AG-WINE; any productivity bonus uses goods_output_<good>_mult for the PMG's actual output goods."
pm_modern_opium_goods_agriculture_15,Closed-Loop Opium Agroindustry,tech_agriculture_15,15,pmg_opium_agriculture,tech_agriculture,Goods,AG-OPIUM,"V3 linear rule: derive the absolute direct-goods step from the latest three productive live PMs (pm_opium_goods_agriculture_8, pm_opium_goods_agriculture_9, pm_opium_goods_agriculture_10), then continue that same step for every new PM. goods_input_industrial_chemicals_add +2/generation, goods_input_industrial_robots_add +0.5/generation, goods_input_oil_add +1/generation, goods_input_software_add +0.5/generation, goods_output_opium_add +50/generation. Employment/domain side effects follow stat_rule AG-OPIUM; any productivity bonus uses goods_output_<good>_mult for the PMG's actual output goods."
pm_modern_rubber_goods_agriculture_15,Closed-Loop Natural Rubber Agroindustry,tech_agriculture_15,15,pmg_rubber_agriculture,tech_agriculture,Goods,AG-RUBBER,"V3 linear rule: derive the absolute direct-goods step from the latest three productive live PMs (pm_rubber_goods_agriculture_8, pm_rubber_goods_agriculture_9, pm_rubber_goods_agriculture_10), then continue that same step for every new PM. goods_input_industrial_chemicals_add +1/generation, goods_input_industrial_robots_add +0.5/generation, goods_input_oil_add +1/generation, goods_input_software_add +0.5/generation, goods_output_rubber_add +100/generation. Employment/domain side effects follow stat_rule AG-RUBBER; any productivity bonus uses goods_output_<good>_mult for the PMG's actual output goods."
pm_modern_grain_goods_agriculture_16,Climate-Sealed Grain Production,tech_agriculture_16,16,pmg_grain_agriculture,tech_agriculture,Goods,AG-GRAIN,"V3 linear rule: derive the absolute direct-goods step from the latest three productive live PMs (pm_grain_goods_agriculture_8, pm_grain_goods_agriculture_9, pm_grain_goods_agriculture_10), then continue that same step for every new PM. goods_input_industrial_chemicals_add +1/generation, goods_input_industrial_robots_add +0.5/generation, goods_input_oil_add +1/generation, goods_input_software_add +0.5/generation, goods_output_grain_add +100/generation. Employment/domain side effects follow stat_rule AG-GRAIN; any productivity bonus uses goods_output_<good>_mult for the PMG's actual output goods."
pm_modern_fabric_goods_agriculture_16,Climate-Sealed Fiber Production,tech_agriculture_16,16,pmg_fabric_agriculture,tech_agriculture,Goods,AG-FABRIC,"V3 linear rule: derive the absolute direct-goods step from the latest three productive live PMs (pm_fabric_goods_agriculture_8, pm_fabric_goods_agriculture_9, pm_fabric_goods_agriculture_10), then continue that same step for every new PM. goods_input_industrial_chemicals_add +1/generation, goods_input_industrial_robots_add +0.5/generation, goods_input_oil_add +1/generation, goods_input_software_add +0.5/generation, goods_output_fabric_add +100/generation. Employment/domain side effects follow stat_rule AG-FABRIC; any productivity bonus uses goods_output_<good>_mult for the PMG's actual output goods."
pm_modern_fish_goods_agriculture_16,Climate-Sealed Fish Production,tech_agriculture_16,16,pmg_fish_agriculture,tech_agriculture,Goods,AG-FISH,"V3 linear rule: derive the absolute direct-goods step from the latest three productive live PMs (pm_fish_goods_agriculture_8, pm_fish_goods_agriculture_9, pm_fish_goods_agriculture_10), then continue that same step for every new PM. goods_input_industrial_chemicals_add +1/generation, goods_input_industrial_robots_add +1/generation, goods_input_oil_add +1/generation, goods_input_software_add +0.5/generation, goods_input_steamers_add +0.5/generation, goods_output_fish_add +100/generation. Employment/domain side effects follow stat_rule AG-FISH; any productivity bonus uses goods_output_<good>_mult for the PMG's actual output goods."
pm_modern_meat_goods_agriculture_16,Climate-Sealed Meat Production,tech_agriculture_16,16,pmg_meat_agriculture,tech_agriculture,Goods,AG-MEAT,"V3 linear rule: derive the absolute direct-goods step from the latest three productive live PMs (pm_meat_goods_agriculture_8, pm_meat_goods_agriculture_9, pm_meat_goods_agriculture_10), then continue that same step for every new PM. goods_input_electricity_add +1/generation, goods_input_grain_add +10/generation, goods_input_industrial_chemicals_add +1/generation, goods_input_industrial_robots_add +0.5/generation, goods_input_software_add +0.5/generation, goods_output_fabric_add +10/generation, goods_output_meat_add +100/generation. Employment/domain side effects follow stat_rule AG-MEAT; any productivity bonus uses goods_output_<good>_mult for the PMG's actual output goods."
pm_modern_fruit_goods_agriculture_16,Climate-Sealed Fruit Production,tech_agriculture_16,16,pmg_fruit_agriculture,tech_agriculture,Goods,AG-FRUIT,"V3 linear rule: derive the absolute direct-goods step from the latest three productive live PMs (pm_fruit_goods_agriculture_8, pm_fruit_goods_agriculture_9, pm_fruit_goods_agriculture_10), then continue that same step for every new PM. goods_input_industrial_chemicals_add +1/generation, goods_input_industrial_robots_add +0.5/generation, goods_input_oil_add +1/generation, goods_input_software_add +0.5/generation, goods_output_fruit_add +100/generation. Employment/domain side effects follow stat_rule AG-FRUIT; any productivity bonus uses goods_output_<good>_mult for the PMG's actual output goods."
pm_modern_tea_goods_agriculture_16,Climate-Sealed Tea Production,tech_agriculture_16,16,pmg_tea_agriculture,tech_agriculture,Goods,AG-TEA,"V3 linear rule: derive the absolute direct-goods step from the latest three productive live PMs (pm_tea_goods_agriculture_8, pm_tea_goods_agriculture_9, pm_tea_goods_agriculture_10), then continue that same step for every new PM. goods_input_industrial_chemicals_add +1/generation, goods_input_industrial_robots_add +0.5/generation, goods_input_oil_add +1/generation, goods_input_software_add +0.5/generation, goods_output_tea_add +50/generation. Employment/domain side effects follow stat_rule AG-TEA; any productivity bonus uses goods_output_<good>_mult for the PMG's actual output goods."
pm_modern_coffee_goods_agriculture_16,Climate-Sealed Coffee Production,tech_agriculture_16,16,pmg_coffee_agriculture,tech_agriculture,Goods,AG-COFFEE,"V3 linear rule: derive the absolute direct-goods step from the latest three productive live PMs (pm_coffee_goods_agriculture_8, pm_coffee_goods_agriculture_9, pm_coffee_goods_agriculture_10), then continue that same step for every new PM. goods_input_industrial_chemicals_add +1/generation, goods_input_industrial_robots_add +0.5/generation, goods_input_oil_add +1/generation, goods_input_software_add +0.5/generation, goods_output_coffee_add +50/generation. Employment/domain side effects follow stat_rule AG-COFFEE; any productivity bonus uses goods_output_<good>_mult for the PMG's actual output goods."
pm_modern_tobacco_goods_agriculture_16,Climate-Sealed Tobacco Production,tech_agriculture_16,16,pmg_tobacco_agriculture,tech_agriculture,Goods,AG-TOBACCO,"V3 linear rule: derive the absolute direct-goods step from the latest three productive live PMs (pm_tobacco_goods_agriculture_8, pm_tobacco_goods_agriculture_9, pm_tobacco_goods_agriculture_10), then continue that same step for every new PM. goods_input_industrial_chemicals_add +1/generation, goods_input_industrial_robots_add +0.5/generation, goods_input_oil_add +1/generation, goods_input_software_add +0.5/generation, goods_output_tobacco_add +50/generation. Employment/domain side effects follow stat_rule AG-TOBACCO; any productivity bonus uses goods_output_<good>_mult for the PMG's actual output goods."
pm_modern_wine_goods_agriculture_16,Climate-Sealed Wine Production,tech_agriculture_16,16,pmg_wine_agriculture,tech_agriculture,Goods,AG-WINE,"V3 linear rule: derive the absolute direct-goods step from the latest three productive live PMs (pm_wine_goods_agriculture_8, pm_wine_goods_agriculture_9, pm_wine_goods_agriculture_10), then continue that same step for every new PM. goods_input_industrial_chemicals_add +2/generation, goods_input_industrial_robots_add +0.5/generation, goods_input_oil_add +1/generation, goods_input_software_add +0.5/generation, goods_output_wine_add +50/generation. Employment/domain side effects follow stat_rule AG-WINE; any productivity bonus uses goods_output_<good>_mult for the PMG's actual output goods."
pm_modern_opium_goods_agriculture_16,Climate-Sealed Opium Production,tech_agriculture_16,16,pmg_opium_agriculture,tech_agriculture,Goods,AG-OPIUM,"V3 linear rule: derive the absolute direct-goods step from the latest three productive live PMs (pm_opium_goods_agriculture_8, pm_opium_goods_agriculture_9, pm_opium_goods_agriculture_10), then continue that same step for every new PM. goods_input_industrial_chemicals_add +2/generation, goods_input_industrial_robots_add +0.5/generation, goods_input_oil_add +1/generation, goods_input_software_add +0.5/generation, goods_output_opium_add +50/generation. Employment/domain side effects follow stat_rule AG-OPIUM; any productivity bonus uses goods_output_<good>_mult for the PMG's actual output goods."
pm_modern_rubber_goods_agriculture_16,Climate-Sealed Natural Rubber Production,tech_agriculture_16,16,pmg_rubber_agriculture,tech_agriculture,Goods,AG-RUBBER,"V3 linear rule: derive the absolute direct-goods step from the latest three productive live PMs (pm_rubber_goods_agriculture_8, pm_rubber_goods_agriculture_9, pm_rubber_goods_agriculture_10), then continue that same step for every new PM. goods_input_industrial_chemicals_add +1/generation, goods_input_industrial_robots_add +0.5/generation, goods_input_oil_add +1/generation, goods_input_software_add +0.5/generation, goods_output_rubber_add +100/generation. Employment/domain side effects follow stat_rule AG-RUBBER; any productivity bonus uses goods_output_<good>_mult for the PMG's actual output goods."
pm_modern_grain_goods_agriculture_17,Cellularly Engineered Grain Cultivation,tech_agriculture_17,17,pmg_grain_agriculture,tech_agriculture,Goods,AG-GRAIN,"V3 linear rule: derive the absolute direct-goods step from the latest three productive live PMs (pm_grain_goods_agriculture_8, pm_grain_goods_agriculture_9, pm_grain_goods_agriculture_10), then continue that same step for every new PM. goods_input_industrial_chemicals_add +1/generation, goods_input_industrial_robots_add +0.5/generation, goods_input_oil_add +1/generation, goods_input_software_add +0.5/generation, goods_output_grain_add +100/generation. Employment/domain side effects follow stat_rule AG-GRAIN; any productivity bonus uses goods_output_<good>_mult for the PMG's actual output goods."
pm_modern_fabric_goods_agriculture_17,Cellularly Engineered Fiber Cultivation,tech_agriculture_17,17,pmg_fabric_agriculture,tech_agriculture,Goods,AG-FABRIC,"V3 linear rule: derive the absolute direct-goods step from the latest three productive live PMs (pm_fabric_goods_agriculture_8, pm_fabric_goods_agriculture_9, pm_fabric_goods_agriculture_10), then continue that same step for every new PM. goods_input_industrial_chemicals_add +1/generation, goods_input_industrial_robots_add +0.5/generation, goods_input_oil_add +1/generation, goods_input_software_add +0.5/generation, goods_output_fabric_add +100/generation. Employment/domain side effects follow stat_rule AG-FABRIC; any productivity bonus uses goods_output_<good>_mult for the PMG's actual output goods."
pm_modern_fish_goods_agriculture_17,Cellularly Engineered Fish Cultivation,tech_agriculture_17,17,pmg_fish_agriculture,tech_agriculture,Goods,AG-FISH,"V3 linear rule: derive the absolute direct-goods step from the latest three productive live PMs (pm_fish_goods_agriculture_8, pm_fish_goods_agriculture_9, pm_fish_goods_agriculture_10), then continue that same step for every new PM. goods_input_industrial_chemicals_add +1/generation, goods_input_industrial_robots_add +1/generation, goods_input_oil_add +1/generation, goods_input_software_add +0.5/generation, goods_input_steamers_add +0.5/generation, goods_output_fish_add +100/generation. Employment/domain side effects follow stat_rule AG-FISH; any productivity bonus uses goods_output_<good>_mult for the PMG's actual output goods."
pm_modern_meat_goods_agriculture_17,Cellularly Engineered Meat Cultivation,tech_agriculture_17,17,pmg_meat_agriculture,tech_agriculture,Goods,AG-MEAT,"V3 linear rule: derive the absolute direct-goods step from the latest three productive live PMs (pm_meat_goods_agriculture_8, pm_meat_goods_agriculture_9, pm_meat_goods_agriculture_10), then continue that same step for every new PM. goods_input_electricity_add +1/generation, goods_input_grain_add +10/generation, goods_input_industrial_chemicals_add +1/generation, goods_input_industrial_robots_add +0.5/generation, goods_input_software_add +0.5/generation, goods_output_fabric_add +10/generation, goods_output_meat_add +100/generation. Employment/domain side effects follow stat_rule AG-MEAT; any productivity bonus uses goods_output_<good>_mult for the PMG's actual output goods."
pm_modern_fruit_goods_agriculture_17,Cellularly Engineered Fruit Cultivation,tech_agriculture_17,17,pmg_fruit_agriculture,tech_agriculture,Goods,AG-FRUIT,"V3 linear rule: derive the absolute direct-goods step from the latest three productive live PMs (pm_fruit_goods_agriculture_8, pm_fruit_goods_agriculture_9, pm_fruit_goods_agriculture_10), then continue that same step for every new PM. goods_input_industrial_chemicals_add +1/generation, goods_input_industrial_robots_add +0.5/generation, goods_input_oil_add +1/generation, goods_input_software_add +0.5/generation, goods_output_fruit_add +100/generation. Employment/domain side effects follow stat_rule AG-FRUIT; any productivity bonus uses goods_output_<good>_mult for the PMG's actual output goods."
pm_modern_tea_goods_agriculture_17,Cellularly Engineered Tea Cultivation,tech_agriculture_17,17,pmg_tea_agriculture,tech_agriculture,Goods,AG-TEA,"V3 linear rule: derive the absolute direct-goods step from the latest three productive live PMs (pm_tea_goods_agriculture_8, pm_tea_goods_agriculture_9, pm_tea_goods_agriculture_10), then continue that same step for every new PM. goods_input_industrial_chemicals_add +1/generation, goods_input_industrial_robots_add +0.5/generation, goods_input_oil_add +1/generation, goods_input_software_add +0.5/generation, goods_output_tea_add +50/generation. Employment/domain side effects follow stat_rule AG-TEA; any productivity bonus uses goods_output_<good>_mult for the PMG's actual output goods."
pm_modern_coffee_goods_agriculture_17,Cellularly Engineered Coffee Cultivation,tech_agriculture_17,17,pmg_coffee_agriculture,tech_agriculture,Goods,AG-COFFEE,"V3 linear rule: derive the absolute direct-goods step from the latest three productive live PMs (pm_coffee_goods_agriculture_8, pm_coffee_goods_agriculture_9, pm_coffee_goods_agriculture_10), then continue that same step for every new PM. goods_input_industrial_chemicals_add +1/generation, goods_input_industrial_robots_add +0.5/generation, goods_input_oil_add +1/generation, goods_input_software_add +0.5/generation, goods_output_coffee_add +50/generation. Employment/domain side effects follow stat_rule AG-COFFEE; any productivity bonus uses goods_output_<good>_mult for the PMG's actual output goods."
pm_modern_tobacco_goods_agriculture_17,Cellularly Engineered Tobacco Cultivation,tech_agriculture_17,17,pmg_tobacco_agriculture,tech_agriculture,Goods,AG-TOBACCO,"V3 linear rule: derive the absolute direct-goods step from the latest three productive live PMs (pm_tobacco_goods_agriculture_8, pm_tobacco_goods_agriculture_9, pm_tobacco_goods_agriculture_10), then continue that same step for every new PM. goods_input_industrial_chemicals_add +1/generation, goods_input_industrial_robots_add +0.5/generation, goods_input_oil_add +1/generation, goods_input_software_add +0.5/generation, goods_output_tobacco_add +50/generation. Employment/domain side effects follow stat_rule AG-TOBACCO; any productivity bonus uses goods_output_<good>_mult for the PMG's actual output goods."
pm_modern_wine_goods_agriculture_17,Cellularly Engineered Wine Cultivation,tech_agriculture_17,17,pmg_wine_agriculture,tech_agriculture,Goods,AG-WINE,"V3 linear rule: derive the absolute direct-goods step from the latest three productive live PMs (pm_wine_goods_agriculture_8, pm_wine_goods_agriculture_9, pm_wine_goods_agriculture_10), then continue that same step for every new PM. goods_input_industrial_chemicals_add +2/generation, goods_input_industrial_robots_add +0.5/generation, goods_input_oil_add +1/generation, goods_input_software_add +0.5/generation, goods_output_wine_add +50/generation. Employment/domain side effects follow stat_rule AG-WINE; any productivity bonus uses goods_output_<good>_mult for the PMG's actual output goods."
pm_modern_opium_goods_agriculture_17,Cellularly Engineered Opium Cultivation,tech_agriculture_17,17,pmg_opium_agriculture,tech_agriculture,Goods,AG-OPIUM,"V3 linear rule: derive the absolute direct-goods step from the latest three productive live PMs (pm_opium_goods_agriculture_8, pm_opium_goods_agriculture_9, pm_opium_goods_agriculture_10), then continue that same step for every new PM. goods_input_industrial_chemicals_add +2/generation, goods_input_industrial_robots_add +0.5/generation, goods_input_oil_add +1/generation, goods_input_software_add +0.5/generation, goods_output_opium_add +50/generation. Employment/domain side effects follow stat_rule AG-OPIUM; any productivity bonus uses goods_output_<good>_mult for the PMG's actual output goods."
pm_modern_rubber_goods_agriculture_17,Cellularly Engineered Natural Rubber Cultivation,tech_agriculture_17,17,pmg_rubber_agriculture,tech_agriculture,Goods,AG-RUBBER,"V3 linear rule: derive the absolute direct-goods step from the latest three productive live PMs (pm_rubber_goods_agriculture_8, pm_rubber_goods_agriculture_9, pm_rubber_goods_agriculture_10), then continue that same step for every new PM. goods_input_industrial_chemicals_add +1/generation, goods_input_industrial_robots_add +0.5/generation, goods_input_oil_add +1/generation, goods_input_software_add +0.5/generation, goods_output_rubber_add +100/generation. Employment/domain side effects follow stat_rule AG-RUBBER; any productivity bonus uses goods_output_<good>_mult for the PMG's actual output goods."
pm_modern_grain_goods_agriculture_18,Self-Optimising Grain Ecologies,tech_agriculture_18,18,pmg_grain_agriculture,tech_agriculture,Goods,AG-GRAIN,"V3 linear rule: derive the absolute direct-goods step from the latest three productive live PMs (pm_grain_goods_agriculture_8, pm_grain_goods_agriculture_9, pm_grain_goods_agriculture_10), then continue that same step for every new PM. goods_input_industrial_chemicals_add +1/generation, goods_input_industrial_robots_add +0.5/generation, goods_input_oil_add +1/generation, goods_input_software_add +0.5/generation, goods_output_grain_add +100/generation. Employment/domain side effects follow stat_rule AG-GRAIN; any productivity bonus uses goods_output_<good>_mult for the PMG's actual output goods."
pm_modern_fabric_goods_agriculture_18,Self-Optimising Fiber Ecologies,tech_agriculture_18,18,pmg_fabric_agriculture,tech_agriculture,Goods,AG-FABRIC,"V3 linear rule: derive the absolute direct-goods step from the latest three productive live PMs (pm_fabric_goods_agriculture_8, pm_fabric_goods_agriculture_9, pm_fabric_goods_agriculture_10), then continue that same step for every new PM. goods_input_industrial_chemicals_add +1/generation, goods_input_industrial_robots_add +0.5/generation, goods_input_oil_add +1/generation, goods_input_software_add +0.5/generation, goods_output_fabric_add +100/generation. Employment/domain side effects follow stat_rule AG-FABRIC; any productivity bonus uses goods_output_<good>_mult for the PMG's actual output goods."
pm_modern_fish_goods_agriculture_18,Self-Optimising Fish Ecologies,tech_agriculture_18,18,pmg_fish_agriculture,tech_agriculture,Goods,AG-FISH,"V3 linear rule: derive the absolute direct-goods step from the latest three productive live PMs (pm_fish_goods_agriculture_8, pm_fish_goods_agriculture_9, pm_fish_goods_agriculture_10), then continue that same step for every new PM. goods_input_industrial_chemicals_add +1/generation, goods_input_industrial_robots_add +1/generation, goods_input_oil_add +1/generation, goods_input_software_add +0.5/generation, goods_input_steamers_add +0.5/generation, goods_output_fish_add +100/generation. Employment/domain side effects follow stat_rule AG-FISH; any productivity bonus uses goods_output_<good>_mult for the PMG's actual output goods."
pm_modern_meat_goods_agriculture_18,Self-Optimising Meat Ecologies,tech_agriculture_18,18,pmg_meat_agriculture,tech_agriculture,Goods,AG-MEAT,"V3 linear rule: derive the absolute direct-goods step from the latest three productive live PMs (pm_meat_goods_agriculture_8, pm_meat_goods_agriculture_9, pm_meat_goods_agriculture_10), then continue that same step for every new PM. goods_input_electricity_add +1/generation, goods_input_grain_add +10/generation, goods_input_industrial_chemicals_add +1/generation, goods_input_industrial_robots_add +0.5/generation, goods_input_software_add +0.5/generation, goods_output_fabric_add +10/generation, goods_output_meat_add +100/generation. Employment/domain side effects follow stat_rule AG-MEAT; any productivity bonus uses goods_output_<good>_mult for the PMG's actual output goods."
pm_modern_fruit_goods_agriculture_18,Self-Optimising Fruit Ecologies,tech_agriculture_18,18,pmg_fruit_agriculture,tech_agriculture,Goods,AG-FRUIT,"V3 linear rule: derive the absolute direct-goods step from the latest three productive live PMs (pm_fruit_goods_agriculture_8, pm_fruit_goods_agriculture_9, pm_fruit_goods_agriculture_10), then continue that same step for every new PM. goods_input_industrial_chemicals_add +1/generation, goods_input_industrial_robots_add +0.5/generation, goods_input_oil_add +1/generation, goods_input_software_add +0.5/generation, goods_output_fruit_add +100/generation. Employment/domain side effects follow stat_rule AG-FRUIT; any productivity bonus uses goods_output_<good>_mult for the PMG's actual output goods."
pm_modern_tea_goods_agriculture_18,Self-Optimising Tea Ecologies,tech_agriculture_18,18,pmg_tea_agriculture,tech_agriculture,Goods,AG-TEA,"V3 linear rule: derive the absolute direct-goods step from the latest three productive live PMs (pm_tea_goods_agriculture_8, pm_tea_goods_agriculture_9, pm_tea_goods_agriculture_10), then continue that same step for every new PM. goods_input_industrial_chemicals_add +1/generation, goods_input_industrial_robots_add +0.5/generation, goods_input_oil_add +1/generation, goods_input_software_add +0.5/generation, goods_output_tea_add +50/generation. Employment/domain side effects follow stat_rule AG-TEA; any productivity bonus uses goods_output_<good>_mult for the PMG's actual output goods."
pm_modern_coffee_goods_agriculture_18,Self-Optimising Coffee Ecologies,tech_agriculture_18,18,pmg_coffee_agriculture,tech_agriculture,Goods,AG-COFFEE,"V3 linear rule: derive the absolute direct-goods step from the latest three productive live PMs (pm_coffee_goods_agriculture_8, pm_coffee_goods_agriculture_9, pm_coffee_goods_agriculture_10), then continue that same step for every new PM. goods_input_industrial_chemicals_add +1/generation, goods_input_industrial_robots_add +0.5/generation, goods_input_oil_add +1/generation, goods_input_software_add +0.5/generation, goods_output_coffee_add +50/generation. Employment/domain side effects follow stat_rule AG-COFFEE; any productivity bonus uses goods_output_<good>_mult for the PMG's actual output goods."
pm_modern_tobacco_goods_agriculture_18,Self-Optimising Tobacco Ecologies,tech_agriculture_18,18,pmg_tobacco_agriculture,tech_agriculture,Goods,AG-TOBACCO,"V3 linear rule: derive the absolute direct-goods step from the latest three productive live PMs (pm_tobacco_goods_agriculture_8, pm_tobacco_goods_agriculture_9, pm_tobacco_goods_agriculture_10), then continue that same step for every new PM. goods_input_industrial_chemicals_add +1/generation, goods_input_industrial_robots_add +0.5/generation, goods_input_oil_add +1/generation, goods_input_software_add +0.5/generation, goods_output_tobacco_add +50/generation. Employment/domain side effects follow stat_rule AG-TOBACCO; any productivity bonus uses goods_output_<good>_mult for the PMG's actual output goods."
pm_modern_wine_goods_agriculture_18,Self-Optimising Wine Ecologies,tech_agriculture_18,18,pmg_wine_agriculture,tech_agriculture,Goods,AG-WINE,"V3 linear rule: derive the absolute direct-goods step from the latest three productive live PMs (pm_wine_goods_agriculture_8, pm_wine_goods_agriculture_9, pm_wine_goods_agriculture_10), then continue that same step for every new PM. goods_input_industrial_chemicals_add +2/generation, goods_input_industrial_robots_add +0.5/generation, goods_input_oil_add +1/generation, goods_input_software_add +0.5/generation, goods_output_wine_add +50/generation. Employment/domain side effects follow stat_rule AG-WINE; any productivity bonus uses goods_output_<good>_mult for the PMG's actual output goods."
pm_modern_opium_goods_agriculture_18,Self-Optimising Opium Ecologies,tech_agriculture_18,18,pmg_opium_agriculture,tech_agriculture,Goods,AG-OPIUM,"V3 linear rule: derive the absolute direct-goods step from the latest three productive live PMs (pm_opium_goods_agriculture_8, pm_opium_goods_agriculture_9, pm_opium_goods_agriculture_10), then continue that same step for every new PM. goods_input_industrial_chemicals_add +2/generation, goods_input_industrial_robots_add +0.5/generation, goods_input_oil_add +1/generation, goods_input_software_add +0.5/generation, goods_output_opium_add +50/generation. Employment/domain side effects follow stat_rule AG-OPIUM; any productivity bonus uses goods_output_<good>_mult for the PMG's actual output goods."
pm_modern_rubber_goods_agriculture_18,Self-Optimising Natural Rubber Ecologies,tech_agriculture_18,18,pmg_rubber_agriculture,tech_agriculture,Goods,AG-RUBBER,"V3 linear rule: derive the absolute direct-goods step from the latest three productive live PMs (pm_rubber_goods_agriculture_8, pm_rubber_goods_agriculture_9, pm_rubber_goods_agriculture_10), then continue that same step for every new PM. goods_input_industrial_chemicals_add +1/generation, goods_input_industrial_robots_add +0.5/generation, goods_input_oil_add +1/generation, goods_input_software_add +0.5/generation, goods_output_rubber_add +100/generation. Employment/domain side effects follow stat_rule AG-RUBBER; any productivity bonus uses goods_output_<good>_mult for the PMG's actual output goods."
pm_modern_grain_goods_agriculture_19,Programmable Grain Biosystems,tech_agriculture_19,19,pmg_grain_agriculture,tech_agriculture,Goods,AG-GRAIN,"V3 linear rule: derive the absolute direct-goods step from the latest three productive live PMs (pm_grain_goods_agriculture_8, pm_grain_goods_agriculture_9, pm_grain_goods_agriculture_10), then continue that same step for every new PM. goods_input_industrial_chemicals_add +1/generation, goods_input_industrial_robots_add +0.5/generation, goods_input_oil_add +1/generation, goods_input_software_add +0.5/generation, goods_output_grain_add +100/generation. Employment/domain side effects follow stat_rule AG-GRAIN; any productivity bonus uses goods_output_<good>_mult for the PMG's actual output goods."
pm_modern_fabric_goods_agriculture_19,Programmable Fiber Biosystems,tech_agriculture_19,19,pmg_fabric_agriculture,tech_agriculture,Goods,AG-FABRIC,"V3 linear rule: derive the absolute direct-goods step from the latest three productive live PMs (pm_fabric_goods_agriculture_8, pm_fabric_goods_agriculture_9, pm_fabric_goods_agriculture_10), then continue that same step for every new PM. goods_input_industrial_chemicals_add +1/generation, goods_input_industrial_robots_add +0.5/generation, goods_input_oil_add +1/generation, goods_input_software_add +0.5/generation, goods_output_fabric_add +100/generation. Employment/domain side effects follow stat_rule AG-FABRIC; any productivity bonus uses goods_output_<good>_mult for the PMG's actual output goods."
pm_modern_fish_goods_agriculture_19,Programmable Fish Biosystems,tech_agriculture_19,19,pmg_fish_agriculture,tech_agriculture,Goods,AG-FISH,"V3 linear rule: derive the absolute direct-goods step from the latest three productive live PMs (pm_fish_goods_agriculture_8, pm_fish_goods_agriculture_9, pm_fish_goods_agriculture_10), then continue that same step for every new PM. goods_input_industrial_chemicals_add +1/generation, goods_input_industrial_robots_add +1/generation, goods_input_oil_add +1/generation, goods_input_software_add +0.5/generation, goods_input_steamers_add +0.5/generation, goods_output_fish_add +100/generation. Employment/domain side effects follow stat_rule AG-FISH; any productivity bonus uses goods_output_<good>_mult for the PMG's actual output goods."
pm_modern_meat_goods_agriculture_19,Programmable Meat Biosystems,tech_agriculture_19,19,pmg_meat_agriculture,tech_agriculture,Goods,AG-MEAT,"V3 linear rule: derive the absolute direct-goods step from the latest three productive live PMs (pm_meat_goods_agriculture_8, pm_meat_goods_agriculture_9, pm_meat_goods_agriculture_10), then continue that same step for every new PM. goods_input_electricity_add +1/generation, goods_input_grain_add +10/generation, goods_input_industrial_chemicals_add +1/generation, goods_input_industrial_robots_add +0.5/generation, goods_input_software_add +0.5/generation, goods_output_fabric_add +10/generation, goods_output_meat_add +100/generation. Employment/domain side effects follow stat_rule AG-MEAT; any productivity bonus uses goods_output_<good>_mult for the PMG's actual output goods."
pm_modern_fruit_goods_agriculture_19,Programmable Fruit Biosystems,tech_agriculture_19,19,pmg_fruit_agriculture,tech_agriculture,Goods,AG-FRUIT,"V3 linear rule: derive the absolute direct-goods step from the latest three productive live PMs (pm_fruit_goods_agriculture_8, pm_fruit_goods_agriculture_9, pm_fruit_goods_agriculture_10), then continue that same step for every new PM. goods_input_industrial_chemicals_add +1/generation, goods_input_industrial_robots_add +0.5/generation, goods_input_oil_add +1/generation, goods_input_software_add +0.5/generation, goods_output_fruit_add +100/generation. Employment/domain side effects follow stat_rule AG-FRUIT; any productivity bonus uses goods_output_<good>_mult for the PMG's actual output goods."
pm_modern_tea_goods_agriculture_19,Programmable Tea Biosystems,tech_agriculture_19,19,pmg_tea_agriculture,tech_agriculture,Goods,AG-TEA,"V3 linear rule: derive the absolute direct-goods step from the latest three productive live PMs (pm_tea_goods_agriculture_8, pm_tea_goods_agriculture_9, pm_tea_goods_agriculture_10), then continue that same step for every new PM. goods_input_industrial_chemicals_add +1/generation, goods_input_industrial_robots_add +0.5/generation, goods_input_oil_add +1/generation, goods_input_software_add +0.5/generation, goods_output_tea_add +50/generation. Employment/domain side effects follow stat_rule AG-TEA; any productivity bonus uses goods_output_<good>_mult for the PMG's actual output goods."
pm_modern_coffee_goods_agriculture_19,Programmable Coffee Biosystems,tech_agriculture_19,19,pmg_coffee_agriculture,tech_agriculture,Goods,AG-COFFEE,"V3 linear rule: derive the absolute direct-goods step from the latest three productive live PMs (pm_coffee_goods_agriculture_8, pm_coffee_goods_agriculture_9, pm_coffee_goods_agriculture_10), then continue that same step for every new PM. goods_input_industrial_chemicals_add +1/generation, goods_input_industrial_robots_add +0.5/generation, goods_input_oil_add +1/generation, goods_input_software_add +0.5/generation, goods_output_coffee_add +50/generation. Employment/domain side effects follow stat_rule AG-COFFEE; any productivity bonus uses goods_output_<good>_mult for the PMG's actual output goods."
pm_modern_tobacco_goods_agriculture_19,Programmable Tobacco Biosystems,tech_agriculture_19,19,pmg_tobacco_agriculture,tech_agriculture,Goods,AG-TOBACCO,"V3 linear rule: derive the absolute direct-goods step from the latest three productive live PMs (pm_tobacco_goods_agriculture_8, pm_tobacco_goods_agriculture_9, pm_tobacco_goods_agriculture_10), then continue that same step for every new PM. goods_input_industrial_chemicals_add +1/generation, goods_input_industrial_robots_add +0.5/generation, goods_input_oil_add +1/generation, goods_input_software_add +0.5/generation, goods_output_tobacco_add +50/generation. Employment/domain side effects follow stat_rule AG-TOBACCO; any productivity bonus uses goods_output_<good>_mult for the PMG's actual output goods."
pm_modern_wine_goods_agriculture_19,Programmable Wine Biosystems,tech_agriculture_19,19,pmg_wine_agriculture,tech_agriculture,Goods,AG-WINE,"V3 linear rule: derive the absolute direct-goods step from the latest three productive live PMs (pm_wine_goods_agriculture_8, pm_wine_goods_agriculture_9, pm_wine_goods_agriculture_10), then continue that same step for every new PM. goods_input_industrial_chemicals_add +2/generation, goods_input_industrial_robots_add +0.5/generation, goods_input_oil_add +1/generation, goods_input_software_add +0.5/generation, goods_output_wine_add +50/generation. Employment/domain side effects follow stat_rule AG-WINE; any productivity bonus uses goods_output_<good>_mult for the PMG's actual output goods."
pm_modern_opium_goods_agriculture_19,Programmable Opium Biosystems,tech_agriculture_19,19,pmg_opium_agriculture,tech_agriculture,Goods,AG-OPIUM,"V3 linear rule: derive the absolute direct-goods step from the latest three productive live PMs (pm_opium_goods_agriculture_8, pm_opium_goods_agriculture_9, pm_opium_goods_agriculture_10), then continue that same step for every new PM. goods_input_industrial_chemicals_add +2/generation, goods_input_industrial_robots_add +0.5/generation, goods_input_oil_add +1/generation, goods_input_software_add +0.5/generation, goods_output_opium_add +50/generation. Employment/domain side effects follow stat_rule AG-OPIUM; any productivity bonus uses goods_output_<good>_mult for the PMG's actual output goods."
pm_modern_rubber_goods_agriculture_19,Programmable Natural Rubber Biosystems,tech_agriculture_19,19,pmg_rubber_agriculture,tech_agriculture,Goods,AG-RUBBER,"V3 linear rule: derive the absolute direct-goods step from the latest three productive live PMs (pm_rubber_goods_agriculture_8, pm_rubber_goods_agriculture_9, pm_rubber_goods_agriculture_10), then continue that same step for every new PM. goods_input_industrial_chemicals_add +1/generation, goods_input_industrial_robots_add +0.5/generation, goods_input_oil_add +1/generation, goods_input_software_add +0.5/generation, goods_output_rubber_add +100/generation. Employment/domain side effects follow stat_rule AG-RUBBER; any productivity bonus uses goods_output_<good>_mult for the PMG's actual output goods."
pm_modern_grain_goods_agriculture_20,Synthetic Grain Fabrication,tech_agriculture_20,20,pmg_grain_agriculture,tech_agriculture,Goods,AG-GRAIN,"V3 linear rule: derive the absolute direct-goods step from the latest three productive live PMs (pm_grain_goods_agriculture_8, pm_grain_goods_agriculture_9, pm_grain_goods_agriculture_10), then continue that same step for every new PM. goods_input_industrial_chemicals_add +1/generation, goods_input_industrial_robots_add +0.5/generation, goods_input_oil_add +1/generation, goods_input_software_add +0.5/generation, goods_output_grain_add +100/generation. Employment/domain side effects follow stat_rule AG-GRAIN; any productivity bonus uses goods_output_<good>_mult for the PMG's actual output goods."
pm_modern_fabric_goods_agriculture_20,Synthetic Fiber Fabrication,tech_agriculture_20,20,pmg_fabric_agriculture,tech_agriculture,Goods,AG-FABRIC,"V3 linear rule: derive the absolute direct-goods step from the latest three productive live PMs (pm_fabric_goods_agriculture_8, pm_fabric_goods_agriculture_9, pm_fabric_goods_agriculture_10), then continue that same step for every new PM. goods_input_industrial_chemicals_add +1/generation, goods_input_industrial_robots_add +0.5/generation, goods_input_oil_add +1/generation, goods_input_software_add +0.5/generation, goods_output_fabric_add +100/generation. Employment/domain side effects follow stat_rule AG-FABRIC; any productivity bonus uses goods_output_<good>_mult for the PMG's actual output goods."
pm_modern_fish_goods_agriculture_20,Synthetic Fish Fabrication,tech_agriculture_20,20,pmg_fish_agriculture,tech_agriculture,Goods,AG-FISH,"V3 linear rule: derive the absolute direct-goods step from the latest three productive live PMs (pm_fish_goods_agriculture_8, pm_fish_goods_agriculture_9, pm_fish_goods_agriculture_10), then continue that same step for every new PM. goods_input_industrial_chemicals_add +1/generation, goods_input_industrial_robots_add +1/generation, goods_input_oil_add +1/generation, goods_input_software_add +0.5/generation, goods_input_steamers_add +0.5/generation, goods_output_fish_add +100/generation. Employment/domain side effects follow stat_rule AG-FISH; any productivity bonus uses goods_output_<good>_mult for the PMG's actual output goods."
pm_modern_meat_goods_agriculture_20,Synthetic Meat Fabrication,tech_agriculture_20,20,pmg_meat_agriculture,tech_agriculture,Goods,AG-MEAT,"V3 linear rule: derive the absolute direct-goods step from the latest three productive live PMs (pm_meat_goods_agriculture_8, pm_meat_goods_agriculture_9, pm_meat_goods_agriculture_10), then continue that same step for every new PM. goods_input_electricity_add +1/generation, goods_input_grain_add +10/generation, goods_input_industrial_chemicals_add +1/generation, goods_input_industrial_robots_add +0.5/generation, goods_input_software_add +0.5/generation, goods_output_fabric_add +10/generation, goods_output_meat_add +100/generation. Employment/domain side effects follow stat_rule AG-MEAT; any productivity bonus uses goods_output_<good>_mult for the PMG's actual output goods."
pm_modern_fruit_goods_agriculture_20,Synthetic Fruit Fabrication,tech_agriculture_20,20,pmg_fruit_agriculture,tech_agriculture,Goods,AG-FRUIT,"V3 linear rule: derive the absolute direct-goods step from the latest three productive live PMs (pm_fruit_goods_agriculture_8, pm_fruit_goods_agriculture_9, pm_fruit_goods_agriculture_10), then continue that same step for every new PM. goods_input_industrial_chemicals_add +1/generation, goods_input_industrial_robots_add +0.5/generation, goods_input_oil_add +1/generation, goods_input_software_add +0.5/generation, goods_output_fruit_add +100/generation. Employment/domain side effects follow stat_rule AG-FRUIT; any productivity bonus uses goods_output_<good>_mult for the PMG's actual output goods."
pm_modern_tea_goods_agriculture_20,Synthetic Tea Fabrication,tech_agriculture_20,20,pmg_tea_agriculture,tech_agriculture,Goods,AG-TEA,"V3 linear rule: derive the absolute direct-goods step from the latest three productive live PMs (pm_tea_goods_agriculture_8, pm_tea_goods_agriculture_9, pm_tea_goods_agriculture_10), then continue that same step for every new PM. goods_input_industrial_chemicals_add +1/generation, goods_input_industrial_robots_add +0.5/generation, goods_input_oil_add +1/generation, goods_input_software_add +0.5/generation, goods_output_tea_add +50/generation. Employment/domain side effects follow stat_rule AG-TEA; any productivity bonus uses goods_output_<good>_mult for the PMG's actual output goods."
pm_modern_coffee_goods_agriculture_20,Synthetic Coffee Fabrication,tech_agriculture_20,20,pmg_coffee_agriculture,tech_agriculture,Goods,AG-COFFEE,"V3 linear rule: derive the absolute direct-goods step from the latest three productive live PMs (pm_coffee_goods_agriculture_8, pm_coffee_goods_agriculture_9, pm_coffee_goods_agriculture_10), then continue that same step for every new PM. goods_input_industrial_chemicals_add +1/generation, goods_input_industrial_robots_add +0.5/generation, goods_input_oil_add +1/generation, goods_input_software_add +0.5/generation, goods_output_coffee_add +50/generation. Employment/domain side effects follow stat_rule AG-COFFEE; any productivity bonus uses goods_output_<good>_mult for the PMG's actual output goods."
pm_modern_tobacco_goods_agriculture_20,Synthetic Tobacco Fabrication,tech_agriculture_20,20,pmg_tobacco_agriculture,tech_agriculture,Goods,AG-TOBACCO,"V3 linear rule: derive the absolute direct-goods step from the latest three productive live PMs (pm_tobacco_goods_agriculture_8, pm_tobacco_goods_agriculture_9, pm_tobacco_goods_agriculture_10), then continue that same step for every new PM. goods_input_industrial_chemicals_add +1/generation, goods_input_industrial_robots_add +0.5/generation, goods_input_oil_add +1/generation, goods_input_software_add +0.5/generation, goods_output_tobacco_add +50/generation. Employment/domain side effects follow stat_rule AG-TOBACCO; any productivity bonus uses goods_output_<good>_mult for the PMG's actual output goods."
pm_modern_wine_goods_agriculture_20,Synthetic Wine Fabrication,tech_agriculture_20,20,pmg_wine_agriculture,tech_agriculture,Goods,AG-WINE,"V3 linear rule: derive the absolute direct-goods step from the latest three productive live PMs (pm_wine_goods_agriculture_8, pm_wine_goods_agriculture_9, pm_wine_goods_agriculture_10), then continue that same step for every new PM. goods_input_industrial_chemicals_add +2/generation, goods_input_industrial_robots_add +0.5/generation, goods_input_oil_add +1/generation, goods_input_software_add +0.5/generation, goods_output_wine_add +50/generation. Employment/domain side effects follow stat_rule AG-WINE; any productivity bonus uses goods_output_<good>_mult for the PMG's actual output goods."
pm_modern_opium_goods_agriculture_20,Synthetic Opium Fabrication,tech_agriculture_20,20,pmg_opium_agriculture,tech_agriculture,Goods,AG-OPIUM,"V3 linear rule: derive the absolute direct-goods step from the latest three productive live PMs (pm_opium_goods_agriculture_8, pm_opium_goods_agriculture_9, pm_opium_goods_agriculture_10), then continue that same step for every new PM. goods_input_industrial_chemicals_add +2/generation, goods_input_industrial_robots_add +0.5/generation, goods_input_oil_add +1/generation, goods_input_software_add +0.5/generation, goods_output_opium_add +50/generation. Employment/domain side effects follow stat_rule AG-OPIUM; any productivity bonus uses goods_output_<good>_mult for the PMG's actual output goods."
pm_modern_rubber_goods_agriculture_20,Synthetic Natural Rubber Fabrication,tech_agriculture_20,20,pmg_rubber_agriculture,tech_agriculture,Goods,AG-RUBBER,"V3 linear rule: derive the absolute direct-goods step from the latest three productive live PMs (pm_rubber_goods_agriculture_8, pm_rubber_goods_agriculture_9, pm_rubber_goods_agriculture_10), then continue that same step for every new PM. goods_input_industrial_chemicals_add +1/generation, goods_input_industrial_robots_add +0.5/generation, goods_input_oil_add +1/generation, goods_input_software_add +0.5/generation, goods_output_rubber_add +100/generation. Employment/domain side effects follow stat_rule AG-RUBBER; any productivity bonus uses goods_output_<good>_mult for the PMG's actual output goods."
pm_modern_coal_goods_mining_11,Autonomous Deep Coal Extraction,tech_mining_11,11,pmg_coal_mining,tech_mining,Goods,MINE-COAL,"V3 linear rule: derive the absolute direct-goods step from the latest three productive live PMs (pm_coal_goods_mining_8, pm_coal_goods_mining_9, pm_coal_goods_mining_10), then continue that same step for every new PM. goods_input_electricity_add +2/generation, goods_input_industrial_robots_add +2/generation, goods_input_software_add +0.5/generation, goods_output_coal_add +50/generation. Employment/domain side effects follow stat_rule MINE-COAL; any productivity bonus uses goods_output_<good>_mult for the PMG's actual output goods."
pm_modern_gold_goods_mining_11,Autonomous Deep Gold Extraction,tech_mining_11,11,pmg_gold_mining,tech_mining,Goods,MINE-GOLD,"V3 linear rule: derive the absolute direct-goods step from the latest three productive live PMs (pm_gold_goods_mining_8, pm_gold_goods_mining_9, pm_gold_goods_mining_10), then continue that same step for every new PM. goods_input_electricity_add +2/generation, goods_input_industrial_robots_add +2/generation, goods_input_oil_add +2/generation, goods_input_software_add +0.5/generation, goods_output_gold_add +50/generation. Employment/domain side effects follow stat_rule MINE-GOLD; any productivity bonus uses goods_output_<good>_mult for the PMG's actual output goods."
pm_modern_iron_goods_mining_11,Autonomous Deep Iron Extraction,tech_mining_11,11,pmg_iron_mining,tech_mining,Goods,MINE-IRON,"V3 linear rule: derive the absolute direct-goods step from the latest three productive live PMs (pm_iron_goods_mining_8, pm_iron_goods_mining_9, pm_iron_goods_mining_10), then continue that same step for every new PM. goods_input_electricity_add +2/generation, goods_input_industrial_robots_add +2/generation, goods_input_oil_add +2/generation, goods_input_software_add +0.5/generation, goods_output_iron_add +100/generation. Employment/domain side effects follow stat_rule MINE-IRON; any productivity bonus uses goods_output_<good>_mult for the PMG's actual output goods."
pm_modern_lead_goods_mining_11,Autonomous Deep Lead Extraction,tech_mining_11,11,pmg_lead_mining,tech_mining,Goods,MINE-LEAD,"V3 linear rule: derive the absolute direct-goods step from the latest three productive live PMs (pm_lead_goods_mining_8, pm_lead_goods_mining_9, pm_lead_goods_mining_10), then continue that same step for every new PM. goods_input_electricity_add +2/generation, goods_input_industrial_robots_add +2/generation, goods_input_oil_add +2/generation, goods_input_software_add +0.5/generation, goods_output_gold_add +1/generation, goods_output_lead_add +50/generation. Employment/domain side effects follow stat_rule MINE-LEAD; any productivity bonus uses goods_output_<good>_mult for the PMG's actual output goods."
pm_modern_oil_goods_mining_11,Autonomous Deep Oil Extraction,tech_mining_11,11,pmg_oil_mining,tech_mining,Goods,MINE-OIL,"V3 linear rule: derive the absolute direct-goods step from the latest three productive live PMs (pm_oil_goods_mining_8, pm_oil_goods_mining_9, pm_oil_goods_mining_10), then continue that same step for every new PM. goods_input_industrial_robots_add +0.5/generation, goods_input_software_add +0.5/generation, goods_output_oil_add +25/generation. Employment/domain side effects follow stat_rule MINE-OIL; any productivity bonus uses goods_output_<good>_mult for the PMG's actual output goods."
pm_modern_sulfur_goods_mining_11,Autonomous Deep Sulfur Extraction,tech_mining_11,11,pmg_sulfur_mining,tech_mining,Goods,MINE-SULFUR,"V3 linear rule: derive the absolute direct-goods step from the latest three productive live PMs (pm_sulfur_goods_mining_8, pm_sulfur_goods_mining_9, pm_sulfur_goods_mining_10), then continue that same step for every new PM. goods_input_electricity_add +2/generation, goods_input_industrial_robots_add +2/generation, goods_input_oil_add +2/generation, goods_input_software_add +0.5/generation, goods_output_sulfur_add +50/generation. Employment/domain side effects follow stat_rule MINE-SULFUR; any productivity bonus uses goods_output_<good>_mult for the PMG's actual output goods."
pm_modern_coal_goods_mining_12,Precision Coal Ore Processing,tech_mining_12,12,pmg_coal_mining,tech_mining,Goods,MINE-COAL,"V3 linear rule: derive the absolute direct-goods step from the latest three productive live PMs (pm_coal_goods_mining_8, pm_coal_goods_mining_9, pm_coal_goods_mining_10), then continue that same step for every new PM. goods_input_electricity_add +2/generation, goods_input_industrial_robots_add +2/generation, goods_input_software_add +0.5/generation, goods_output_coal_add +50/generation. Employment/domain side effects follow stat_rule MINE-COAL; any productivity bonus uses goods_output_<good>_mult for the PMG's actual output goods."
pm_modern_gold_goods_mining_12,Precision Gold Ore Processing,tech_mining_12,12,pmg_gold_mining,tech_mining,Goods,MINE-GOLD,"V3 linear rule: derive the absolute direct-goods step from the latest three productive live PMs (pm_gold_goods_mining_8, pm_gold_goods_mining_9, pm_gold_goods_mining_10), then continue that same step for every new PM. goods_input_electricity_add +2/generation, goods_input_industrial_robots_add +2/generation, goods_input_oil_add +2/generation, goods_input_software_add +0.5/generation, goods_output_gold_add +50/generation. Employment/domain side effects follow stat_rule MINE-GOLD; any productivity bonus uses goods_output_<good>_mult for the PMG's actual output goods."
pm_modern_iron_goods_mining_12,Precision Iron Ore Processing,tech_mining_12,12,pmg_iron_mining,tech_mining,Goods,MINE-IRON,"V3 linear rule: derive the absolute direct-goods step from the latest three productive live PMs (pm_iron_goods_mining_8, pm_iron_goods_mining_9, pm_iron_goods_mining_10), then continue that same step for every new PM. goods_input_electricity_add +2/generation, goods_input_industrial_robots_add +2/generation, goods_input_oil_add +2/generation, goods_input_software_add +0.5/generation, goods_output_iron_add +100/generation. Employment/domain side effects follow stat_rule MINE-IRON; any productivity bonus uses goods_output_<good>_mult for the PMG's actual output goods."
pm_modern_lead_goods_mining_12,Precision Lead Ore Processing,tech_mining_12,12,pmg_lead_mining,tech_mining,Goods,MINE-LEAD,"V3 linear rule: derive the absolute direct-goods step from the latest three productive live PMs (pm_lead_goods_mining_8, pm_lead_goods_mining_9, pm_lead_goods_mining_10), then continue that same step for every new PM. goods_input_electricity_add +2/generation, goods_input_industrial_robots_add +2/generation, goods_input_oil_add +2/generation, goods_input_software_add +0.5/generation, goods_output_gold_add +1/generation, goods_output_lead_add +50/generation. Employment/domain side effects follow stat_rule MINE-LEAD; any productivity bonus uses goods_output_<good>_mult for the PMG's actual output goods."
pm_modern_oil_goods_mining_12,Precision Oil Ore Processing,tech_mining_12,12,pmg_oil_mining,tech_mining,Goods,MINE-OIL,"V3 linear rule: derive the absolute direct-goods step from the latest three productive live PMs (pm_oil_goods_mining_8, pm_oil_goods_mining_9, pm_oil_goods_mining_10), then continue that same step for every new PM. goods_input_industrial_robots_add +0.5/generation, goods_input_software_add +0.5/generation, goods_output_oil_add +25/generation. Employment/domain side effects follow stat_rule MINE-OIL; any productivity bonus uses goods_output_<good>_mult for the PMG's actual output goods."
pm_modern_sulfur_goods_mining_12,Precision Sulfur Ore Processing,tech_mining_12,12,pmg_sulfur_mining,tech_mining,Goods,MINE-SULFUR,"V3 linear rule: derive the absolute direct-goods step from the latest three productive live PMs (pm_sulfur_goods_mining_8, pm_sulfur_goods_mining_9, pm_sulfur_goods_mining_10), then continue that same step for every new PM. goods_input_electricity_add +2/generation, goods_input_industrial_robots_add +2/generation, goods_input_oil_add +2/generation, goods_input_software_add +0.5/generation, goods_output_sulfur_add +50/generation. Employment/domain side effects follow stat_rule MINE-SULFUR; any productivity bonus uses goods_output_<good>_mult for the PMG's actual output goods."
pm_modern_coal_goods_mining_13,Robotic Subsurface Coal Extraction,tech_mining_13,13,pmg_coal_mining,tech_mining,Goods,MINE-COAL,"V3 linear rule: derive the absolute direct-goods step from the latest three productive live PMs (pm_coal_goods_mining_8, pm_coal_goods_mining_9, pm_coal_goods_mining_10), then continue that same step for every new PM. goods_input_electricity_add +2/generation, goods_input_industrial_robots_add +2/generation, goods_input_software_add +0.5/generation, goods_output_coal_add +50/generation. Employment/domain side effects follow stat_rule MINE-COAL; any productivity bonus uses goods_output_<good>_mult for the PMG's actual output goods."
pm_modern_gold_goods_mining_13,Robotic Subsurface Gold Extraction,tech_mining_13,13,pmg_gold_mining,tech_mining,Goods,MINE-GOLD,"V3 linear rule: derive the absolute direct-goods step from the latest three productive live PMs (pm_gold_goods_mining_8, pm_gold_goods_mining_9, pm_gold_goods_mining_10), then continue that same step for every new PM. goods_input_electricity_add +2/generation, goods_input_industrial_robots_add +2/generation, goods_input_oil_add +2/generation, goods_input_software_add +0.5/generation, goods_output_gold_add +50/generation. Employment/domain side effects follow stat_rule MINE-GOLD; any productivity bonus uses goods_output_<good>_mult for the PMG's actual output goods."
pm_modern_iron_goods_mining_13,Robotic Subsurface Iron Extraction,tech_mining_13,13,pmg_iron_mining,tech_mining,Goods,MINE-IRON,"V3 linear rule: derive the absolute direct-goods step from the latest three productive live PMs (pm_iron_goods_mining_8, pm_iron_goods_mining_9, pm_iron_goods_mining_10), then continue that same step for every new PM. goods_input_electricity_add +2/generation, goods_input_industrial_robots_add +2/generation, goods_input_oil_add +2/generation, goods_input_software_add +0.5/generation, goods_output_iron_add +100/generation. Employment/domain side effects follow stat_rule MINE-IRON; any productivity bonus uses goods_output_<good>_mult for the PMG's actual output goods."
pm_modern_lead_goods_mining_13,Robotic Subsurface Lead Extraction,tech_mining_13,13,pmg_lead_mining,tech_mining,Goods,MINE-LEAD,"V3 linear rule: derive the absolute direct-goods step from the latest three productive live PMs (pm_lead_goods_mining_8, pm_lead_goods_mining_9, pm_lead_goods_mining_10), then continue that same step for every new PM. goods_input_electricity_add +2/generation, goods_input_industrial_robots_add +2/generation, goods_input_oil_add +2/generation, goods_input_software_add +0.5/generation, goods_output_gold_add +1/generation, goods_output_lead_add +50/generation. Employment/domain side effects follow stat_rule MINE-LEAD; any productivity bonus uses goods_output_<good>_mult for the PMG's actual output goods."
pm_modern_oil_goods_mining_13,Robotic Subsurface Oil Extraction,tech_mining_13,13,pmg_oil_mining,tech_mining,Goods,MINE-OIL,"V3 linear rule: derive the absolute direct-goods step from the latest three productive live PMs (pm_oil_goods_mining_8, pm_oil_goods_mining_9, pm_oil_goods_mining_10), then continue that same step for every new PM. goods_input_industrial_robots_add +0.5/generation, goods_input_software_add +0.5/generation, goods_output_oil_add +25/generation. Employment/domain side effects follow stat_rule MINE-OIL; any productivity bonus uses goods_output_<good>_mult for the PMG's actual output goods."
pm_modern_sulfur_goods_mining_13,Robotic Subsurface Sulfur Extraction,tech_mining_13,13,pmg_sulfur_mining,tech_mining,Goods,MINE-SULFUR,"V3 linear rule: derive the absolute direct-goods step from the latest three productive live PMs (pm_sulfur_goods_mining_8, pm_sulfur_goods_mining_9, pm_sulfur_goods_mining_10), then continue that same step for every new PM. goods_input_electricity_add +2/generation, goods_input_industrial_robots_add +2/generation, goods_input_oil_add +2/generation, goods_input_software_add +0.5/generation, goods_output_sulfur_add +50/generation. Employment/domain side effects follow stat_rule MINE-SULFUR; any productivity bonus uses goods_output_<good>_mult for the PMG's actual output goods."
pm_modern_coal_goods_mining_14,In-Situ Coal Recovery,tech_mining_14,14,pmg_coal_mining,tech_mining,Goods,MINE-COAL,"V3 linear rule: derive the absolute direct-goods step from the latest three productive live PMs (pm_coal_goods_mining_8, pm_coal_goods_mining_9, pm_coal_goods_mining_10), then continue that same step for every new PM. goods_input_electricity_add +2/generation, goods_input_industrial_robots_add +2/generation, goods_input_software_add +0.5/generation, goods_output_coal_add +50/generation. Employment/domain side effects follow stat_rule MINE-COAL; any productivity bonus uses goods_output_<good>_mult for the PMG's actual output goods."
pm_modern_gold_goods_mining_14,In-Situ Gold Recovery,tech_mining_14,14,pmg_gold_mining,tech_mining,Goods,MINE-GOLD,"V3 linear rule: derive the absolute direct-goods step from the latest three productive live PMs (pm_gold_goods_mining_8, pm_gold_goods_mining_9, pm_gold_goods_mining_10), then continue that same step for every new PM. goods_input_electricity_add +2/generation, goods_input_industrial_robots_add +2/generation, goods_input_oil_add +2/generation, goods_input_software_add +0.5/generation, goods_output_gold_add +50/generation. Employment/domain side effects follow stat_rule MINE-GOLD; any productivity bonus uses goods_output_<good>_mult for the PMG's actual output goods."
pm_modern_iron_goods_mining_14,In-Situ Iron Recovery,tech_mining_14,14,pmg_iron_mining,tech_mining,Goods,MINE-IRON,"V3 linear rule: derive the absolute direct-goods step from the latest three productive live PMs (pm_iron_goods_mining_8, pm_iron_goods_mining_9, pm_iron_goods_mining_10), then continue that same step for every new PM. goods_input_electricity_add +2/generation, goods_input_industrial_robots_add +2/generation, goods_input_oil_add +2/generation, goods_input_software_add +0.5/generation, goods_output_iron_add +100/generation. Employment/domain side effects follow stat_rule MINE-IRON; any productivity bonus uses goods_output_<good>_mult for the PMG's actual output goods."
pm_modern_lead_goods_mining_14,In-Situ Lead Recovery,tech_mining_14,14,pmg_lead_mining,tech_mining,Goods,MINE-LEAD,"V3 linear rule: derive the absolute direct-goods step from the latest three productive live PMs (pm_lead_goods_mining_8, pm_lead_goods_mining_9, pm_lead_goods_mining_10), then continue that same step for every new PM. goods_input_electricity_add +2/generation, goods_input_industrial_robots_add +2/generation, goods_input_oil_add +2/generation, goods_input_software_add +0.5/generation, goods_output_gold_add +1/generation, goods_output_lead_add +50/generation. Employment/domain side effects follow stat_rule MINE-LEAD; any productivity bonus uses goods_output_<good>_mult for the PMG's actual output goods."
pm_modern_oil_goods_mining_14,In-Situ Oil Recovery,tech_mining_14,14,pmg_oil_mining,tech_mining,Goods,MINE-OIL,"V3 linear rule: derive the absolute direct-goods step from the latest three productive live PMs (pm_oil_goods_mining_8, pm_oil_goods_mining_9, pm_oil_goods_mining_10), then continue that same step for every new PM. goods_input_industrial_robots_add +0.5/generation, goods_input_software_add +0.5/generation, goods_output_oil_add +25/generation. Employment/domain side effects follow stat_rule MINE-OIL; any productivity bonus uses goods_output_<good>_mult for the PMG's actual output goods."
pm_modern_sulfur_goods_mining_14,In-Situ Sulfur Recovery,tech_mining_14,14,pmg_sulfur_mining,tech_mining,Goods,MINE-SULFUR,"V3 linear rule: derive the absolute direct-goods step from the latest three productive live PMs (pm_sulfur_goods_mining_8, pm_sulfur_goods_mining_9, pm_sulfur_goods_mining_10), then continue that same step for every new PM. goods_input_electricity_add +2/generation, goods_input_industrial_robots_add +2/generation, goods_input_oil_add +2/generation, goods_input_software_add +0.5/generation, goods_output_sulfur_add +50/generation. Employment/domain side effects follow stat_rule MINE-SULFUR; any productivity bonus uses goods_output_<good>_mult for the PMG's actual output goods."
pm_modern_coal_goods_mining_15,Ultra-Deep Coal Extraction,tech_mining_15,15,pmg_coal_mining,tech_mining,Goods,MINE-COAL,"V3 linear rule: derive the absolute direct-goods step from the latest three productive live PMs (pm_coal_goods_mining_8, pm_coal_goods_mining_9, pm_coal_goods_mining_10), then continue that same step for every new PM. goods_input_electricity_add +2/generation, goods_input_industrial_robots_add +2/generation, goods_input_software_add +0.5/generation, goods_output_coal_add +50/generation. Employment/domain side effects follow stat_rule MINE-COAL; any productivity bonus uses goods_output_<good>_mult for the PMG's actual output goods."
pm_modern_gold_goods_mining_15,Ultra-Deep Gold Extraction,tech_mining_15,15,pmg_gold_mining,tech_mining,Goods,MINE-GOLD,"V3 linear rule: derive the absolute direct-goods step from the latest three productive live PMs (pm_gold_goods_mining_8, pm_gold_goods_mining_9, pm_gold_goods_mining_10), then continue that same step for every new PM. goods_input_electricity_add +2/generation, goods_input_industrial_robots_add +2/generation, goods_input_oil_add +2/generation, goods_input_software_add +0.5/generation, goods_output_gold_add +50/generation. Employment/domain side effects follow stat_rule MINE-GOLD; any productivity bonus uses goods_output_<good>_mult for the PMG's actual output goods."
pm_modern_iron_goods_mining_15,Ultra-Deep Iron Extraction,tech_mining_15,15,pmg_iron_mining,tech_mining,Goods,MINE-IRON,"V3 linear rule: derive the absolute direct-goods step from the latest three productive live PMs (pm_iron_goods_mining_8, pm_iron_goods_mining_9, pm_iron_goods_mining_10), then continue that same step for every new PM. goods_input_electricity_add +2/generation, goods_input_industrial_robots_add +2/generation, goods_input_oil_add +2/generation, goods_input_software_add +0.5/generation, goods_output_iron_add +100/generation. Employment/domain side effects follow stat_rule MINE-IRON; any productivity bonus uses goods_output_<good>_mult for the PMG's actual output goods."
pm_modern_lead_goods_mining_15,Ultra-Deep Lead Extraction,tech_mining_15,15,pmg_lead_mining,tech_mining,Goods,MINE-LEAD,"V3 linear rule: derive the absolute direct-goods step from the latest three productive live PMs (pm_lead_goods_mining_8, pm_lead_goods_mining_9, pm_lead_goods_mining_10), then continue that same step for every new PM. goods_input_electricity_add +2/generation, goods_input_industrial_robots_add +2/generation, goods_input_oil_add +2/generation, goods_input_software_add +0.5/generation, goods_output_gold_add +1/generation, goods_output_lead_add +50/generation. Employment/domain side effects follow stat_rule MINE-LEAD; any productivity bonus uses goods_output_<good>_mult for the PMG's actual output goods."
pm_modern_oil_goods_mining_15,Ultra-Deep Oil Extraction,tech_mining_15,15,pmg_oil_mining,tech_mining,Goods,MINE-OIL,"V3 linear rule: derive the absolute direct-goods step from the latest three productive live PMs (pm_oil_goods_mining_8, pm_oil_goods_mining_9, pm_oil_goods_mining_10), then continue that same step for every new PM. goods_input_industrial_robots_add +0.5/generation, goods_input_software_add +0.5/generation, goods_output_oil_add +25/generation. Employment/domain side effects follow stat_rule MINE-OIL; any productivity bonus uses goods_output_<good>_mult for the PMG's actual output goods."
pm_modern_sulfur_goods_mining_15,Ultra-Deep Sulfur Extraction,tech_mining_15,15,pmg_sulfur_mining,tech_mining,Goods,MINE-SULFUR,"V3 linear rule: derive the absolute direct-goods step from the latest three productive live PMs (pm_sulfur_goods_mining_8, pm_sulfur_goods_mining_9, pm_sulfur_goods_mining_10), then continue that same step for every new PM. goods_input_electricity_add +2/generation, goods_input_industrial_robots_add +2/generation, goods_input_oil_add +2/generation, goods_input_software_add +0.5/generation, goods_output_sulfur_add +50/generation. Employment/domain side effects follow stat_rule MINE-SULFUR; any productivity bonus uses goods_output_<good>_mult for the PMG's actual output goods."
pm_modern_coal_goods_mining_16,Bio-Optimized Coal Recovery,tech_mining_16,16,pmg_coal_mining,tech_mining,Goods,MINE-COAL,"V3 linear rule: derive the absolute direct-goods step from the latest three productive live PMs (pm_coal_goods_mining_8, pm_coal_goods_mining_9, pm_coal_goods_mining_10), then continue that same step for every new PM. goods_input_electricity_add +2/generation, goods_input_industrial_robots_add +2/generation, goods_input_software_add +0.5/generation, goods_output_coal_add +50/generation. Employment/domain side effects follow stat_rule MINE-COAL; any productivity bonus uses goods_output_<good>_mult for the PMG's actual output goods."
pm_modern_gold_goods_mining_16,Bio-Optimized Gold Recovery,tech_mining_16,16,pmg_gold_mining,tech_mining,Goods,MINE-GOLD,"V3 linear rule: derive the absolute direct-goods step from the latest three productive live PMs (pm_gold_goods_mining_8, pm_gold_goods_mining_9, pm_gold_goods_mining_10), then continue that same step for every new PM. goods_input_electricity_add +2/generation, goods_input_industrial_robots_add +2/generation, goods_input_oil_add +2/generation, goods_input_software_add +0.5/generation, goods_output_gold_add +50/generation. Employment/domain side effects follow stat_rule MINE-GOLD; any productivity bonus uses goods_output_<good>_mult for the PMG's actual output goods."
pm_modern_iron_goods_mining_16,Bio-Optimized Iron Recovery,tech_mining_16,16,pmg_iron_mining,tech_mining,Goods,MINE-IRON,"V3 linear rule: derive the absolute direct-goods step from the latest three productive live PMs (pm_iron_goods_mining_8, pm_iron_goods_mining_9, pm_iron_goods_mining_10), then continue that same step for every new PM. goods_input_electricity_add +2/generation, goods_input_industrial_robots_add +2/generation, goods_input_oil_add +2/generation, goods_input_software_add +0.5/generation, goods_output_iron_add +100/generation. Employment/domain side effects follow stat_rule MINE-IRON; any productivity bonus uses goods_output_<good>_mult for the PMG's actual output goods."
pm_modern_lead_goods_mining_16,Bio-Optimized Lead Recovery,tech_mining_16,16,pmg_lead_mining,tech_mining,Goods,MINE-LEAD,"V3 linear rule: derive the absolute direct-goods step from the latest three productive live PMs (pm_lead_goods_mining_8, pm_lead_goods_mining_9, pm_lead_goods_mining_10), then continue that same step for every new PM. goods_input_electricity_add +2/generation, goods_input_industrial_robots_add +2/generation, goods_input_oil_add +2/generation, goods_input_software_add +0.5/generation, goods_output_gold_add +1/generation, goods_output_lead_add +50/generation. Employment/domain side effects follow stat_rule MINE-LEAD; any productivity bonus uses goods_output_<good>_mult for the PMG's actual output goods."
pm_modern_oil_goods_mining_16,Bio-Optimized Oil Recovery,tech_mining_16,16,pmg_oil_mining,tech_mining,Goods,MINE-OIL,"V3 linear rule: derive the absolute direct-goods step from the latest three productive live PMs (pm_oil_goods_mining_8, pm_oil_goods_mining_9, pm_oil_goods_mining_10), then continue that same step for every new PM. goods_input_industrial_robots_add +0.5/generation, goods_input_software_add +0.5/generation, goods_output_oil_add +25/generation. Employment/domain side effects follow stat_rule MINE-OIL; any productivity bonus uses goods_output_<good>_mult for the PMG's actual output goods."
pm_modern_sulfur_goods_mining_16,Bio-Optimized Sulfur Recovery,tech_mining_16,16,pmg_sulfur_mining,tech_mining,Goods,MINE-SULFUR,"V3 linear rule: derive the absolute direct-goods step from the latest three productive live PMs (pm_sulfur_goods_mining_8, pm_sulfur_goods_mining_9, pm_sulfur_goods_mining_10), then continue that same step for every new PM. goods_input_electricity_add +2/generation, goods_input_industrial_robots_add +2/generation, goods_input_oil_add +2/generation, goods_input_software_add +0.5/generation, goods_output_sulfur_add +50/generation. Employment/domain side effects follow stat_rule MINE-SULFUR; any productivity bonus uses goods_output_<good>_mult for the PMG's actual output goods."
pm_modern_coal_goods_mining_17,Self-Replicating Coal Mining,tech_mining_17,17,pmg_coal_mining,tech_mining,Goods,MINE-COAL,"V3 linear rule: derive the absolute direct-goods step from the latest three productive live PMs (pm_coal_goods_mining_8, pm_coal_goods_mining_9, pm_coal_goods_mining_10), then continue that same step for every new PM. goods_input_electricity_add +2/generation, goods_input_industrial_robots_add +2/generation, goods_input_software_add +0.5/generation, goods_output_coal_add +50/generation. Employment/domain side effects follow stat_rule MINE-COAL; any productivity bonus uses goods_output_<good>_mult for the PMG's actual output goods."
pm_modern_gold_goods_mining_17,Self-Replicating Gold Mining,tech_mining_17,17,pmg_gold_mining,tech_mining,Goods,MINE-GOLD,"V3 linear rule: derive the absolute direct-goods step from the latest three productive live PMs (pm_gold_goods_mining_8, pm_gold_goods_mining_9, pm_gold_goods_mining_10), then continue that same step for every new PM. goods_input_electricity_add +2/generation, goods_input_industrial_robots_add +2/generation, goods_input_oil_add +2/generation, goods_input_software_add +0.5/generation, goods_output_gold_add +50/generation. Employment/domain side effects follow stat_rule MINE-GOLD; any productivity bonus uses goods_output_<good>_mult for the PMG's actual output goods."
pm_modern_iron_goods_mining_17,Self-Replicating Iron Mining,tech_mining_17,17,pmg_iron_mining,tech_mining,Goods,MINE-IRON,"V3 linear rule: derive the absolute direct-goods step from the latest three productive live PMs (pm_iron_goods_mining_8, pm_iron_goods_mining_9, pm_iron_goods_mining_10), then continue that same step for every new PM. goods_input_electricity_add +2/generation, goods_input_industrial_robots_add +2/generation, goods_input_oil_add +2/generation, goods_input_software_add +0.5/generation, goods_output_iron_add +100/generation. Employment/domain side effects follow stat_rule MINE-IRON; any productivity bonus uses goods_output_<good>_mult for the PMG's actual output goods."
pm_modern_lead_goods_mining_17,Self-Replicating Lead Mining,tech_mining_17,17,pmg_lead_mining,tech_mining,Goods,MINE-LEAD,"V3 linear rule: derive the absolute direct-goods step from the latest three productive live PMs (pm_lead_goods_mining_8, pm_lead_goods_mining_9, pm_lead_goods_mining_10), then continue that same step for every new PM. goods_input_electricity_add +2/generation, goods_input_industrial_robots_add +2/generation, goods_input_oil_add +2/generation, goods_input_software_add +0.5/generation, goods_output_gold_add +1/generation, goods_output_lead_add +50/generation. Employment/domain side effects follow stat_rule MINE-LEAD; any productivity bonus uses goods_output_<good>_mult for the PMG's actual output goods."
pm_modern_oil_goods_mining_17,Self-Replicating Oil Mining,tech_mining_17,17,pmg_oil_mining,tech_mining,Goods,MINE-OIL,"V3 linear rule: derive the absolute direct-goods step from the latest three productive live PMs (pm_oil_goods_mining_8, pm_oil_goods_mining_9, pm_oil_goods_mining_10), then continue that same step for every new PM. goods_input_industrial_robots_add +0.5/generation, goods_input_software_add +0.5/generation, goods_output_oil_add +25/generation. Employment/domain side effects follow stat_rule MINE-OIL; any productivity bonus uses goods_output_<good>_mult for the PMG's actual output goods."
pm_modern_sulfur_goods_mining_17,Self-Replicating Sulfur Mining,tech_mining_17,17,pmg_sulfur_mining,tech_mining,Goods,MINE-SULFUR,"V3 linear rule: derive the absolute direct-goods step from the latest three productive live PMs (pm_sulfur_goods_mining_8, pm_sulfur_goods_mining_9, pm_sulfur_goods_mining_10), then continue that same step for every new PM. goods_input_electricity_add +2/generation, goods_input_industrial_robots_add +2/generation, goods_input_oil_add +2/generation, goods_input_software_add +0.5/generation, goods_output_sulfur_add +50/generation. Employment/domain side effects follow stat_rule MINE-SULFUR; any productivity bonus uses goods_output_<good>_mult for the PMG's actual output goods."
pm_modern_coal_goods_mining_18,Crustal Coal Resource Engineering,tech_mining_18,18,pmg_coal_mining,tech_mining,Goods,MINE-COAL,"V3 linear rule: derive the absolute direct-goods step from the latest three productive live PMs (pm_coal_goods_mining_8, pm_coal_goods_mining_9, pm_coal_goods_mining_10), then continue that same step for every new PM. goods_input_electricity_add +2/generation, goods_input_industrial_robots_add +2/generation, goods_input_software_add +0.5/generation, goods_output_coal_add +50/generation. Employment/domain side effects follow stat_rule MINE-COAL; any productivity bonus uses goods_output_<good>_mult for the PMG's actual output goods."
pm_modern_gold_goods_mining_18,Crustal Gold Resource Engineering,tech_mining_18,18,pmg_gold_mining,tech_mining,Goods,MINE-GOLD,"V3 linear rule: derive the absolute direct-goods step from the latest three productive live PMs (pm_gold_goods_mining_8, pm_gold_goods_mining_9, pm_gold_goods_mining_10), then continue that same step for every new PM. goods_input_electricity_add +2/generation, goods_input_industrial_robots_add +2/generation, goods_input_oil_add +2/generation, goods_input_software_add +0.5/generation, goods_output_gold_add +50/generation. Employment/domain side effects follow stat_rule MINE-GOLD; any productivity bonus uses goods_output_<good>_mult for the PMG's actual output goods."
pm_modern_iron_goods_mining_18,Crustal Iron Resource Engineering,tech_mining_18,18,pmg_iron_mining,tech_mining,Goods,MINE-IRON,"V3 linear rule: derive the absolute direct-goods step from the latest three productive live PMs (pm_iron_goods_mining_8, pm_iron_goods_mining_9, pm_iron_goods_mining_10), then continue that same step for every new PM. goods_input_electricity_add +2/generation, goods_input_industrial_robots_add +2/generation, goods_input_oil_add +2/generation, goods_input_software_add +0.5/generation, goods_output_iron_add +100/generation. Employment/domain side effects follow stat_rule MINE-IRON; any productivity bonus uses goods_output_<good>_mult for the PMG's actual output goods."
pm_modern_lead_goods_mining_18,Crustal Lead Resource Engineering,tech_mining_18,18,pmg_lead_mining,tech_mining,Goods,MINE-LEAD,"V3 linear rule: derive the absolute direct-goods step from the latest three productive live PMs (pm_lead_goods_mining_8, pm_lead_goods_mining_9, pm_lead_goods_mining_10), then continue that same step for every new PM. goods_input_electricity_add +2/generation, goods_input_industrial_robots_add +2/generation, goods_input_oil_add +2/generation, goods_input_software_add +0.5/generation, goods_output_gold_add +1/generation, goods_output_lead_add +50/generation. Employment/domain side effects follow stat_rule MINE-LEAD; any productivity bonus uses goods_output_<good>_mult for the PMG's actual output goods."
pm_modern_oil_goods_mining_18,Crustal Oil Resource Engineering,tech_mining_18,18,pmg_oil_mining,tech_mining,Goods,MINE-OIL,"V3 linear rule: derive the absolute direct-goods step from the latest three productive live PMs (pm_oil_goods_mining_8, pm_oil_goods_mining_9, pm_oil_goods_mining_10), then continue that same step for every new PM. goods_input_industrial_robots_add +0.5/generation, goods_input_software_add +0.5/generation, goods_output_oil_add +25/generation. Employment/domain side effects follow stat_rule MINE-OIL; any productivity bonus uses goods_output_<good>_mult for the PMG's actual output goods."
pm_modern_sulfur_goods_mining_18,Crustal Sulfur Resource Engineering,tech_mining_18,18,pmg_sulfur_mining,tech_mining,Goods,MINE-SULFUR,"V3 linear rule: derive the absolute direct-goods step from the latest three productive live PMs (pm_sulfur_goods_mining_8, pm_sulfur_goods_mining_9, pm_sulfur_goods_mining_10), then continue that same step for every new PM. goods_input_electricity_add +2/generation, goods_input_industrial_robots_add +2/generation, goods_input_oil_add +2/generation, goods_input_software_add +0.5/generation, goods_output_sulfur_add +50/generation. Employment/domain side effects follow stat_rule MINE-SULFUR; any productivity bonus uses goods_output_<good>_mult for the PMG's actual output goods."
pm_modern_coal_goods_mining_19,Planetary Coal Prospecting,tech_mining_19,19,pmg_coal_mining,tech_mining,Goods,MINE-COAL,"V3 linear rule: derive the absolute direct-goods step from the latest three productive live PMs (pm_coal_goods_mining_8, pm_coal_goods_mining_9, pm_coal_goods_mining_10), then continue that same step for every new PM. goods_input_electricity_add +2/generation, goods_input_industrial_robots_add +2/generation, goods_input_software_add +0.5/generation, goods_output_coal_add +50/generation. Employment/domain side effects follow stat_rule MINE-COAL; any productivity bonus uses goods_output_<good>_mult for the PMG's actual output goods."
pm_modern_gold_goods_mining_19,Planetary Gold Prospecting,tech_mining_19,19,pmg_gold_mining,tech_mining,Goods,MINE-GOLD,"V3 linear rule: derive the absolute direct-goods step from the latest three productive live PMs (pm_gold_goods_mining_8, pm_gold_goods_mining_9, pm_gold_goods_mining_10), then continue that same step for every new PM. goods_input_electricity_add +2/generation, goods_input_industrial_robots_add +2/generation, goods_input_oil_add +2/generation, goods_input_software_add +0.5/generation, goods_output_gold_add +50/generation. Employment/domain side effects follow stat_rule MINE-GOLD; any productivity bonus uses goods_output_<good>_mult for the PMG's actual output goods."
pm_modern_iron_goods_mining_19,Planetary Iron Prospecting,tech_mining_19,19,pmg_iron_mining,tech_mining,Goods,MINE-IRON,"V3 linear rule: derive the absolute direct-goods step from the latest three productive live PMs (pm_iron_goods_mining_8, pm_iron_goods_mining_9, pm_iron_goods_mining_10), then continue that same step for every new PM. goods_input_electricity_add +2/generation, goods_input_industrial_robots_add +2/generation, goods_input_oil_add +2/generation, goods_input_software_add +0.5/generation, goods_output_iron_add +100/generation. Employment/domain side effects follow stat_rule MINE-IRON; any productivity bonus uses goods_output_<good>_mult for the PMG's actual output goods."
pm_modern_lead_goods_mining_19,Planetary Lead Prospecting,tech_mining_19,19,pmg_lead_mining,tech_mining,Goods,MINE-LEAD,"V3 linear rule: derive the absolute direct-goods step from the latest three productive live PMs (pm_lead_goods_mining_8, pm_lead_goods_mining_9, pm_lead_goods_mining_10), then continue that same step for every new PM. goods_input_electricity_add +2/generation, goods_input_industrial_robots_add +2/generation, goods_input_oil_add +2/generation, goods_input_software_add +0.5/generation, goods_output_gold_add +1/generation, goods_output_lead_add +50/generation. Employment/domain side effects follow stat_rule MINE-LEAD; any productivity bonus uses goods_output_<good>_mult for the PMG's actual output goods."
pm_modern_oil_goods_mining_19,Planetary Oil Prospecting,tech_mining_19,19,pmg_oil_mining,tech_mining,Goods,MINE-OIL,"V3 linear rule: derive the absolute direct-goods step from the latest three productive live PMs (pm_oil_goods_mining_8, pm_oil_goods_mining_9, pm_oil_goods_mining_10), then continue that same step for every new PM. goods_input_industrial_robots_add +0.5/generation, goods_input_software_add +0.5/generation, goods_output_oil_add +25/generation. Employment/domain side effects follow stat_rule MINE-OIL; any productivity bonus uses goods_output_<good>_mult for the PMG's actual output goods."
pm_modern_sulfur_goods_mining_19,Planetary Sulfur Prospecting,tech_mining_19,19,pmg_sulfur_mining,tech_mining,Goods,MINE-SULFUR,"V3 linear rule: derive the absolute direct-goods step from the latest three productive live PMs (pm_sulfur_goods_mining_8, pm_sulfur_goods_mining_9, pm_sulfur_goods_mining_10), then continue that same step for every new PM. goods_input_electricity_add +2/generation, goods_input_industrial_robots_add +2/generation, goods_input_oil_add +2/generation, goods_input_software_add +0.5/generation, goods_output_sulfur_add +50/generation. Employment/domain side effects follow stat_rule MINE-SULFUR; any productivity bonus uses goods_output_<good>_mult for the PMG's actual output goods."
pm_modern_coal_goods_mining_20,Programmable Coal Extraction,tech_mining_20,20,pmg_coal_mining,tech_mining,Goods,MINE-COAL,"V3 linear rule: derive the absolute direct-goods step from the latest three productive live PMs (pm_coal_goods_mining_8, pm_coal_goods_mining_9, pm_coal_goods_mining_10), then continue that same step for every new PM. goods_input_electricity_add +2/generation, goods_input_industrial_robots_add +2/generation, goods_input_software_add +0.5/generation, goods_output_coal_add +50/generation. Employment/domain side effects follow stat_rule MINE-COAL; any productivity bonus uses goods_output_<good>_mult for the PMG's actual output goods."
pm_modern_gold_goods_mining_20,Programmable Gold Extraction,tech_mining_20,20,pmg_gold_mining,tech_mining,Goods,MINE-GOLD,"V3 linear rule: derive the absolute direct-goods step from the latest three productive live PMs (pm_gold_goods_mining_8, pm_gold_goods_mining_9, pm_gold_goods_mining_10), then continue that same step for every new PM. goods_input_electricity_add +2/generation, goods_input_industrial_robots_add +2/generation, goods_input_oil_add +2/generation, goods_input_software_add +0.5/generation, goods_output_gold_add +50/generation. Employment/domain side effects follow stat_rule MINE-GOLD; any productivity bonus uses goods_output_<good>_mult for the PMG's actual output goods."
pm_modern_iron_goods_mining_20,Programmable Iron Extraction,tech_mining_20,20,pmg_iron_mining,tech_mining,Goods,MINE-IRON,"V3 linear rule: derive the absolute direct-goods step from the latest three productive live PMs (pm_iron_goods_mining_8, pm_iron_goods_mining_9, pm_iron_goods_mining_10), then continue that same step for every new PM. goods_input_electricity_add +2/generation, goods_input_industrial_robots_add +2/generation, goods_input_oil_add +2/generation, goods_input_software_add +0.5/generation, goods_output_iron_add +100/generation. Employment/domain side effects follow stat_rule MINE-IRON; any productivity bonus uses goods_output_<good>_mult for the PMG's actual output goods."
pm_modern_lead_goods_mining_20,Programmable Lead Extraction,tech_mining_20,20,pmg_lead_mining,tech_mining,Goods,MINE-LEAD,"V3 linear rule: derive the absolute direct-goods step from the latest three productive live PMs (pm_lead_goods_mining_8, pm_lead_goods_mining_9, pm_lead_goods_mining_10), then continue that same step for every new PM. goods_input_electricity_add +2/generation, goods_input_industrial_robots_add +2/generation, goods_input_oil_add +2/generation, goods_input_software_add +0.5/generation, goods_output_gold_add +1/generation, goods_output_lead_add +50/generation. Employment/domain side effects follow stat_rule MINE-LEAD; any productivity bonus uses goods_output_<good>_mult for the PMG's actual output goods."
pm_modern_oil_goods_mining_20,Programmable Oil Extraction,tech_mining_20,20,pmg_oil_mining,tech_mining,Goods,MINE-OIL,"V3 linear rule: derive the absolute direct-goods step from the latest three productive live PMs (pm_oil_goods_mining_8, pm_oil_goods_mining_9, pm_oil_goods_mining_10), then continue that same step for every new PM. goods_input_industrial_robots_add +0.5/generation, goods_input_software_add +0.5/generation, goods_output_oil_add +25/generation. Employment/domain side effects follow stat_rule MINE-OIL; any productivity bonus uses goods_output_<good>_mult for the PMG's actual output goods."
pm_modern_sulfur_goods_mining_20,Programmable Sulfur Extraction,tech_mining_20,20,pmg_sulfur_mining,tech_mining,Goods,MINE-SULFUR,"V3 linear rule: derive the absolute direct-goods step from the latest three productive live PMs (pm_sulfur_goods_mining_8, pm_sulfur_goods_mining_9, pm_sulfur_goods_mining_10), then continue that same step for every new PM. goods_input_electricity_add +2/generation, goods_input_industrial_robots_add +2/generation, goods_input_oil_add +2/generation, goods_input_software_add +0.5/generation, goods_output_sulfur_add +50/generation. Employment/domain side effects follow stat_rule MINE-SULFUR; any productivity bonus uses goods_output_<good>_mult for the PMG's actual output goods."
pm_modern_wood_goods_logging_11,Autonomous Timber Harvesting,tech_manufacturing_11,11,pmg_wood_logging,tech_manufacturing,Goods,LOG-WOOD,"V3 linear rule: derive the absolute direct-goods step from the latest three productive live PMs (pm_wood_goods_logging_8, pm_wood_goods_logging_9, pm_wood_goods_logging_10), then continue that same step for every new PM. goods_input_industrial_robots_add +1/generation, goods_input_oil_add +1/generation, goods_input_software_add +0.5/generation, goods_output_wood_add +200/generation. Employment/domain side effects follow stat_rule LOG-WOOD; any productivity bonus uses goods_output_<good>_mult for the PMG's actual output goods."
pm_modern_wood_goods_logging_12,Precision Forest Processing,tech_manufacturing_12,12,pmg_wood_logging,tech_manufacturing,Goods,LOG-WOOD,"V3 linear rule: derive the absolute direct-goods step from the latest three productive live PMs (pm_wood_goods_logging_8, pm_wood_goods_logging_9, pm_wood_goods_logging_10), then continue that same step for every new PM. goods_input_industrial_robots_add +1/generation, goods_input_oil_add +1/generation, goods_input_software_add +0.5/generation, goods_output_wood_add +200/generation. Employment/domain side effects follow stat_rule LOG-WOOD; any productivity bonus uses goods_output_<good>_mult for the PMG's actual output goods."
pm_modern_wood_goods_logging_13,Robotic Silviculture,tech_manufacturing_13,13,pmg_wood_logging,tech_manufacturing,Goods,LOG-WOOD,"V3 linear rule: derive the absolute direct-goods step from the latest three productive live PMs (pm_wood_goods_logging_8, pm_wood_goods_logging_9, pm_wood_goods_logging_10), then continue that same step for every new PM. goods_input_industrial_robots_add +1/generation, goods_input_oil_add +1/generation, goods_input_software_add +0.5/generation, goods_output_wood_add +200/generation. Employment/domain side effects follow stat_rule LOG-WOOD; any productivity bonus uses goods_output_<good>_mult for the PMG's actual output goods."
pm_modern_wood_goods_logging_14,In-Situ Wood Processing,tech_manufacturing_14,14,pmg_wood_logging,tech_manufacturing,Goods,LOG-WOOD,"V3 linear rule: derive the absolute direct-goods step from the latest three productive live PMs (pm_wood_goods_logging_8, pm_wood_goods_logging_9, pm_wood_goods_logging_10), then continue that same step for every new PM. goods_input_industrial_robots_add +1/generation, goods_input_oil_add +1/generation, goods_input_software_add +0.5/generation, goods_output_wood_add +200/generation. Employment/domain side effects follow stat_rule LOG-WOOD; any productivity bonus uses goods_output_<good>_mult for the PMG's actual output goods."
pm_modern_wood_goods_logging_15,Closed-Loop Timber Industry,tech_manufacturing_15,15,pmg_wood_logging,tech_manufacturing,Goods,LOG-WOOD,"V3 linear rule: derive the absolute direct-goods step from the latest three productive live PMs (pm_wood_goods_logging_8, pm_wood_goods_logging_9, pm_wood_goods_logging_10), then continue that same step for every new PM. goods_input_industrial_robots_add +1/generation, goods_input_oil_add +1/generation, goods_input_software_add +0.5/generation, goods_output_wood_add +200/generation. Employment/domain side effects follow stat_rule LOG-WOOD; any productivity bonus uses goods_output_<good>_mult for the PMG's actual output goods."
pm_modern_wood_goods_logging_16,Climate-Managed Forestry,tech_manufacturing_16,16,pmg_wood_logging,tech_manufacturing,Goods,LOG-WOOD,"V3 linear rule: derive the absolute direct-goods step from the latest three productive live PMs (pm_wood_goods_logging_8, pm_wood_goods_logging_9, pm_wood_goods_logging_10), then continue that same step for every new PM. goods_input_industrial_robots_add +1/generation, goods_input_oil_add +1/generation, goods_input_software_add +0.5/generation, goods_output_wood_add +200/generation. Employment/domain side effects follow stat_rule LOG-WOOD; any productivity bonus uses goods_output_<good>_mult for the PMG's actual output goods."
pm_modern_wood_goods_logging_17,Self-Replicating Logging Systems,tech_manufacturing_17,17,pmg_wood_logging,tech_manufacturing,Goods,LOG-WOOD,"V3 linear rule: derive the absolute direct-goods step from the latest three productive live PMs (pm_wood_goods_logging_8, pm_wood_goods_logging_9, pm_wood_goods_logging_10), then continue that same step for every new PM. goods_input_industrial_robots_add +1/generation, goods_input_oil_add +1/generation, goods_input_software_add +0.5/generation, goods_output_wood_add +200/generation. Employment/domain side effects follow stat_rule LOG-WOOD; any productivity bonus uses goods_output_<good>_mult for the PMG's actual output goods."
pm_modern_wood_goods_logging_18,Adaptive Forest Industry,tech_manufacturing_18,18,pmg_wood_logging,tech_manufacturing,Goods,LOG-WOOD,"V3 linear rule: derive the absolute direct-goods step from the latest three productive live PMs (pm_wood_goods_logging_8, pm_wood_goods_logging_9, pm_wood_goods_logging_10), then continue that same step for every new PM. goods_input_industrial_robots_add +1/generation, goods_input_oil_add +1/generation, goods_input_software_add +0.5/generation, goods_output_wood_add +200/generation. Employment/domain side effects follow stat_rule LOG-WOOD; any productivity bonus uses goods_output_<good>_mult for the PMG's actual output goods."
pm_modern_wood_goods_logging_19,Programmable Timber Ecologies,tech_manufacturing_19,19,pmg_wood_logging,tech_manufacturing,Goods,LOG-WOOD,"V3 linear rule: derive the absolute direct-goods step from the latest three productive live PMs (pm_wood_goods_logging_8, pm_wood_goods_logging_9, pm_wood_goods_logging_10), then continue that same step for every new PM. goods_input_industrial_robots_add +1/generation, goods_input_oil_add +1/generation, goods_input_software_add +0.5/generation, goods_output_wood_add +200/generation. Employment/domain side effects follow stat_rule LOG-WOOD; any productivity bonus uses goods_output_<good>_mult for the PMG's actual output goods."
pm_modern_wood_goods_logging_20,Universal Biomaterial Forestry,tech_manufacturing_20,20,pmg_wood_logging,tech_manufacturing,Goods,LOG-WOOD,"V3 linear rule: derive the absolute direct-goods step from the latest three productive live PMs (pm_wood_goods_logging_8, pm_wood_goods_logging_9, pm_wood_goods_logging_10), then continue that same step for every new PM. goods_input_industrial_robots_add +1/generation, goods_input_oil_add +1/generation, goods_input_software_add +0.5/generation, goods_output_wood_add +200/generation. Employment/domain side effects follow stat_rule LOG-WOOD; any productivity bonus uses goods_output_<good>_mult for the PMG's actual output goods."
pm_modern_furniture_goods_manufacturing_2,Smart Composite Furniture,tech_chemicals_11,11,pmg_furniture_manufacturing,tech_chemicals,Goods,PARTIAL-GOODS,"V3 explicit sparse/flat-throughput rule: source history does not provide a usable increasing three-PM throughput slope. From the final productive live PM, add 50% of its positive direct goods input/output package as one fixed absolute step per new PM (never compounded). Employment/domain side effects follow stat_rule PARTIAL-GOODS; productivity bonuses are per-good only."
pm_modern_furniture_goods_manufacturing_3,Adaptive Material Furnishings,tech_chemicals_16,16,pmg_furniture_manufacturing,tech_chemicals,Goods,PARTIAL-GOODS,"V3 explicit sparse/flat-throughput rule: source history does not provide a usable increasing three-PM throughput slope. From the final productive live PM, add 50% of its positive direct goods input/output package as one fixed absolute step per new PM (never compounded). Employment/domain side effects follow stat_rule PARTIAL-GOODS; productivity bonuses are per-good only."
pm_modern_furniture_goods_manufacturing_4,Programmable Interior Fabrication,tech_chemicals_20,20,pmg_furniture_manufacturing,tech_chemicals,Goods,PARTIAL-GOODS,"V3 explicit sparse/flat-throughput rule: source history does not provide a usable increasing three-PM throughput slope. From the final productive live PM, add 50% of its positive direct goods input/output package as one fixed absolute step per new PM (never compounded). Employment/domain side effects follow stat_rule PARTIAL-GOODS; productivity bonuses are per-good only."
pm_modern_groceries_goods_manufacturing_2,Precision-Processed Foods,tech_chemicals_11,11,pmg_groceries_manufacturing,tech_chemicals,Goods,PARTIAL-GOODS,"V3 explicit sparse/flat-throughput rule: source history does not provide a usable increasing three-PM throughput slope. From the final productive live PM, add 50% of its positive direct goods input/output package as one fixed absolute step per new PM (never compounded). Employment/domain side effects follow stat_rule PARTIAL-GOODS; productivity bonuses are per-good only."
pm_modern_groceries_goods_manufacturing_3,Cellular Food Processing,tech_chemicals_16,16,pmg_groceries_manufacturing,tech_chemicals,Goods,PARTIAL-GOODS,"V3 explicit sparse/flat-throughput rule: source history does not provide a usable increasing three-PM throughput slope. From the final productive live PM, add 50% of its positive direct goods input/output package as one fixed absolute step per new PM (never compounded). Employment/domain side effects follow stat_rule PARTIAL-GOODS; productivity bonuses are per-good only."
pm_modern_groceries_goods_manufacturing_4,Molecular Food Fabrication,tech_chemicals_20,20,pmg_groceries_manufacturing,tech_chemicals,Goods,PARTIAL-GOODS,"V3 explicit sparse/flat-throughput rule: source history does not provide a usable increasing three-PM throughput slope. From the final productive live PM, add 50% of its positive direct goods input/output package as one fixed absolute step per new PM (never compounded). Employment/domain side effects follow stat_rule PARTIAL-GOODS; productivity bonuses are per-good only."
pm_modern_clothes_goods_manufacturing_2,Metamaterial Textiles,tech_chemicals_12,12,pmg_clothes_manufacturing,tech_chemicals,Goods,PARTIAL-GOODS,"V3 explicit sparse/flat-throughput rule: source history does not provide a usable increasing three-PM throughput slope. From the final productive live PM, add 50% of its positive direct goods input/output package as one fixed absolute step per new PM (never compounded). Employment/domain side effects follow stat_rule PARTIAL-GOODS; productivity bonuses are per-good only."
pm_modern_clothes_goods_manufacturing_3,Self-Repairing Garments,tech_chemicals_17,17,pmg_clothes_manufacturing,tech_chemicals,Goods,PARTIAL-GOODS,"V3 explicit sparse/flat-throughput rule: source history does not provide a usable increasing three-PM throughput slope. From the final productive live PM, add 50% of its positive direct goods input/output package as one fixed absolute step per new PM (never compounded). Employment/domain side effects follow stat_rule PARTIAL-GOODS; productivity bonuses are per-good only."
pm_modern_clothes_goods_manufacturing_4,Programmable Clothing,tech_chemicals_20,20,pmg_clothes_manufacturing,tech_chemicals,Goods,PARTIAL-GOODS,"V3 explicit sparse/flat-throughput rule: source history does not provide a usable increasing three-PM throughput slope. From the final productive live PM, add 50% of its positive direct goods input/output package as one fixed absolute step per new PM (never compounded). Employment/domain side effects follow stat_rule PARTIAL-GOODS; productivity bonuses are per-good only."
pm_modern_steel_goods_manufacturing_3,Metamaterial Steel,tech_chemicals_12,12,pmg_steel_manufacturing,tech_chemicals,Goods,PARTIAL-GOODS,V3 explicit family linear rule: goods_output_steel_add +50/generation. Apply the same absolute step from the final productive live PM to every future generation; never use dangling/deprecated residue.
pm_modern_steel_goods_manufacturing_4,Self-Healing Structural Alloys,tech_chemicals_17,17,pmg_steel_manufacturing,tech_chemicals,Goods,PARTIAL-GOODS,V3 explicit family linear rule: goods_output_steel_add +50/generation. Apply the same absolute step from the final productive live PM to every future generation; never use dangling/deprecated residue.
pm_modern_steel_goods_manufacturing_5,Programmable Structural Metals,tech_chemicals_20,20,pmg_steel_manufacturing,tech_chemicals,Goods,PARTIAL-GOODS,V3 explicit family linear rule: goods_output_steel_add +50/generation. Apply the same absolute step from the final productive live PM to every future generation; never use dangling/deprecated residue.
pm_modern_industrial_chemicals_goods_manufacturing_4,Programmable Industrial Chemicals,tech_chemicals_13,13,pmg_industrial_chemicals_manufacturing,tech_chemicals,Goods,PARTIAL-GOODS,"V3 linear rule: derive the absolute direct-goods step from the latest three productive live PMs (pm_industrial_chemicals_goods_manufacturing_1, pm_industrial_chemicals_goods_manufacturing_2, pm_industrial_chemicals_goods_manufacturing_3), then continue that same step for every new PM. goods_output_industrial_chemicals_add +50/generation. Employment/domain side effects follow stat_rule PARTIAL-GOODS; any productivity bonus uses goods_output_<good>_mult for the PMG's actual output goods."
pm_modern_industrial_chemicals_goods_manufacturing_5,Synthetic Molecular Reagents,tech_chemicals_18,18,pmg_industrial_chemicals_manufacturing,tech_chemicals,Goods,PARTIAL-GOODS,"V3 linear rule: derive the absolute direct-goods step from the latest three productive live PMs (pm_industrial_chemicals_goods_manufacturing_1, pm_industrial_chemicals_goods_manufacturing_2, pm_industrial_chemicals_goods_manufacturing_3), then continue that same step for every new PM. goods_output_industrial_chemicals_add +50/generation. Employment/domain side effects follow stat_rule PARTIAL-GOODS; any productivity bonus uses goods_output_<good>_mult for the PMG's actual output goods."
pm_modern_industrial_chemicals_goods_manufacturing_6,Universal Chemical Feedstocks,tech_chemicals_20,20,pmg_industrial_chemicals_manufacturing,tech_chemicals,Goods,PARTIAL-GOODS,"V3 linear rule: derive the absolute direct-goods step from the latest three productive live PMs (pm_industrial_chemicals_goods_manufacturing_1, pm_industrial_chemicals_goods_manufacturing_2, pm_industrial_chemicals_goods_manufacturing_3), then continue that same step for every new PM. goods_output_industrial_chemicals_add +50/generation. Employment/domain side effects follow stat_rule PARTIAL-GOODS; any productivity bonus uses goods_output_<good>_mult for the PMG's actual output goods."
pm_modern_plastics_goods_manufacturing_2,Programmable Polymers,tech_chemicals_13,13,pmg_plastics_manufacturing,tech_chemicals,Goods,PARTIAL-GOODS,"V3 explicit sparse/flat-throughput rule: source history does not provide a usable increasing three-PM throughput slope. From the final productive live PM, add 50% of its positive direct goods input/output package as one fixed absolute step per new PM (never compounded). Employment/domain side effects follow stat_rule PARTIAL-GOODS; productivity bonuses are per-good only."
pm_modern_plastics_goods_manufacturing_3,Self-Healing Polymers,tech_chemicals_18,18,pmg_plastics_manufacturing,tech_chemicals,Goods,PARTIAL-GOODS,"V3 explicit sparse/flat-throughput rule: source history does not provide a usable increasing three-PM throughput slope. From the final productive live PM, add 50% of its positive direct goods input/output package as one fixed absolute step per new PM (never compounded). Employment/domain side effects follow stat_rule PARTIAL-GOODS; productivity bonuses are per-good only."
pm_modern_plastics_goods_manufacturing_4,Universal Molecular Polymers,tech_chemicals_20,20,pmg_plastics_manufacturing,tech_chemicals,Goods,PARTIAL-GOODS,"V3 explicit sparse/flat-throughput rule: source history does not provide a usable increasing three-PM throughput slope. From the final productive live PM, add 50% of its positive direct goods input/output package as one fixed absolute step per new PM (never compounded). Employment/domain side effects follow stat_rule PARTIAL-GOODS; productivity bonuses are per-good only."
pm_modern_computers_goods_manufacturing_4,Molecular Computers,tech_chemicals_14,14,pmg_computers_manufacturing,tech_chemicals,Goods,PARTIAL-GOODS,"V3 explicit sparse/flat-throughput rule: source history does not provide a usable increasing three-PM throughput slope. From the final productive live PM, add 50% of its positive direct goods input/output package as one fixed absolute step per new PM (never compounded). Employment/domain side effects follow stat_rule PARTIAL-GOODS; productivity bonuses are per-good only."
pm_modern_computers_goods_manufacturing_5,Quantum-Molecular Computers,tech_chemicals_19,19,pmg_computers_manufacturing,tech_chemicals,Goods,PARTIAL-GOODS,"V3 explicit sparse/flat-throughput rule: source history does not provide a usable increasing three-PM throughput slope. From the final productive live PM, add 50% of its positive direct goods input/output package as one fixed absolute step per new PM (never compounded). Employment/domain side effects follow stat_rule PARTIAL-GOODS; productivity bonuses are per-good only."
pm_modern_computers_goods_manufacturing_6,Substrate-Independent Computers,tech_chemicals_20,20,pmg_computers_manufacturing,tech_chemicals,Goods,PARTIAL-GOODS,"V3 explicit sparse/flat-throughput rule: source history does not provide a usable increasing three-PM throughput slope. From the final productive live PM, add 50% of its positive direct goods input/output package as one fixed absolute step per new PM (never compounded). Employment/domain side effects follow stat_rule PARTIAL-GOODS; productivity bonuses are per-good only."
pm_modern_circuit_boards_goods_manufacturing_4,Molecular Circuit Substrates,tech_chemicals_14,14,pmg_circuit_boards_manufacturing,tech_chemicals,Goods,PARTIAL-GOODS,"V3 explicit sparse/flat-throughput rule: source history does not provide a usable increasing three-PM throughput slope. From the final productive live PM, add 50% of its positive direct goods input/output package as one fixed absolute step per new PM (never compounded). Employment/domain side effects follow stat_rule PARTIAL-GOODS; productivity bonuses are per-good only."
pm_modern_circuit_boards_goods_manufacturing_5,Quantum Circuit Substrates,tech_chemicals_19,19,pmg_circuit_boards_manufacturing,tech_chemicals,Goods,PARTIAL-GOODS,"V3 explicit sparse/flat-throughput rule: source history does not provide a usable increasing three-PM throughput slope. From the final productive live PM, add 50% of its positive direct goods input/output package as one fixed absolute step per new PM (never compounded). Employment/domain side effects follow stat_rule PARTIAL-GOODS; productivity bonuses are per-good only."
pm_modern_circuit_boards_goods_manufacturing_6,Matter-Embedded Circuitry,tech_chemicals_20,20,pmg_circuit_boards_manufacturing,tech_chemicals,Goods,PARTIAL-GOODS,"V3 explicit sparse/flat-throughput rule: source history does not provide a usable increasing three-PM throughput slope. From the final productive live PM, add 50% of its positive direct goods input/output package as one fixed absolute step per new PM (never compounded). Employment/domain side effects follow stat_rule PARTIAL-GOODS; productivity bonuses are per-good only."
pm_modern_liquor_goods_manufacturing_1,Precision Fermentation,tech_chemicals_11,11,pmg_liquor_manufacturing,tech_chemicals,Goods,PARTIAL-GOODS,"V3 explicit sparse/flat-throughput rule: source history does not provide a usable increasing three-PM throughput slope. From the final productive live PM, add 50% of its positive direct goods input/output package as one fixed absolute step per new PM (never compounded). Employment/domain side effects follow stat_rule PARTIAL-GOODS; productivity bonuses are per-good only."
pm_modern_liquor_goods_manufacturing_2,Synthetic Fermentation,tech_chemicals_16,16,pmg_liquor_manufacturing,tech_chemicals,Goods,PARTIAL-GOODS,"V3 explicit sparse/flat-throughput rule: source history does not provide a usable increasing three-PM throughput slope. From the final productive live PM, add 50% of its positive direct goods input/output package as one fixed absolute step per new PM (never compounded). Employment/domain side effects follow stat_rule PARTIAL-GOODS; productivity bonuses are per-good only."
pm_modern_liquor_goods_manufacturing_3,Programmable Beverage Synthesis,tech_chemicals_20,20,pmg_liquor_manufacturing,tech_chemicals,Goods,PARTIAL-GOODS,"V3 explicit sparse/flat-throughput rule: source history does not provide a usable increasing three-PM throughput slope. From the final productive live PM, add 50% of its positive direct goods input/output package as one fixed absolute step per new PM (never compounded). Employment/domain side effects follow stat_rule PARTIAL-GOODS; productivity bonuses are per-good only."
pm_modern_pharmaceuticals_goods_manufacturing_2,Regenerative Pharmaceuticals,tech_chemicals_12,12,pmg_pharmaceuticals_manufacturing,tech_chemicals,Goods,PARTIAL-GOODS,"V3 explicit sparse/flat-throughput rule: source history does not provide a usable increasing three-PM throughput slope. From the final productive live PM, add 50% of its positive direct goods input/output package as one fixed absolute step per new PM (never compounded). Employment/domain side effects follow stat_rule PARTIAL-GOODS; productivity bonuses are per-good only."
pm_modern_pharmaceuticals_goods_manufacturing_3,Cellular Therapeutics,tech_chemicals_17,17,pmg_pharmaceuticals_manufacturing,tech_chemicals,Goods,PARTIAL-GOODS,"V3 explicit sparse/flat-throughput rule: source history does not provide a usable increasing three-PM throughput slope. From the final productive live PM, add 50% of its positive direct goods input/output package as one fixed absolute step per new PM (never compounded). Employment/domain side effects follow stat_rule PARTIAL-GOODS; productivity bonuses are per-good only."
pm_modern_pharmaceuticals_goods_manufacturing_4,Programmable Molecular Medicine,tech_chemicals_20,20,pmg_pharmaceuticals_manufacturing,tech_chemicals,Goods,PARTIAL-GOODS,"V3 explicit sparse/flat-throughput rule: source history does not provide a usable increasing three-PM throughput slope. From the final productive live PM, add 50% of its positive direct goods input/output package as one fixed absolute step per new PM (never compounded). Employment/domain side effects follow stat_rule PARTIAL-GOODS; productivity bonuses are per-good only."
pm_modern_rubber_goods_manufacturing_1,Advanced Synthetic Elastomers,tech_chemicals_13,13,pmg_rubber_manufacturing,tech_chemicals,Goods,PARTIAL-GOODS,"V3 explicit sparse/flat-throughput rule: source history does not provide a usable increasing three-PM throughput slope. From the final productive live PM, add 50% of its positive direct goods input/output package as one fixed absolute step per new PM (never compounded). Employment/domain side effects follow stat_rule PARTIAL-GOODS; productivity bonuses are per-good only."
pm_modern_rubber_goods_manufacturing_2,Self-Healing Elastomers,tech_chemicals_18,18,pmg_rubber_manufacturing,tech_chemicals,Goods,PARTIAL-GOODS,"V3 explicit sparse/flat-throughput rule: source history does not provide a usable increasing three-PM throughput slope. From the final productive live PM, add 50% of its positive direct goods input/output package as one fixed absolute step per new PM (never compounded). Employment/domain side effects follow stat_rule PARTIAL-GOODS; productivity bonuses are per-good only."
pm_modern_rubber_goods_manufacturing_3,Programmable Elastomers,tech_chemicals_20,20,pmg_rubber_manufacturing,tech_chemicals,Goods,PARTIAL-GOODS,"V3 explicit sparse/flat-throughput rule: source history does not provide a usable increasing three-PM throughput slope. From the final productive live PM, add 50% of its positive direct goods input/output package as one fixed absolute step per new PM (never compounded). Employment/domain side effects follow stat_rule PARTIAL-GOODS; productivity bonuses are per-good only."
pm_modern_fine_art_goods_manufacturing_3,Generative Fine Art,tech_electronics_12,12,pmg_fine_art_manufacturing,tech_electronics,Goods,PARTIAL-GOODS,"V3 explicit sparse/flat-throughput rule: source history does not provide a usable increasing three-PM throughput slope. From the final productive live PM, add 50% of its positive direct goods input/output package as one fixed absolute step per new PM (never compounded). Employment/domain side effects follow stat_rule PARTIAL-GOODS; productivity bonuses are per-good only."
pm_modern_fine_art_goods_manufacturing_4,Immersive Fine Art,tech_electronics_15,15,pmg_fine_art_manufacturing,tech_electronics,Goods,PARTIAL-GOODS,"V3 explicit sparse/flat-throughput rule: source history does not provide a usable increasing three-PM throughput slope. From the final productive live PM, add 50% of its positive direct goods input/output package as one fixed absolute step per new PM (never compounded). Employment/domain side effects follow stat_rule PARTIAL-GOODS; productivity bonuses are per-good only."
pm_modern_fine_art_goods_manufacturing_5,Synthetic-Mind Fine Art,tech_electronics_18,18,pmg_fine_art_manufacturing,tech_electronics,Goods,PARTIAL-GOODS,"V3 explicit sparse/flat-throughput rule: source history does not provide a usable increasing three-PM throughput slope. From the final productive live PM, add 50% of its positive direct goods input/output package as one fixed absolute step per new PM (never compounded). Employment/domain side effects follow stat_rule PARTIAL-GOODS; productivity bonuses are per-good only."
pm_modern_fine_art_goods_manufacturing_6,Post-Biological Fine Art,tech_electronics_20,20,pmg_fine_art_manufacturing,tech_electronics,Goods,PARTIAL-GOODS,"V3 explicit sparse/flat-throughput rule: source history does not provide a usable increasing three-PM throughput slope. From the final productive live PM, add 50% of its positive direct goods input/output package as one fixed absolute step per new PM (never compounded). Employment/domain side effects follow stat_rule PARTIAL-GOODS; productivity bonuses are per-good only."
pm_modern_media_services_goods_services_3,Synthetic Media Studios,tech_electronics_12,12,pmg_media_services_services,tech_electronics,Goods,PARTIAL-GOODS,"V3 explicit sparse/flat-throughput rule: source history does not provide a usable increasing three-PM throughput slope. From the final productive live PM, add 50% of its positive direct goods input/output package as one fixed absolute step per new PM (never compounded). Employment/domain side effects follow stat_rule PARTIAL-GOODS; productivity bonuses are per-good only."
pm_modern_media_services_goods_services_4,Volumetric Media Production,tech_electronics_15,15,pmg_media_services_services,tech_electronics,Goods,PARTIAL-GOODS,"V3 explicit sparse/flat-throughput rule: source history does not provide a usable increasing three-PM throughput slope. From the final productive live PM, add 50% of its positive direct goods input/output package as one fixed absolute step per new PM (never compounded). Employment/domain side effects follow stat_rule PARTIAL-GOODS; productivity bonuses are per-good only."
pm_modern_media_services_goods_services_5,Cognitive Media Networks,tech_electronics_18,18,pmg_media_services_services,tech_electronics,Goods,PARTIAL-GOODS,"V3 explicit sparse/flat-throughput rule: source history does not provide a usable increasing three-PM throughput slope. From the final productive live PM, add 50% of its positive direct goods input/output package as one fixed absolute step per new PM (never compounded). Employment/domain side effects follow stat_rule PARTIAL-GOODS; productivity bonuses are per-good only."
pm_modern_media_services_goods_services_6,Experiential Media Fabrication,tech_electronics_20,20,pmg_media_services_services,tech_electronics,Goods,PARTIAL-GOODS,"V3 explicit sparse/flat-throughput rule: source history does not provide a usable increasing three-PM throughput slope. From the final productive live PM, add 50% of its positive direct goods input/output package as one fixed absolute step per new PM (never compounded). Employment/domain side effects follow stat_rule PARTIAL-GOODS; productivity bonuses are per-good only."
pm_modern_consumer_robots_goods_manufacturing_1,Domestic Cognitive Robots,tech_electronics_12,12,pmg_consumer_robots_manufacturing,tech_electronics,Goods,PARTIAL-GOODS,"V3 explicit sparse/flat-throughput rule: source history does not provide a usable increasing three-PM throughput slope. From the final productive live PM, add 50% of its positive direct goods input/output package as one fixed absolute step per new PM (never compounded). Employment/domain side effects follow stat_rule PARTIAL-GOODS; productivity bonuses are per-good only."
pm_modern_consumer_robots_goods_manufacturing_2,Adaptive Personal Robots,tech_electronics_15,15,pmg_consumer_robots_manufacturing,tech_electronics,Goods,PARTIAL-GOODS,"V3 explicit sparse/flat-throughput rule: source history does not provide a usable increasing three-PM throughput slope. From the final productive live PM, add 50% of its positive direct goods input/output package as one fixed absolute step per new PM (never compounded). Employment/domain side effects follow stat_rule PARTIAL-GOODS; productivity bonuses are per-good only."
pm_modern_consumer_robots_goods_manufacturing_3,Embodied Synthetic Assistants,tech_electronics_18,18,pmg_consumer_robots_manufacturing,tech_electronics,Goods,PARTIAL-GOODS,"V3 explicit sparse/flat-throughput rule: source history does not provide a usable increasing three-PM throughput slope. From the final productive live PM, add 50% of its positive direct goods input/output package as one fixed absolute step per new PM (never compounded). Employment/domain side effects follow stat_rule PARTIAL-GOODS; productivity bonuses are per-good only."
pm_modern_consumer_robots_goods_manufacturing_4,General-Purpose Consumer Androids,tech_electronics_20,20,pmg_consumer_robots_manufacturing,tech_electronics,Goods,PARTIAL-GOODS,"V3 explicit sparse/flat-throughput rule: source history does not provide a usable increasing three-PM throughput slope. From the final productive live PM, add 50% of its positive direct goods input/output package as one fixed absolute step per new PM (never compounded). Employment/domain side effects follow stat_rule PARTIAL-GOODS; productivity bonuses are per-good only."
pm_modern_telecommunications_goods_manufacturing_1,Photonic Network Hardware,tech_electronics_12,12,pmg_telecommunications_manufacturing,tech_electronics,Goods,PARTIAL-GOODS,"V3 explicit sparse/flat-throughput rule: source history does not provide a usable increasing three-PM throughput slope. From the final productive live PM, add 50% of its positive direct goods input/output package as one fixed absolute step per new PM (never compounded). Employment/domain side effects follow stat_rule PARTIAL-GOODS; productivity bonuses are per-good only."
pm_modern_telecommunications_goods_manufacturing_2,Quantum Network Hardware,tech_electronics_15,15,pmg_telecommunications_manufacturing,tech_electronics,Goods,PARTIAL-GOODS,"V3 explicit sparse/flat-throughput rule: source history does not provide a usable increasing three-PM throughput slope. From the final productive live PM, add 50% of its positive direct goods input/output package as one fixed absolute step per new PM (never compounded). Employment/domain side effects follow stat_rule PARTIAL-GOODS; productivity bonuses are per-good only."
pm_modern_telecommunications_goods_manufacturing_3,Interplanetary Relay Hardware,tech_electronics_18,18,pmg_telecommunications_manufacturing,tech_electronics,Goods,PARTIAL-GOODS,"V3 explicit sparse/flat-throughput rule: source history does not provide a usable increasing three-PM throughput slope. From the final productive live PM, add 50% of its positive direct goods input/output package as one fixed absolute step per new PM (never compounded). Employment/domain side effects follow stat_rule PARTIAL-GOODS; productivity bonuses are per-good only."
pm_modern_telecommunications_goods_manufacturing_4,Cognitive Network Fabricators,tech_electronics_20,20,pmg_telecommunications_manufacturing,tech_electronics,Goods,PARTIAL-GOODS,"V3 explicit sparse/flat-throughput rule: source history does not provide a usable increasing three-PM throughput slope. From the final productive live PM, add 50% of its positive direct goods input/output package as one fixed absolute step per new PM (never compounded). Employment/domain side effects follow stat_rule PARTIAL-GOODS; productivity bonuses are per-good only."
pm_modern_software_goods_services_6,Neuromorphic Software Stacks,tech_electronics_11,11,pmg_software_services,tech_electronics,Goods,PARTIAL-GOODS-10,"V3 explicit sparse/flat-throughput rule: source history does not provide a usable increasing three-PM throughput slope. From the final productive live PM, add 50% of its positive direct goods input/output package as one fixed absolute step per new PM (never compounded). Employment/domain side effects follow stat_rule PARTIAL-GOODS-10; productivity bonuses are per-good only."
pm_modern_software_goods_services_7,Photonic Compute Software,tech_electronics_12,12,pmg_software_services,tech_electronics,Goods,PARTIAL-GOODS-10,"V3 explicit sparse/flat-throughput rule: source history does not provide a usable increasing three-PM throughput slope. From the final productive live PM, add 50% of its positive direct goods input/output package as one fixed absolute step per new PM (never compounded). Employment/domain side effects follow stat_rule PARTIAL-GOODS-10; productivity bonuses are per-good only."
pm_modern_software_goods_services_8,Molecular Computing Toolchains,tech_electronics_13,13,pmg_software_services,tech_electronics,Goods,PARTIAL-GOODS-10,"V3 explicit sparse/flat-throughput rule: source history does not provide a usable increasing three-PM throughput slope. From the final productive live PM, add 50% of its positive direct goods input/output package as one fixed absolute step per new PM (never compounded). Employment/domain side effects follow stat_rule PARTIAL-GOODS-10; productivity bonuses are per-good only."
pm_modern_software_goods_services_9,Reversible Computing Systems,tech_electronics_14,14,pmg_software_services,tech_electronics,Goods,PARTIAL-GOODS-10,"V3 explicit sparse/flat-throughput rule: source history does not provide a usable increasing three-PM throughput slope. From the final productive live PM, add 50% of its positive direct goods input/output package as one fixed absolute step per new PM (never compounded). Employment/domain side effects follow stat_rule PARTIAL-GOODS-10; productivity bonuses are per-good only."
pm_modern_software_goods_services_10,Synthetic Cognition Platforms,tech_electronics_15,15,pmg_software_services,tech_electronics,Goods,PARTIAL-GOODS-10,"V3 explicit sparse/flat-throughput rule: source history does not provide a usable increasing three-PM throughput slope. From the final productive live PM, add 50% of its positive direct goods input/output package as one fixed absolute step per new PM (never compounded). Employment/domain side effects follow stat_rule PARTIAL-GOODS-10; productivity bonuses are per-good only."
pm_modern_software_goods_services_11,Distributed Intelligence Platforms,tech_electronics_16,16,pmg_software_services,tech_electronics,Goods,PARTIAL-GOODS-10,"V3 explicit sparse/flat-throughput rule: source history does not provide a usable increasing three-PM throughput slope. From the final productive live PM, add 50% of its positive direct goods input/output package as one fixed absolute step per new PM (never compounded). Employment/domain side effects follow stat_rule PARTIAL-GOODS-10; productivity bonuses are per-good only."
pm_modern_software_goods_services_12,Bio-Digital Operating Systems,tech_electronics_17,17,pmg_software_services,tech_electronics,Goods,PARTIAL-GOODS-10,"V3 explicit sparse/flat-throughput rule: source history does not provide a usable increasing three-PM throughput slope. From the final productive live PM, add 50% of its positive direct goods input/output package as one fixed absolute step per new PM (never compounded). Employment/domain side effects follow stat_rule PARTIAL-GOODS-10; productivity bonuses are per-good only."
pm_modern_software_goods_services_13,Quantum-Neural Software,tech_electronics_18,18,pmg_software_services,tech_electronics,Goods,PARTIAL-GOODS-10,"V3 explicit sparse/flat-throughput rule: source history does not provide a usable increasing three-PM throughput slope. From the final productive live PM, add 50% of its positive direct goods input/output package as one fixed absolute step per new PM (never compounded). Employment/domain side effects follow stat_rule PARTIAL-GOODS-10; productivity bonuses are per-good only."
pm_modern_software_goods_services_14,Matter-Embedded Software,tech_electronics_19,19,pmg_software_services,tech_electronics,Goods,PARTIAL-GOODS-10,"V3 explicit sparse/flat-throughput rule: source history does not provide a usable increasing three-PM throughput slope. From the final productive live PM, add 50% of its positive direct goods input/output package as one fixed absolute step per new PM (never compounded). Employment/domain side effects follow stat_rule PARTIAL-GOODS-10; productivity bonuses are per-good only."
pm_modern_software_goods_services_15,Substrate-Independent Software,tech_electronics_20,20,pmg_software_services,tech_electronics,Goods,PARTIAL-GOODS-10,"V3 explicit sparse/flat-throughput rule: source history does not provide a usable increasing three-PM throughput slope. From the final productive live PM, add 50% of its positive direct goods input/output package as one fixed absolute step per new PM (never compounded). Employment/domain side effects follow stat_rule PARTIAL-GOODS-10; productivity bonuses are per-good only."
pm_modern_aeroplanes_goods_manufacturing_1,Morphing-Wing Airframes,tech_air_infrastructure_12,12,pmg_aeroplanes_manufacturing,tech_air_infrastructure,Goods,PARTIAL-GOODS,"V3 explicit sparse/flat-throughput rule: source history does not provide a usable increasing three-PM throughput slope. From the final productive live PM, add 50% of its positive direct goods input/output package as one fixed absolute step per new PM (never compounded). Employment/domain side effects follow stat_rule PARTIAL-GOODS; productivity bonuses are per-good only."
pm_modern_aeroplanes_goods_manufacturing_2,Hypersonic Civil Airframes,tech_air_infrastructure_15,15,pmg_aeroplanes_manufacturing,tech_air_infrastructure,Goods,PARTIAL-GOODS,"V3 explicit sparse/flat-throughput rule: source history does not provide a usable increasing three-PM throughput slope. From the final productive live PM, add 50% of its positive direct goods input/output package as one fixed absolute step per new PM (never compounded). Employment/domain side effects follow stat_rule PARTIAL-GOODS; productivity bonuses are per-good only."
pm_modern_aeroplanes_goods_manufacturing_3,Suborbital Transport Airframes,tech_air_infrastructure_18,18,pmg_aeroplanes_manufacturing,tech_air_infrastructure,Goods,PARTIAL-GOODS,"V3 explicit sparse/flat-throughput rule: source history does not provide a usable increasing three-PM throughput slope. From the final productive live PM, add 50% of its positive direct goods input/output package as one fixed absolute step per new PM (never compounded). Employment/domain side effects follow stat_rule PARTIAL-GOODS; productivity bonuses are per-good only."
pm_modern_aeroplanes_goods_manufacturing_4,Fusion-Electric Aerospace Craft,tech_air_infrastructure_20,20,pmg_aeroplanes_manufacturing,tech_air_infrastructure,Goods,PARTIAL-GOODS,"V3 explicit sparse/flat-throughput rule: source history does not provide a usable increasing three-PM throughput slope. From the final productive live PM, add 50% of its positive direct goods input/output package as one fixed absolute step per new PM (never compounded). Employment/domain side effects follow stat_rule PARTIAL-GOODS; productivity bonuses are per-good only."
pm_modern_warplanes_goods_manufacturing_1,Adaptive Combat Airframes,tech_military_airforce_12,12,pmg_warplanes_manufacturing,tech_military_airforce,Goods,PARTIAL-GOODS,"V3 explicit sparse/flat-throughput rule: source history does not provide a usable increasing three-PM throughput slope. From the final productive live PM, add 50% of its positive direct goods input/output package as one fixed absolute step per new PM (never compounded). Employment/domain side effects follow stat_rule PARTIAL-GOODS; productivity bonuses are per-good only."
pm_modern_warplanes_goods_manufacturing_2,Autonomous Combat Airframes,tech_military_airforce_15,15,pmg_warplanes_manufacturing,tech_military_airforce,Goods,PARTIAL-GOODS,"V3 explicit sparse/flat-throughput rule: source history does not provide a usable increasing three-PM throughput slope. From the final productive live PM, add 50% of its positive direct goods input/output package as one fixed absolute step per new PM (never compounded). Employment/domain side effects follow stat_rule PARTIAL-GOODS; productivity bonuses are per-good only."
pm_modern_warplanes_goods_manufacturing_3,Near-Space Combat Airframes,tech_military_airforce_18,18,pmg_warplanes_manufacturing,tech_military_airforce,Goods,PARTIAL-GOODS,"V3 explicit sparse/flat-throughput rule: source history does not provide a usable increasing three-PM throughput slope. From the final productive live PM, add 50% of its positive direct goods input/output package as one fixed absolute step per new PM (never compounded). Employment/domain side effects follow stat_rule PARTIAL-GOODS; productivity bonuses are per-good only."
pm_modern_warplanes_goods_manufacturing_4,Fusion Aerospace Combat Platforms,tech_military_airforce_20,20,pmg_warplanes_manufacturing,tech_military_airforce,Goods,PARTIAL-GOODS,"V3 explicit sparse/flat-throughput rule: source history does not provide a usable increasing three-PM throughput slope. From the final productive live PM, add 50% of its positive direct goods input/output package as one fixed absolute step per new PM (never compounded). Employment/domain side effects follow stat_rule PARTIAL-GOODS; productivity bonuses are per-good only."
pm_modern_small_arms_goods_manufacturing_1,Smart Infantry Weapons,tech_military_ground_forces_12,12,pmg_small_arms_manufacturing,tech_military_ground_forces,Goods,PARTIAL-GOODS,"V3 explicit sparse/flat-throughput rule: source history does not provide a usable increasing three-PM throughput slope. From the final productive live PM, add 50% of its positive direct goods input/output package as one fixed absolute step per new PM (never compounded). Employment/domain side effects follow stat_rule PARTIAL-GOODS; productivity bonuses are per-good only."
pm_modern_small_arms_goods_manufacturing_2,Directed-Energy Small Arms,tech_military_ground_forces_15,15,pmg_small_arms_manufacturing,tech_military_ground_forces,Goods,PARTIAL-GOODS,"V3 explicit sparse/flat-throughput rule: source history does not provide a usable increasing three-PM throughput slope. From the final productive live PM, add 50% of its positive direct goods input/output package as one fixed absolute step per new PM (never compounded). Employment/domain side effects follow stat_rule PARTIAL-GOODS; productivity bonuses are per-good only."
pm_modern_small_arms_goods_manufacturing_3,Adaptive Infantry Weapons,tech_military_ground_forces_18,18,pmg_small_arms_manufacturing,tech_military_ground_forces,Goods,PARTIAL-GOODS,"V3 explicit sparse/flat-throughput rule: source history does not provide a usable increasing three-PM throughput slope. From the final productive live PM, add 50% of its positive direct goods input/output package as one fixed absolute step per new PM (never compounded). Employment/domain side effects follow stat_rule PARTIAL-GOODS; productivity bonuses are per-good only."
pm_modern_small_arms_goods_manufacturing_4,Post-Human Infantry Weapons,tech_military_ground_forces_20,20,pmg_small_arms_manufacturing,tech_military_ground_forces,Goods,PARTIAL-GOODS,"V3 explicit sparse/flat-throughput rule: source history does not provide a usable increasing three-PM throughput slope. From the final productive live PM, add 50% of its positive direct goods input/output package as one fixed absolute step per new PM (never compounded). Employment/domain side effects follow stat_rule PARTIAL-GOODS; productivity bonuses are per-good only."
pm_modern_tanks_goods_manufacturing_1,Autonomous Armored Vehicles,tech_military_ground_forces_13,13,pmg_tanks_manufacturing,tech_military_ground_forces,Goods,PARTIAL-GOODS,"V3 explicit sparse/flat-throughput rule: source history does not provide a usable increasing three-PM throughput slope. From the final productive live PM, add 50% of its positive direct goods input/output package as one fixed absolute step per new PM (never compounded). Employment/domain side effects follow stat_rule PARTIAL-GOODS; productivity bonuses are per-good only."
pm_modern_tanks_goods_manufacturing_2,Adaptive Combat Armor,tech_military_ground_forces_16,16,pmg_tanks_manufacturing,tech_military_ground_forces,Goods,PARTIAL-GOODS,"V3 explicit sparse/flat-throughput rule: source history does not provide a usable increasing three-PM throughput slope. From the final productive live PM, add 50% of its positive direct goods input/output package as one fixed absolute step per new PM (never compounded). Employment/domain side effects follow stat_rule PARTIAL-GOODS; productivity bonuses are per-good only."
pm_modern_tanks_goods_manufacturing_3,Synthetic Combined-Arms Vehicles,tech_military_ground_forces_19,19,pmg_tanks_manufacturing,tech_military_ground_forces,Goods,PARTIAL-GOODS,"V3 explicit sparse/flat-throughput rule: source history does not provide a usable increasing three-PM throughput slope. From the final productive live PM, add 50% of its positive direct goods input/output package as one fixed absolute step per new PM (never compounded). Employment/domain side effects follow stat_rule PARTIAL-GOODS; productivity bonuses are per-good only."
pm_modern_tanks_goods_manufacturing_4,Post-Human Ground Platforms,tech_military_ground_forces_20,20,pmg_tanks_manufacturing,tech_military_ground_forces,Goods,PARTIAL-GOODS,"V3 explicit sparse/flat-throughput rule: source history does not provide a usable increasing three-PM throughput slope. From the final productive live PM, add 50% of its positive direct goods input/output package as one fixed absolute step per new PM (never compounded). Employment/domain side effects follow stat_rule PARTIAL-GOODS; productivity bonuses are per-good only."
pm_modern_ammunition_goods_manufacturing_1,Networked Precision Munitions,tech_military_support_11,11,pmg_ammunition_manufacturing,tech_military_support,Goods,PARTIAL-GOODS,"V3 explicit sparse/flat-throughput rule: source history does not provide a usable increasing three-PM throughput slope. From the final productive live PM, add 50% of its positive direct goods input/output package as one fixed absolute step per new PM (never compounded). Employment/domain side effects follow stat_rule PARTIAL-GOODS; productivity bonuses are per-good only."
pm_modern_ammunition_goods_manufacturing_2,Autonomous Guided Munitions,tech_military_support_14,14,pmg_ammunition_manufacturing,tech_military_support,Goods,PARTIAL-GOODS,"V3 explicit sparse/flat-throughput rule: source history does not provide a usable increasing three-PM throughput slope. From the final productive live PM, add 50% of its positive direct goods input/output package as one fixed absolute step per new PM (never compounded). Employment/domain side effects follow stat_rule PARTIAL-GOODS; productivity bonuses are per-good only."
pm_modern_ammunition_goods_manufacturing_3,Swarm Munitions,tech_military_support_17,17,pmg_ammunition_manufacturing,tech_military_support,Goods,PARTIAL-GOODS,"V3 explicit sparse/flat-throughput rule: source history does not provide a usable increasing three-PM throughput slope. From the final productive live PM, add 50% of its positive direct goods input/output package as one fixed absolute step per new PM (never compounded). Employment/domain side effects follow stat_rule PARTIAL-GOODS; productivity bonuses are per-good only."
pm_modern_ammunition_goods_manufacturing_4,Programmable Munitions,tech_military_support_20,20,pmg_ammunition_manufacturing,tech_military_support,Goods,PARTIAL-GOODS,"V3 explicit sparse/flat-throughput rule: source history does not provide a usable increasing three-PM throughput slope. From the final productive live PM, add 50% of its positive direct goods input/output package as one fixed absolute step per new PM (never compounded). Employment/domain side effects follow stat_rule PARTIAL-GOODS; productivity bonuses are per-good only."
pm_modern_artillery_goods_manufacturing_1,Electromagnetic Artillery Systems,tech_military_support_12,12,pmg_artillery_manufacturing,tech_military_support,Goods,PARTIAL-GOODS,"V3 explicit sparse/flat-throughput rule: source history does not provide a usable increasing three-PM throughput slope. From the final productive live PM, add 50% of its positive direct goods input/output package as one fixed absolute step per new PM (never compounded). Employment/domain side effects follow stat_rule PARTIAL-GOODS; productivity bonuses are per-good only."
pm_modern_artillery_goods_manufacturing_2,Hypersonic Fire Systems,tech_military_support_15,15,pmg_artillery_manufacturing,tech_military_support,Goods,PARTIAL-GOODS,"V3 explicit sparse/flat-throughput rule: source history does not provide a usable increasing three-PM throughput slope. From the final productive live PM, add 50% of its positive direct goods input/output package as one fixed absolute step per new PM (never compounded). Employment/domain side effects follow stat_rule PARTIAL-GOODS; productivity bonuses are per-good only."
pm_modern_artillery_goods_manufacturing_3,Orbital-Linked Artillery,tech_military_support_18,18,pmg_artillery_manufacturing,tech_military_support,Goods,PARTIAL-GOODS,"V3 explicit sparse/flat-throughput rule: source history does not provide a usable increasing three-PM throughput slope. From the final productive live PM, add 50% of its positive direct goods input/output package as one fixed absolute step per new PM (never compounded). Employment/domain side effects follow stat_rule PARTIAL-GOODS; productivity bonuses are per-good only."
pm_modern_artillery_goods_manufacturing_4,Planetary Precision Fire Systems,tech_military_support_20,20,pmg_artillery_manufacturing,tech_military_support,Goods,PARTIAL-GOODS,"V3 explicit sparse/flat-throughput rule: source history does not provide a usable increasing three-PM throughput slope. From the final productive live PM, add 50% of its positive direct goods input/output package as one fixed absolute step per new PM (never compounded). Employment/domain side effects follow stat_rule PARTIAL-GOODS; productivity bonuses are per-good only."
pm_modern_advanced_weaponry_goods_manufacturing_1,Directed-Energy Weapon Systems,tech_military_support_12,12,pmg_advanced_weaponry_manufacturing,tech_military_support,Goods,PARTIAL-GOODS,"V3 explicit sparse/flat-throughput rule: source history does not provide a usable increasing three-PM throughput slope. From the final productive live PM, add 50% of its positive direct goods input/output package as one fixed absolute step per new PM (never compounded). Employment/domain side effects follow stat_rule PARTIAL-GOODS; productivity bonuses are per-good only."
pm_modern_advanced_weaponry_goods_manufacturing_2,Hypersonic Strategic Weaponry,tech_military_support_15,15,pmg_advanced_weaponry_manufacturing,tech_military_support,Goods,PARTIAL-GOODS,"V3 explicit sparse/flat-throughput rule: source history does not provide a usable increasing three-PM throughput slope. From the final productive live PM, add 50% of its positive direct goods input/output package as one fixed absolute step per new PM (never compounded). Employment/domain side effects follow stat_rule PARTIAL-GOODS; productivity bonuses are per-good only."
pm_modern_advanced_weaponry_goods_manufacturing_3,Exotic-Energy Weaponry,tech_military_support_18,18,pmg_advanced_weaponry_manufacturing,tech_military_support,Goods,PARTIAL-GOODS,"V3 explicit sparse/flat-throughput rule: source history does not provide a usable increasing three-PM throughput slope. From the final productive live PM, add 50% of its positive direct goods input/output package as one fixed absolute step per new PM (never compounded). Employment/domain side effects follow stat_rule PARTIAL-GOODS; productivity bonuses are per-good only."
pm_modern_advanced_weaponry_goods_manufacturing_4,Planetary Strategic Weapon Systems,tech_military_support_20,20,pmg_advanced_weaponry_manufacturing,tech_military_support,Goods,PARTIAL-GOODS,"V3 explicit sparse/flat-throughput rule: source history does not provide a usable increasing three-PM throughput slope. From the final productive live PM, add 50% of its positive direct goods input/output package as one fixed absolute step per new PM (never compounded). Employment/domain side effects follow stat_rule PARTIAL-GOODS; productivity bonuses are per-good only."
pm_modern_automobiles_goods_manufacturing_3,Autonomous Electric Vehicles,tech_land_infrastructure_12,12,pmg_automobiles_manufacturing,tech_land_infrastructure,Goods,PARTIAL-GOODS,"V3 explicit sparse/flat-throughput rule: source history does not provide a usable increasing three-PM throughput slope. From the final productive live PM, add 50% of its positive direct goods input/output package as one fixed absolute step per new PM (never compounded). Employment/domain side effects follow stat_rule PARTIAL-GOODS; productivity bonuses are per-good only."
pm_modern_automobiles_goods_manufacturing_4,Adaptive Road Vehicles,tech_land_infrastructure_15,15,pmg_automobiles_manufacturing,tech_land_infrastructure,Goods,PARTIAL-GOODS,"V3 explicit sparse/flat-throughput rule: source history does not provide a usable increasing three-PM throughput slope. From the final productive live PM, add 50% of its positive direct goods input/output package as one fixed absolute step per new PM (never compounded). Employment/domain side effects follow stat_rule PARTIAL-GOODS; productivity bonuses are per-good only."
pm_modern_automobiles_goods_manufacturing_5,Vacuum-Corridor Vehicles,tech_land_infrastructure_18,18,pmg_automobiles_manufacturing,tech_land_infrastructure,Goods,PARTIAL-GOODS,"V3 explicit sparse/flat-throughput rule: source history does not provide a usable increasing three-PM throughput slope. From the final productive live PM, add 50% of its positive direct goods input/output package as one fixed absolute step per new PM (never compounded). Employment/domain side effects follow stat_rule PARTIAL-GOODS; productivity bonuses are per-good only."
pm_modern_automobiles_goods_manufacturing_6,Integrated Planetary Vehicles,tech_land_infrastructure_20,20,pmg_automobiles_manufacturing,tech_land_infrastructure,Goods,PARTIAL-GOODS,"V3 explicit sparse/flat-throughput rule: source history does not provide a usable increasing three-PM throughput slope. From the final productive live PM, add 50% of its positive direct goods input/output package as one fixed absolute step per new PM (never compounded). Employment/domain side effects follow stat_rule PARTIAL-GOODS; productivity bonuses are per-good only."
pm_modern_locomotives_goods_manufacturing_1,Maglev Locomotive Systems,tech_land_infrastructure_12,12,pmg_locomotives_manufacturing,tech_land_infrastructure,Goods,PARTIAL-GOODS,"V3 explicit sparse/flat-throughput rule: source history does not provide a usable increasing three-PM throughput slope. From the final productive live PM, add 50% of its positive direct goods input/output package as one fixed absolute step per new PM (never compounded). Employment/domain side effects follow stat_rule PARTIAL-GOODS; productivity bonuses are per-good only."
pm_modern_locomotives_goods_manufacturing_2,Vacuum-Rail Propulsion Units,tech_land_infrastructure_15,15,pmg_locomotives_manufacturing,tech_land_infrastructure,Goods,PARTIAL-GOODS,"V3 explicit sparse/flat-throughput rule: source history does not provide a usable increasing three-PM throughput slope. From the final productive live PM, add 50% of its positive direct goods input/output package as one fixed absolute step per new PM (never compounded). Employment/domain side effects follow stat_rule PARTIAL-GOODS; productivity bonuses are per-good only."
pm_modern_locomotives_goods_manufacturing_3,Adaptive Rail Vehicles,tech_land_infrastructure_18,18,pmg_locomotives_manufacturing,tech_land_infrastructure,Goods,PARTIAL-GOODS,"V3 explicit sparse/flat-throughput rule: source history does not provide a usable increasing three-PM throughput slope. From the final productive live PM, add 50% of its positive direct goods input/output package as one fixed absolute step per new PM (never compounded). Employment/domain side effects follow stat_rule PARTIAL-GOODS; productivity bonuses are per-good only."
pm_modern_locomotives_goods_manufacturing_4,Planetary Transit Vehicles,tech_land_infrastructure_20,20,pmg_locomotives_manufacturing,tech_land_infrastructure,Goods,PARTIAL-GOODS,"V3 explicit sparse/flat-throughput rule: source history does not provide a usable increasing three-PM throughput slope. From the final productive live PM, add 50% of its positive direct goods input/output package as one fixed absolute step per new PM (never compounded). Employment/domain side effects follow stat_rule PARTIAL-GOODS; productivity bonuses are per-good only."
pm_modern_engines_goods_manufacturing_1,Adaptive Industrial Engines,tech_manufacturing_12,12,pmg_engines_manufacturing,tech_manufacturing,Goods,PARTIAL-GOODS,"V3 explicit sparse/flat-throughput rule: source history does not provide a usable increasing three-PM throughput slope. From the final productive live PM, add 50% of its positive direct goods input/output package as one fixed absolute step per new PM (never compounded). Employment/domain side effects follow stat_rule PARTIAL-GOODS; productivity bonuses are per-good only."
pm_modern_engines_goods_manufacturing_2,High-Density Electric Drives,tech_manufacturing_15,15,pmg_engines_manufacturing,tech_manufacturing,Goods,PARTIAL-GOODS,"V3 explicit sparse/flat-throughput rule: source history does not provide a usable increasing three-PM throughput slope. From the final productive live PM, add 50% of its positive direct goods input/output package as one fixed absolute step per new PM (never compounded). Employment/domain side effects follow stat_rule PARTIAL-GOODS; productivity bonuses are per-good only."
pm_modern_engines_goods_manufacturing_3,Fusion-Electric Industrial Drives,tech_manufacturing_18,18,pmg_engines_manufacturing,tech_manufacturing,Goods,PARTIAL-GOODS,"V3 explicit sparse/flat-throughput rule: source history does not provide a usable increasing three-PM throughput slope. From the final productive live PM, add 50% of its positive direct goods input/output package as one fixed absolute step per new PM (never compounded). Employment/domain side effects follow stat_rule PARTIAL-GOODS; productivity bonuses are per-good only."
pm_modern_engines_goods_manufacturing_4,Universal Industrial Power Units,tech_manufacturing_20,20,pmg_engines_manufacturing,tech_manufacturing,Goods,PARTIAL-GOODS,"V3 explicit sparse/flat-throughput rule: source history does not provide a usable increasing three-PM throughput slope. From the final productive live PM, add 50% of its positive direct goods input/output package as one fixed absolute step per new PM (never compounded). Employment/domain side effects follow stat_rule PARTIAL-GOODS; productivity bonuses are per-good only."
pm_modern_industrial_robots_goods_manufacturing_1,Adaptive Industrial Robots,tech_manufacturing_12,12,pmg_industrial_robots_manufacturing,tech_manufacturing,Goods,PARTIAL-GOODS,"V3 explicit sparse/flat-throughput rule: source history does not provide a usable increasing three-PM throughput slope. From the final productive live PM, add 50% of its positive direct goods input/output package as one fixed absolute step per new PM (never compounded). Employment/domain side effects follow stat_rule PARTIAL-GOODS; productivity bonuses are per-good only."
pm_modern_industrial_robots_goods_manufacturing_2,Self-Reconfiguring Industrial Robots,tech_manufacturing_15,15,pmg_industrial_robots_manufacturing,tech_manufacturing,Goods,PARTIAL-GOODS,"V3 explicit sparse/flat-throughput rule: source history does not provide a usable increasing three-PM throughput slope. From the final productive live PM, add 50% of its positive direct goods input/output package as one fixed absolute step per new PM (never compounded). Employment/domain side effects follow stat_rule PARTIAL-GOODS; productivity bonuses are per-good only."
pm_modern_industrial_robots_goods_manufacturing_3,Autonomous Fabrication Swarms,tech_manufacturing_18,18,pmg_industrial_robots_manufacturing,tech_manufacturing,Goods,PARTIAL-GOODS,"V3 explicit sparse/flat-throughput rule: source history does not provide a usable increasing three-PM throughput slope. From the final productive live PM, add 50% of its positive direct goods input/output package as one fixed absolute step per new PM (never compounded). Employment/domain side effects follow stat_rule PARTIAL-GOODS; productivity bonuses are per-good only."
pm_modern_industrial_robots_goods_manufacturing_4,General-Purpose Industrial Fabricators,tech_manufacturing_20,20,pmg_industrial_robots_manufacturing,tech_manufacturing,Goods,PARTIAL-GOODS,"V3 explicit sparse/flat-throughput rule: source history does not provide a usable increasing three-PM throughput slope. From the final productive live PM, add 50% of its positive direct goods input/output package as one fixed absolute step per new PM (never compounded). Employment/domain side effects follow stat_rule PARTIAL-GOODS; productivity bonuses are per-good only."
pm_modern_air_design_infrastructure_1,Morphing-Wing Airliners,tech_air_infrastructure_12,12,pmg_air_design_infrastructure,tech_air_infrastructure,Goods,AIR-DESIGN,"V3 linear rule: derive the absolute direct-goods step from the latest three productive live PMs (pm_small_jet_aircraft, pm_medium_jet_aircraft, pm_large_jet_aircraft), then continue that same step for every new PM. goods_input_aeroplanes_add +1/generation, goods_input_oil_add +10/generation, goods_output_merchant_marine_add +5/generation, goods_output_transportation_add +50/generation. Employment/domain side effects follow stat_rule AIR-DESIGN; any productivity bonus uses goods_output_<good>_mult for the PMG's actual output goods."
pm_modern_air_design_infrastructure_2,Hypersonic Airliners,tech_air_infrastructure_15,15,pmg_air_design_infrastructure,tech_air_infrastructure,Goods,AIR-DESIGN,"V3 linear rule: derive the absolute direct-goods step from the latest three productive live PMs (pm_small_jet_aircraft, pm_medium_jet_aircraft, pm_large_jet_aircraft), then continue that same step for every new PM. goods_input_aeroplanes_add +1/generation, goods_input_oil_add +10/generation, goods_output_merchant_marine_add +5/generation, goods_output_transportation_add +50/generation. Employment/domain side effects follow stat_rule AIR-DESIGN; any productivity bonus uses goods_output_<good>_mult for the PMG's actual output goods."
pm_modern_air_design_infrastructure_3,Suborbital Passenger Craft,tech_air_infrastructure_18,18,pmg_air_design_infrastructure,tech_air_infrastructure,Goods,AIR-DESIGN,"V3 linear rule: derive the absolute direct-goods step from the latest three productive live PMs (pm_small_jet_aircraft, pm_medium_jet_aircraft, pm_large_jet_aircraft), then continue that same step for every new PM. goods_input_aeroplanes_add +1/generation, goods_input_oil_add +10/generation, goods_output_merchant_marine_add +5/generation, goods_output_transportation_add +50/generation. Employment/domain side effects follow stat_rule AIR-DESIGN; any productivity bonus uses goods_output_<good>_mult for the PMG's actual output goods."
pm_modern_air_design_infrastructure_4,Fusion-Electric Aerospace Liners,tech_air_infrastructure_20,20,pmg_air_design_infrastructure,tech_air_infrastructure,Goods,AIR-DESIGN,"V3 linear rule: derive the absolute direct-goods step from the latest three productive live PMs (pm_small_jet_aircraft, pm_medium_jet_aircraft, pm_large_jet_aircraft), then continue that same step for every new PM. goods_input_aeroplanes_add +1/generation, goods_input_oil_add +10/generation, goods_output_merchant_marine_add +5/generation, goods_output_transportation_add +50/generation. Employment/domain side effects follow stat_rule AIR-DESIGN; any productivity bonus uses goods_output_<good>_mult for the PMG's actual output goods."
pm_modern_construction_6,Autonomous Construction Systems,tech_construction_infrastructure_11,11,pmg_base_building_construction_sector,tech_construction_infrastructure,Goods,CONSTRUCTION-GOODS,"V3 explicit construction rule: the recent live PMs are material substitutions rather than a linear throughput series. Use pm_construction_5 as the endpoint and add exactly 20% of its final material basket per new construction PM (1.2x, 1.4x, 1.6x, 1.8x, 2.0x), while construction output/state construction effects continue by their approved fixed steps."
pm_modern_construction_7,Robotic Megaproject Construction,tech_construction_infrastructure_13,13,pmg_base_building_construction_sector,tech_construction_infrastructure,Goods,CONSTRUCTION-GOODS,"V3 explicit construction rule: the recent live PMs are material substitutions rather than a linear throughput series. Use pm_construction_5 as the endpoint and add exactly 20% of its final material basket per new construction PM (1.2x, 1.4x, 1.6x, 1.8x, 2.0x), while construction output/state construction effects continue by their approved fixed steps."
pm_modern_construction_8,Self-Healing Structural Construction,tech_construction_infrastructure_15,15,pmg_base_building_construction_sector,tech_construction_infrastructure,Goods,CONSTRUCTION-GOODS,"V3 explicit construction rule: the recent live PMs are material substitutions rather than a linear throughput series. Use pm_construction_5 as the endpoint and add exactly 20% of its final material basket per new construction PM (1.2x, 1.4x, 1.6x, 1.8x, 2.0x), while construction output/state construction effects continue by their approved fixed steps."
pm_modern_construction_9,Programmable Structure Construction,tech_construction_infrastructure_17,17,pmg_base_building_construction_sector,tech_construction_infrastructure,Goods,CONSTRUCTION-GOODS,"V3 explicit construction rule: the recent live PMs are material substitutions rather than a linear throughput series. Use pm_construction_5 as the endpoint and add exactly 20% of its final material basket per new construction PM (1.2x, 1.4x, 1.6x, 1.8x, 2.0x), while construction output/state construction effects continue by their approved fixed steps."
pm_modern_construction_10,Self-Assembling Megastructure Construction,tech_construction_infrastructure_19,19,pmg_base_building_construction_sector,tech_construction_infrastructure,Goods,CONSTRUCTION-GOODS,"V3 explicit construction rule: the recent live PMs are material substitutions rather than a linear throughput series. Use pm_construction_5 as the endpoint and add exactly 20% of its final material basket per new construction PM (1.2x, 1.4x, 1.6x, 1.8x, 2.0x), while construction output/state construction effects continue by their approved fixed steps."
pm_modern_construction_size_6,Autonomous Construction Crews,tech_construction_infrastructure_12,12,pmg_base_building_construction_sector_size,tech_construction_infrastructure,Goods,CONSTRUCTION-SIZE,"V3 source-driven input rule: continue the direct goods-input cadence from the latest three live PMs (pm_construction_size_3, pm_construction_size_4, pm_construction_size_5) using one constant absolute step per generation: goods_input_communication_services_add +2/generation, goods_input_computers_add +1/generation, goods_input_industrial_robots_add +1/generation, goods_input_software_add +2/generation, goods_input_transportation_add +2/generation. Non-goods effects and employment follow stat_rule CONSTRUCTION-SIZE; productivity bonuses target exact output goods only."
pm_modern_construction_size_7,Integrated Fabrication Crews,tech_construction_infrastructure_14,14,pmg_base_building_construction_sector_size,tech_construction_infrastructure,Goods,CONSTRUCTION-SIZE,"V3 source-driven input rule: continue the direct goods-input cadence from the latest three live PMs (pm_construction_size_3, pm_construction_size_4, pm_construction_size_5) using one constant absolute step per generation: goods_input_communication_services_add +2/generation, goods_input_computers_add +1/generation, goods_input_industrial_robots_add +1/generation, goods_input_software_add +2/generation, goods_input_transportation_add +2/generation. Non-goods effects and employment follow stat_rule CONSTRUCTION-SIZE; productivity bonuses target exact output goods only."
pm_modern_construction_size_8,Cognitive Construction Networks,tech_construction_infrastructure_16,16,pmg_base_building_construction_sector_size,tech_construction_infrastructure,Goods,CONSTRUCTION-SIZE,"V3 source-driven input rule: continue the direct goods-input cadence from the latest three live PMs (pm_construction_size_3, pm_construction_size_4, pm_construction_size_5) using one constant absolute step per generation: goods_input_communication_services_add +2/generation, goods_input_computers_add +1/generation, goods_input_industrial_robots_add +1/generation, goods_input_software_add +2/generation, goods_input_transportation_add +2/generation. Non-goods effects and employment follow stat_rule CONSTRUCTION-SIZE; productivity bonuses target exact output goods only."
pm_modern_construction_size_9,Distributed Megaproject Crews,tech_construction_infrastructure_18,18,pmg_base_building_construction_sector_size,tech_construction_infrastructure,Goods,CONSTRUCTION-SIZE,"V3 source-driven input rule: continue the direct goods-input cadence from the latest three live PMs (pm_construction_size_3, pm_construction_size_4, pm_construction_size_5) using one constant absolute step per generation: goods_input_communication_services_add +2/generation, goods_input_computers_add +1/generation, goods_input_industrial_robots_add +1/generation, goods_input_software_add +2/generation, goods_input_transportation_add +2/generation. Non-goods effects and employment follow stat_rule CONSTRUCTION-SIZE; productivity bonuses target exact output goods only."
pm_modern_construction_size_10,Post-Labor Construction Systems,tech_construction_infrastructure_20,20,pmg_base_building_construction_sector_size,tech_construction_infrastructure,Goods,CONSTRUCTION-SIZE,"V3 source-driven input rule: continue the direct goods-input cadence from the latest three live PMs (pm_construction_size_3, pm_construction_size_4, pm_construction_size_5) using one constant absolute step per generation: goods_input_communication_services_add +2/generation, goods_input_computers_add +1/generation, goods_input_industrial_robots_add +1/generation, goods_input_software_add +2/generation, goods_input_transportation_add +2/generation. Non-goods effects and employment follow stat_rule CONSTRUCTION-SIZE; productivity bonuses target exact output goods only."
pm_modern_internet_services_6,Terabit Mesh Services,tech_communication_infrastructure_11,11,pmg_internet_infrastructure,tech_communication_infrastructure,Goods,COMM-NET,"V3 linear rule: derive the absolute direct-goods step from the latest three productive live PMs (pm_decent_internet_services, pm_fast_internet_services, pm_very_fast_internet_services), then continue that same step for every new PM. goods_input_professional_services_add +0.2/generation, goods_output_communication_services_add +25/generation. Employment/domain side effects follow stat_rule COMM-NET; any productivity bonus uses goods_output_<good>_mult for the PMG's actual output goods."
pm_modern_internet_services_7,Photonic Network Services,tech_communication_infrastructure_12,12,pmg_internet_infrastructure,tech_communication_infrastructure,Goods,COMM-NET,"V3 linear rule: derive the absolute direct-goods step from the latest three productive live PMs (pm_decent_internet_services, pm_fast_internet_services, pm_very_fast_internet_services), then continue that same step for every new PM. goods_input_professional_services_add +0.2/generation, goods_output_communication_services_add +25/generation. Employment/domain side effects follow stat_rule COMM-NET; any productivity bonus uses goods_output_<good>_mult for the PMG's actual output goods."
pm_modern_internet_services_8,Ambient Network Services,tech_communication_infrastructure_13,13,pmg_internet_infrastructure,tech_communication_infrastructure,Goods,COMM-NET,"V3 linear rule: derive the absolute direct-goods step from the latest three productive live PMs (pm_decent_internet_services, pm_fast_internet_services, pm_very_fast_internet_services), then continue that same step for every new PM. goods_input_professional_services_add +0.2/generation, goods_output_communication_services_add +25/generation. Employment/domain side effects follow stat_rule COMM-NET; any productivity bonus uses goods_output_<good>_mult for the PMG's actual output goods."
pm_modern_internet_services_9,Neural Interface Services,tech_communication_infrastructure_14,14,pmg_internet_infrastructure,tech_communication_infrastructure,Goods,COMM-NET,"V3 linear rule: derive the absolute direct-goods step from the latest three productive live PMs (pm_decent_internet_services, pm_fast_internet_services, pm_very_fast_internet_services), then continue that same step for every new PM. goods_input_professional_services_add +0.2/generation, goods_output_communication_services_add +25/generation. Employment/domain side effects follow stat_rule COMM-NET; any productivity bonus uses goods_output_<good>_mult for the PMG's actual output goods."
pm_modern_internet_services_10,Quantum-Secured Network Services,tech_communication_infrastructure_15,15,pmg_internet_infrastructure,tech_communication_infrastructure,Goods,COMM-NET,"V3 linear rule: derive the absolute direct-goods step from the latest three productive live PMs (pm_decent_internet_services, pm_fast_internet_services, pm_very_fast_internet_services), then continue that same step for every new PM. goods_input_professional_services_add +0.2/generation, goods_output_communication_services_add +25/generation. Employment/domain side effects follow stat_rule COMM-NET; any productivity bonus uses goods_output_<good>_mult for the PMG's actual output goods."
pm_modern_internet_services_11,Holographic Telepresence Services,tech_communication_infrastructure_16,16,pmg_internet_infrastructure,tech_communication_infrastructure,Goods,COMM-NET,"V3 linear rule: derive the absolute direct-goods step from the latest three productive live PMs (pm_decent_internet_services, pm_fast_internet_services, pm_very_fast_internet_services), then continue that same step for every new PM. goods_input_professional_services_add +0.2/generation, goods_output_communication_services_add +25/generation. Employment/domain side effects follow stat_rule COMM-NET; any productivity bonus uses goods_output_<good>_mult for the PMG's actual output goods."
pm_modern_internet_services_12,Autonomous Knowledge Networks,tech_communication_infrastructure_17,17,pmg_internet_infrastructure,tech_communication_infrastructure,Goods,COMM-NET,"V3 linear rule: derive the absolute direct-goods step from the latest three productive live PMs (pm_decent_internet_services, pm_fast_internet_services, pm_very_fast_internet_services), then continue that same step for every new PM. goods_input_professional_services_add +0.2/generation, goods_output_communication_services_add +25/generation. Employment/domain side effects follow stat_rule COMM-NET; any productivity bonus uses goods_output_<good>_mult for the PMG's actual output goods."
pm_modern_internet_services_13,Entanglement-Secured Network Services,tech_communication_infrastructure_18,18,pmg_internet_infrastructure,tech_communication_infrastructure,Goods,COMM-NET,"V3 linear rule: derive the absolute direct-goods step from the latest three productive live PMs (pm_decent_internet_services, pm_fast_internet_services, pm_very_fast_internet_services), then continue that same step for every new PM. goods_input_professional_services_add +0.2/generation, goods_output_communication_services_add +25/generation. Employment/domain side effects follow stat_rule COMM-NET; any productivity bonus uses goods_output_<good>_mult for the PMG's actual output goods."
pm_modern_internet_services_14,Interplanetary Network Services,tech_communication_infrastructure_19,19,pmg_internet_infrastructure,tech_communication_infrastructure,Goods,COMM-NET,"V3 linear rule: derive the absolute direct-goods step from the latest three productive live PMs (pm_decent_internet_services, pm_fast_internet_services, pm_very_fast_internet_services), then continue that same step for every new PM. goods_input_professional_services_add +0.2/generation, goods_output_communication_services_add +25/generation. Employment/domain side effects follow stat_rule COMM-NET; any productivity bonus uses goods_output_<good>_mult for the PMG's actual output goods."
pm_modern_internet_services_15,Ubiquitous Cognitive Networking,tech_communication_infrastructure_20,20,pmg_internet_infrastructure,tech_communication_infrastructure,Goods,COMM-NET,"V3 linear rule: derive the absolute direct-goods step from the latest three productive live PMs (pm_decent_internet_services, pm_fast_internet_services, pm_very_fast_internet_services), then continue that same step for every new PM. goods_input_professional_services_add +0.2/generation, goods_output_communication_services_add +25/generation. Employment/domain side effects follow stat_rule COMM-NET; any productivity bonus uses goods_output_<good>_mult for the PMG's actual output goods."
pm_modern_nuclear_power_infrastructure_5,Commercial Fusion Grid Reactors,tech_energy_infrastructure_11,11,pmg_nuclear_power_infrastructure,tech_energy_infrastructure,Goods,ENERGY-PARTIAL,"V3 linear rule: derive the absolute direct-goods step from the latest three productive live PMs (pm_advanced_nuclear_plant, pm_fusion_plant, pm_advanced_fusion_plant), then continue that same step for every new PM. goods_output_electricity_add +100/generation. Employment/domain side effects follow stat_rule ENERGY-PARTIAL; any productivity bonus uses goods_output_<good>_mult for the PMG's actual output goods."
pm_modern_nuclear_power_infrastructure_6,Advanced Stellarator Reactors,tech_energy_infrastructure_14,14,pmg_nuclear_power_infrastructure,tech_energy_infrastructure,Goods,ENERGY-PARTIAL,"V3 linear rule: derive the absolute direct-goods step from the latest three productive live PMs (pm_advanced_nuclear_plant, pm_fusion_plant, pm_advanced_fusion_plant), then continue that same step for every new PM. goods_output_electricity_add +100/generation. Employment/domain side effects follow stat_rule ENERGY-PARTIAL; any productivity bonus uses goods_output_<good>_mult for the PMG's actual output goods."
pm_modern_nuclear_power_infrastructure_7,Helium-3 Fusion Reactors,tech_energy_infrastructure_17,17,pmg_nuclear_power_infrastructure,tech_energy_infrastructure,Goods,ENERGY-PARTIAL,"V3 linear rule: derive the absolute direct-goods step from the latest three productive live PMs (pm_advanced_nuclear_plant, pm_fusion_plant, pm_advanced_fusion_plant), then continue that same step for every new PM. goods_output_electricity_add +100/generation. Employment/domain side effects follow stat_rule ENERGY-PARTIAL; any productivity bonus uses goods_output_<good>_mult for the PMG's actual output goods."
pm_modern_nuclear_power_infrastructure_8,Controlled Microstar Reactors,tech_energy_infrastructure_20,20,pmg_nuclear_power_infrastructure,tech_energy_infrastructure,Goods,ENERGY-PARTIAL,"V3 linear rule: derive the absolute direct-goods step from the latest three productive live PMs (pm_advanced_nuclear_plant, pm_fusion_plant, pm_advanced_fusion_plant), then continue that same step for every new PM. goods_output_electricity_add +100/generation. Employment/domain side effects follow stat_rule ENERGY-PARTIAL; any productivity bonus uses goods_output_<good>_mult for the PMG's actual output goods."
pm_modern_oil_power_infrastructure_6,Carbon-Captured Cogeneration,tech_energy_infrastructure_11,11,pmg_oil_power_infrastructure,tech_energy_infrastructure,Goods,ENERGY-PARTIAL,"V3 explicit sparse/flat-throughput rule: source history does not provide a usable increasing three-PM throughput slope. From the final productive live PM, add 50% of its positive direct goods input/output package as one fixed absolute step per new PM (never compounded). Employment/domain side effects follow stat_rule ENERGY-PARTIAL; productivity bonuses are per-good only."
pm_modern_oil_power_infrastructure_7,Synthetic-Fuel Turbines,tech_energy_infrastructure_14,14,pmg_oil_power_infrastructure,tech_energy_infrastructure,Goods,ENERGY-PARTIAL,"V3 explicit sparse/flat-throughput rule: source history does not provide a usable increasing three-PM throughput slope. From the final productive live PM, add 50% of its positive direct goods input/output package as one fixed absolute step per new PM (never compounded). Employment/domain side effects follow stat_rule ENERGY-PARTIAL; productivity bonuses are per-good only."
pm_modern_oil_power_infrastructure_8,Closed-Cycle Thermal Plants,tech_energy_infrastructure_17,17,pmg_oil_power_infrastructure,tech_energy_infrastructure,Goods,ENERGY-PARTIAL,"V3 explicit sparse/flat-throughput rule: source history does not provide a usable increasing three-PM throughput slope. From the final productive live PM, add 50% of its positive direct goods input/output package as one fixed absolute step per new PM (never compounded). Employment/domain side effects follow stat_rule ENERGY-PARTIAL; productivity bonuses are per-good only."
pm_modern_oil_power_infrastructure_9,Molecular Thermal Power Plants,tech_energy_infrastructure_20,20,pmg_oil_power_infrastructure,tech_energy_infrastructure,Goods,ENERGY-PARTIAL,"V3 explicit sparse/flat-throughput rule: source history does not provide a usable increasing three-PM throughput slope. From the final productive live PM, add 50% of its positive direct goods input/output package as one fixed absolute step per new PM (never compounded). Employment/domain side effects follow stat_rule ENERGY-PARTIAL; productivity bonuses are per-good only."
pm_modern_geothermal_power_infrastructure_3,Supercritical Geothermal Wells,tech_energy_infrastructure_12,12,pmg_geothermal_power_infrastructure,tech_energy_infrastructure,Goods,ENERGY-PARTIAL,V3 explicit family linear rule: goods_output_electricity_add +200/generation. Apply the same absolute step from the final productive live PM to every future generation; never use dangling/deprecated residue.
pm_modern_geothermal_power_infrastructure_4,Ultra-Deep Geothermal Systems,tech_energy_infrastructure_15,15,pmg_geothermal_power_infrastructure,tech_energy_infrastructure,Goods,ENERGY-PARTIAL,V3 explicit family linear rule: goods_output_electricity_add +200/generation. Apply the same absolute step from the final productive live PM to every future generation; never use dangling/deprecated residue.
pm_modern_geothermal_power_infrastructure_5,Crustal Heat Networks,tech_energy_infrastructure_18,18,pmg_geothermal_power_infrastructure,tech_energy_infrastructure,Goods,ENERGY-PARTIAL,V3 explicit family linear rule: goods_output_electricity_add +200/generation. Apply the same absolute step from the final productive live PM to every future generation; never use dangling/deprecated residue.
pm_modern_geothermal_power_infrastructure_6,Planetary Geothermal Tapping,tech_energy_infrastructure_20,20,pmg_geothermal_power_infrastructure,tech_energy_infrastructure,Goods,ENERGY-PARTIAL,V3 explicit family linear rule: goods_output_electricity_add +200/generation. Apply the same absolute step from the final productive live PM to every future generation; never use dangling/deprecated residue.
pm_modern_hydroelectric_power_infrastructure_2,Adaptive Hydropower Networks,tech_energy_infrastructure_13,13,pmg_hydroelectric_power_infrastructure,tech_energy_infrastructure,Goods,ENERGY-PARTIAL,V3 explicit family linear rule: goods_output_electricity_add +200/generation. Apply the same absolute step from the final productive live PM to every future generation; never use dangling/deprecated residue.
pm_modern_hydroelectric_power_infrastructure_3,Continental Pumped Hydro,tech_energy_infrastructure_16,16,pmg_hydroelectric_power_infrastructure,tech_energy_infrastructure,Goods,ENERGY-PARTIAL,V3 explicit family linear rule: goods_output_electricity_add +200/generation. Apply the same absolute step from the final productive live PM to every future generation; never use dangling/deprecated residue.
pm_modern_hydroelectric_power_infrastructure_4,Closed-Loop Water Power,tech_energy_infrastructure_19,19,pmg_hydroelectric_power_infrastructure,tech_energy_infrastructure,Goods,ENERGY-PARTIAL,V3 explicit family linear rule: goods_output_electricity_add +200/generation. Apply the same absolute step from the final productive live PM to every future generation; never use dangling/deprecated residue.
pm_modern_hydroelectric_power_infrastructure_5,Planetary Hydraulic Power,tech_energy_infrastructure_20,20,pmg_hydroelectric_power_infrastructure,tech_energy_infrastructure,Goods,ENERGY-PARTIAL,V3 explicit family linear rule: goods_output_electricity_add +200/generation. Apply the same absolute step from the final productive live PM to every future generation; never use dangling/deprecated residue.
pm_modern_skyscraper_energy_source_3,Building-Integrated Energy Grids,tech_energy_infrastructure_12,12,pmg_skyscraper_energy_source,tech_energy_infrastructure,Goods,ENERGY-PARTIAL,"V3 explicit skyscraper-energy rule: source PMs are fuel-source substitutions, not a linear throughput series. Continue electricity input by a fixed +12.5 per future PM and apply the approved per-good real-estate productivity benefit."
pm_modern_skyscraper_energy_source_4,Self-Balancing Arcology Power,tech_energy_infrastructure_15,15,pmg_skyscraper_energy_source,tech_energy_infrastructure,Goods,ENERGY-PARTIAL,"V3 explicit skyscraper-energy rule: source PMs are fuel-source substitutions, not a linear throughput series. Continue electricity input by a fixed +12.5 per future PM and apply the approved per-good real-estate productivity benefit."
pm_modern_skyscraper_energy_source_5,Metropolitan Microgrid Fabric,tech_energy_infrastructure_18,18,pmg_skyscraper_energy_source,tech_energy_infrastructure,Goods,ENERGY-PARTIAL,"V3 explicit skyscraper-energy rule: source PMs are fuel-source substitutions, not a linear throughput series. Continue electricity input by a fixed +12.5 per future PM and apply the approved per-good real-estate productivity benefit."
pm_modern_skyscraper_energy_source_6,Autonomous Megastructure Energy Systems,tech_energy_infrastructure_20,20,pmg_skyscraper_energy_source,tech_energy_infrastructure,Goods,ENERGY-PARTIAL,"V3 explicit skyscraper-energy rule: source PMs are fuel-source substitutions, not a linear throughput series. Continue electricity input by a fixed +12.5 per future PM and apply the approved per-good real-estate productivity benefit."
pm_modern_car_design_infrastructure_1,Autonomous Road Vehicles,tech_land_infrastructure_12,12,pmg_car_design_infrastructure,tech_land_infrastructure,Goods,TRANSPORT-DESIGN,"V3 linear rule: derive the absolute direct-goods step from the latest three productive live PMs (pm_diesel_cars, pm_petrol_cars, pm_electric_cars), then continue that same step for every new PM. goods_input_automobiles_add +1/generation, goods_output_transportation_add +40/generation. Employment/domain side effects follow stat_rule TRANSPORT-DESIGN; any productivity bonus uses goods_output_<good>_mult for the PMG's actual output goods."
pm_modern_car_design_infrastructure_2,Adaptive Road Systems,tech_land_infrastructure_15,15,pmg_car_design_infrastructure,tech_land_infrastructure,Goods,TRANSPORT-DESIGN,"V3 linear rule: derive the absolute direct-goods step from the latest three productive live PMs (pm_diesel_cars, pm_petrol_cars, pm_electric_cars), then continue that same step for every new PM. goods_input_automobiles_add +1/generation, goods_output_transportation_add +40/generation. Employment/domain side effects follow stat_rule TRANSPORT-DESIGN; any productivity bonus uses goods_output_<good>_mult for the PMG's actual output goods."
pm_modern_car_design_infrastructure_3,Vacuum-Corridor Ground Vehicles,tech_land_infrastructure_18,18,pmg_car_design_infrastructure,tech_land_infrastructure,Goods,TRANSPORT-DESIGN,"V3 linear rule: derive the absolute direct-goods step from the latest three productive live PMs (pm_diesel_cars, pm_petrol_cars, pm_electric_cars), then continue that same step for every new PM. goods_input_automobiles_add +1/generation, goods_output_transportation_add +40/generation. Employment/domain side effects follow stat_rule TRANSPORT-DESIGN; any productivity bonus uses goods_output_<good>_mult for the PMG's actual output goods."
pm_modern_car_design_infrastructure_4,Planetary Mobility Vehicles,tech_land_infrastructure_20,20,pmg_car_design_infrastructure,tech_land_infrastructure,Goods,TRANSPORT-DESIGN,"V3 linear rule: derive the absolute direct-goods step from the latest three productive live PMs (pm_diesel_cars, pm_petrol_cars, pm_electric_cars), then continue that same step for every new PM. goods_input_automobiles_add +1/generation, goods_output_transportation_add +40/generation. Employment/domain side effects follow stat_rule TRANSPORT-DESIGN; any productivity bonus uses goods_output_<good>_mult for the PMG's actual output goods."
pm_modern_rail_design_infrastructure_1,Maglev Freight Networks,tech_land_infrastructure_12,12,pmg_rail_design_infrastructure,tech_land_infrastructure,Goods,TRANSPORT-DESIGN,"V3 linear rule: derive the absolute direct-goods step from the latest three productive live PMs (pm_diesel_trains, pm_electric_trains, pm_high_speed_electric_trains), then continue that same step for every new PM. goods_input_professional_services_add +0.5/generation, goods_input_electricity_add +10/generation, goods_input_locomotives_add +1/generation, goods_output_transportation_add +50/generation. Employment/domain side effects follow stat_rule TRANSPORT-DESIGN; any productivity bonus uses goods_output_<good>_mult for the PMG's actual output goods."
pm_modern_rail_design_infrastructure_2,Vacuum Rail Systems,tech_land_infrastructure_15,15,pmg_rail_design_infrastructure,tech_land_infrastructure,Goods,TRANSPORT-DESIGN,"V3 linear rule: derive the absolute direct-goods step from the latest three productive live PMs (pm_diesel_trains, pm_electric_trains, pm_high_speed_electric_trains), then continue that same step for every new PM. goods_input_professional_services_add +0.5/generation, goods_input_electricity_add +10/generation, goods_input_locomotives_add +1/generation, goods_output_transportation_add +50/generation. Employment/domain side effects follow stat_rule TRANSPORT-DESIGN; any productivity bonus uses goods_output_<good>_mult for the PMG's actual output goods."
pm_modern_rail_design_infrastructure_3,Adaptive Rail Networks,tech_land_infrastructure_18,18,pmg_rail_design_infrastructure,tech_land_infrastructure,Goods,TRANSPORT-DESIGN,"V3 linear rule: derive the absolute direct-goods step from the latest three productive live PMs (pm_diesel_trains, pm_electric_trains, pm_high_speed_electric_trains), then continue that same step for every new PM. goods_input_professional_services_add +0.5/generation, goods_input_electricity_add +10/generation, goods_input_locomotives_add +1/generation, goods_output_transportation_add +50/generation. Employment/domain side effects follow stat_rule TRANSPORT-DESIGN; any productivity bonus uses goods_output_<good>_mult for the PMG's actual output goods."
pm_modern_rail_design_infrastructure_4,Planetary Transit Rail,tech_land_infrastructure_20,20,pmg_rail_design_infrastructure,tech_land_infrastructure,Goods,TRANSPORT-DESIGN,"V3 linear rule: derive the absolute direct-goods step from the latest three productive live PMs (pm_diesel_trains, pm_electric_trains, pm_high_speed_electric_trains), then continue that same step for every new PM. goods_input_professional_services_add +0.5/generation, goods_input_electricity_add +10/generation, goods_input_locomotives_add +1/generation, goods_output_transportation_add +50/generation. Employment/domain side effects follow stat_rule TRANSPORT-DESIGN; any productivity bonus uses goods_output_<good>_mult for the PMG's actual output goods."
pm_modern_building_port_technique_1,Autonomous Port Operations,tech_sea_infrastructure_11,11,pmg_sea_infrastructure,tech_sea_infrastructure,Goods,SEA-PORT,"V3 linear rule: derive the absolute direct-goods step from the latest three productive live PMs (pm_basic_port, pm_industrial_port, pm_modern_port), then continue that same step for every new PM. goods_input_electricity_add +1.5/generation, goods_input_industrial_robots_add +1.5/generation, goods_input_steamers_add +0.75/generation, goods_output_merchant_marine_add +30/generation, goods_output_transportation_add +15/generation. Employment/domain side effects follow stat_rule SEA-PORT; any productivity bonus uses goods_output_<good>_mult for the PMG's actual output goods."
pm_modern_building_port_technique_2,Self-Operating Port Complexes,tech_sea_infrastructure_16,16,pmg_sea_infrastructure,tech_sea_infrastructure,Goods,SEA-PORT,"V3 linear rule: derive the absolute direct-goods step from the latest three productive live PMs (pm_basic_port, pm_industrial_port, pm_modern_port), then continue that same step for every new PM. goods_input_electricity_add +1.5/generation, goods_input_industrial_robots_add +1.5/generation, goods_input_steamers_add +0.75/generation, goods_output_merchant_marine_add +30/generation, goods_output_transportation_add +15/generation. Employment/domain side effects follow stat_rule SEA-PORT; any productivity bonus uses goods_output_<good>_mult for the PMG's actual output goods."
pm_modern_building_port_goods_1,Adaptive Merchant Shipping,tech_sea_infrastructure_12,12,pmg_sea_design_infrastructure,tech_sea_infrastructure,Goods,SEA-DESIGN,"V3 linear rule: derive the absolute direct-goods step from the latest three productive live PMs (pm_steam_ships, pm_diesel_ships, pm_electric_ships), then continue that same step for every new PM. goods_output_merchant_marine_add +10/generation. Employment/domain side effects follow stat_rule SEA-DESIGN; any productivity bonus uses goods_output_<good>_mult for the PMG's actual output goods."
pm_modern_building_port_goods_2,Integrated Oceanic Shipping,tech_sea_infrastructure_17,17,pmg_sea_design_infrastructure,tech_sea_infrastructure,Goods,SEA-DESIGN,"V3 linear rule: derive the absolute direct-goods step from the latest three productive live PMs (pm_steam_ships, pm_diesel_ships, pm_electric_ships), then continue that same step for every new PM. goods_output_merchant_marine_add +10/generation. Employment/domain side effects follow stat_rule SEA-DESIGN; any productivity bonus uses goods_output_<good>_mult for the PMG's actual output goods."
pm_modern_steamers_goods_manufacturing_4,Molecular Shipyard Fabrication,tech_sea_infrastructure_14,14,pmg_steamers_manufacturing,tech_sea_infrastructure,Goods,SEA-STEAMERS,"V3 linear rule: derive the absolute direct-goods step from the latest three productive live PMs (pm_steamers_goods_manufacturing_1, pm_steamers_goods_manufacturing_2, pm_steamers_goods_manufacturing_3), then continue that same step for every new PM. goods_input_professional_services_add +1.5/generation, goods_input_electricity_add +5/generation, goods_input_engines_add +5/generation, goods_input_steel_add +10/generation, goods_output_steamers_add +10/generation. Employment/domain side effects follow stat_rule SEA-STEAMERS; any productivity bonus uses goods_output_<good>_mult for the PMG's actual output goods."
pm_modern_steamers_goods_manufacturing_5,Self-Assembling Megaship Fabrication,tech_sea_infrastructure_19,19,pmg_steamers_manufacturing,tech_sea_infrastructure,Goods,SEA-STEAMERS,"V3 linear rule: derive the absolute direct-goods step from the latest three productive live PMs (pm_steamers_goods_manufacturing_1, pm_steamers_goods_manufacturing_2, pm_steamers_goods_manufacturing_3), then continue that same step for every new PM. goods_input_professional_services_add +1.5/generation, goods_input_electricity_add +5/generation, goods_input_engines_add +5/generation, goods_input_steel_add +10/generation, goods_output_steamers_add +10/generation. Employment/domain side effects follow stat_rule SEA-STEAMERS; any productivity bonus uses goods_output_<good>_mult for the PMG's actual output goods."
pm_modern_automation_11_building_services,Neuromorphic Automation,tech_electronics_11,11,pmg_automation_services,tech_electronics,Automation,AUTO-SERVICE-CONVERT,"V3 source-driven input rule: continue the direct goods-input cadence from the latest three live PMs (pm_automation_8_building_services, pm_automation_9_building_services, pm_automation_10_building_services) using one constant absolute step per generation: goods_input_communication_add +0.5/generation, goods_input_computers_add +0.5/generation, goods_input_electricity_add +1/generation, goods_input_software_add +1/generation. Non-goods effects and employment follow stat_rule AUTO-SERVICE-CONVERT; productivity bonuses target exact output goods only."
pm_modern_automation_11_building_services_shopkeepers,Neuromorphic Automation,tech_electronics_11,11,pmg_automation_services_shopkeepers,tech_electronics,Automation,AUTO-SERVICE-CONVERT,"V3 source-driven input rule: continue the direct goods-input cadence from the latest three live PMs (pm_automation_8_building_services_shopkeepers, pm_automation_9_building_services_shopkeepers, pm_automation_10_building_services_shopkeepers) using one constant absolute step per generation: goods_input_communication_add +0.5/generation, goods_input_computers_add +0.5/generation, goods_input_electricity_add +1/generation, goods_input_software_add +1/generation. Non-goods effects and employment follow stat_rule AUTO-SERVICE-CONVERT; productivity bonuses target exact output goods only."
pm_modern_automation_11_building_services_professionals,Neuromorphic Automation,tech_electronics_11,11,pmg_automation_services_professionals,tech_electronics,Automation,AUTO-SERVICE-MIDDLE,"V3 source-driven input rule: continue the direct goods-input cadence from the latest three live PMs (pm_automation_8_building_services_professionals, pm_automation_9_building_services_professionals, pm_automation_10_building_services_professionals) using one constant absolute step per generation: goods_input_communication_add +0.5/generation, goods_input_computers_add +0.5/generation, goods_input_electricity_add +1/generation, goods_input_software_add +1/generation. Non-goods effects and employment follow stat_rule AUTO-SERVICE-MIDDLE; productivity bonuses target exact output goods only."
pm_modern_automation_12_building_services,Photonic Office Automation,tech_electronics_12,12,pmg_automation_services,tech_electronics,Automation,AUTO-SERVICE-CONVERT,"V3 source-driven input rule: continue the direct goods-input cadence from the latest three live PMs (pm_automation_8_building_services, pm_automation_9_building_services, pm_automation_10_building_services) using one constant absolute step per generation: goods_input_communication_add +0.5/generation, goods_input_computers_add +0.5/generation, goods_input_electricity_add +1/generation, goods_input_software_add +1/generation. Non-goods effects and employment follow stat_rule AUTO-SERVICE-CONVERT; productivity bonuses target exact output goods only."
pm_modern_automation_12_building_services_shopkeepers,Photonic Office Automation,tech_electronics_12,12,pmg_automation_services_shopkeepers,tech_electronics,Automation,AUTO-SERVICE-CONVERT,"V3 source-driven input rule: continue the direct goods-input cadence from the latest three live PMs (pm_automation_8_building_services_shopkeepers, pm_automation_9_building_services_shopkeepers, pm_automation_10_building_services_shopkeepers) using one constant absolute step per generation: goods_input_communication_add +0.5/generation, goods_input_computers_add +0.5/generation, goods_input_electricity_add +1/generation, goods_input_software_add +1/generation. Non-goods effects and employment follow stat_rule AUTO-SERVICE-CONVERT; productivity bonuses target exact output goods only."
pm_modern_automation_12_building_services_professionals,Photonic Office Automation,tech_electronics_12,12,pmg_automation_services_professionals,tech_electronics,Automation,AUTO-SERVICE-MIDDLE,"V3 source-driven input rule: continue the direct goods-input cadence from the latest three live PMs (pm_automation_8_building_services_professionals, pm_automation_9_building_services_professionals, pm_automation_10_building_services_professionals) using one constant absolute step per generation: goods_input_communication_add +0.5/generation, goods_input_computers_add +0.5/generation, goods_input_electricity_add +1/generation, goods_input_software_add +1/generation. Non-goods effects and employment follow stat_rule AUTO-SERVICE-MIDDLE; productivity bonuses target exact output goods only."
pm_modern_automation_13_building_services,Molecular Computing Automation,tech_electronics_13,13,pmg_automation_services,tech_electronics,Automation,AUTO-SERVICE-CONVERT,"V3 source-driven input rule: continue the direct goods-input cadence from the latest three live PMs (pm_automation_8_building_services, pm_automation_9_building_services, pm_automation_10_building_services) using one constant absolute step per generation: goods_input_communication_add +0.5/generation, goods_input_computers_add +0.5/generation, goods_input_electricity_add +1/generation, goods_input_software_add +1/generation. Non-goods effects and employment follow stat_rule AUTO-SERVICE-CONVERT; productivity bonuses target exact output goods only."
pm_modern_automation_13_building_services_shopkeepers,Molecular Computing Automation,tech_electronics_13,13,pmg_automation_services_shopkeepers,tech_electronics,Automation,AUTO-SERVICE-CONVERT,"V3 source-driven input rule: continue the direct goods-input cadence from the latest three live PMs (pm_automation_8_building_services_shopkeepers, pm_automation_9_building_services_shopkeepers, pm_automation_10_building_services_shopkeepers) using one constant absolute step per generation: goods_input_communication_add +0.5/generation, goods_input_computers_add +0.5/generation, goods_input_electricity_add +1/generation, goods_input_software_add +1/generation. Non-goods effects and employment follow stat_rule AUTO-SERVICE-CONVERT; productivity bonuses target exact output goods only."
pm_modern_automation_13_building_services_professionals,Molecular Computing Automation,tech_electronics_13,13,pmg_automation_services_professionals,tech_electronics,Automation,AUTO-SERVICE-MIDDLE,"V3 source-driven input rule: continue the direct goods-input cadence from the latest three live PMs (pm_automation_8_building_services_professionals, pm_automation_9_building_services_professionals, pm_automation_10_building_services_professionals) using one constant absolute step per generation: goods_input_communication_add +0.5/generation, goods_input_computers_add +0.5/generation, goods_input_electricity_add +1/generation, goods_input_software_add +1/generation. Non-goods effects and employment follow stat_rule AUTO-SERVICE-MIDDLE; productivity bonuses target exact output goods only."
pm_modern_automation_14_building_services,Reversible Computing Automation,tech_electronics_14,14,pmg_automation_services,tech_electronics,Automation,AUTO-SERVICE-CONVERT,"V3 source-driven input rule: continue the direct goods-input cadence from the latest three live PMs (pm_automation_8_building_services, pm_automation_9_building_services, pm_automation_10_building_services) using one constant absolute step per generation: goods_input_communication_add +0.5/generation, goods_input_computers_add +0.5/generation, goods_input_electricity_add +1/generation, goods_input_software_add +1/generation. Non-goods effects and employment follow stat_rule AUTO-SERVICE-CONVERT; productivity bonuses target exact output goods only."
pm_modern_automation_14_building_services_shopkeepers,Reversible Computing Automation,tech_electronics_14,14,pmg_automation_services_shopkeepers,tech_electronics,Automation,AUTO-SERVICE-CONVERT,"V3 source-driven input rule: continue the direct goods-input cadence from the latest three live PMs (pm_automation_8_building_services_shopkeepers, pm_automation_9_building_services_shopkeepers, pm_automation_10_building_services_shopkeepers) using one constant absolute step per generation: goods_input_communication_add +0.5/generation, goods_input_computers_add +0.5/generation, goods_input_electricity_add +1/generation, goods_input_software_add +1/generation. Non-goods effects and employment follow stat_rule AUTO-SERVICE-CONVERT; productivity bonuses target exact output goods only."
pm_modern_automation_14_building_services_professionals,Reversible Computing Automation,tech_electronics_14,14,pmg_automation_services_professionals,tech_electronics,Automation,AUTO-SERVICE-MIDDLE,"V3 source-driven input rule: continue the direct goods-input cadence from the latest three live PMs (pm_automation_8_building_services_professionals, pm_automation_9_building_services_professionals, pm_automation_10_building_services_professionals) using one constant absolute step per generation: goods_input_communication_add +0.5/generation, goods_input_computers_add +0.5/generation, goods_input_electricity_add +1/generation, goods_input_software_add +1/generation. Non-goods effects and employment follow stat_rule AUTO-SERVICE-MIDDLE; productivity bonuses target exact output goods only."
pm_modern_automation_15_building_services,Synthetic Cognition Automation,tech_electronics_15,15,pmg_automation_services,tech_electronics,Automation,AUTO-SERVICE-CONVERT,"V3 source-driven input rule: continue the direct goods-input cadence from the latest three live PMs (pm_automation_8_building_services, pm_automation_9_building_services, pm_automation_10_building_services) using one constant absolute step per generation: goods_input_communication_add +0.5/generation, goods_input_computers_add +0.5/generation, goods_input_electricity_add +1/generation, goods_input_software_add +1/generation. Non-goods effects and employment follow stat_rule AUTO-SERVICE-CONVERT; productivity bonuses target exact output goods only."
pm_modern_automation_15_building_services_shopkeepers,Synthetic Cognition Automation,tech_electronics_15,15,pmg_automation_services_shopkeepers,tech_electronics,Automation,AUTO-SERVICE-CONVERT,"V3 source-driven input rule: continue the direct goods-input cadence from the latest three live PMs (pm_automation_8_building_services_shopkeepers, pm_automation_9_building_services_shopkeepers, pm_automation_10_building_services_shopkeepers) using one constant absolute step per generation: goods_input_communication_add +0.5/generation, goods_input_computers_add +0.5/generation, goods_input_electricity_add +1/generation, goods_input_software_add +1/generation. Non-goods effects and employment follow stat_rule AUTO-SERVICE-CONVERT; productivity bonuses target exact output goods only."
pm_modern_automation_15_building_services_professionals,Synthetic Cognition Automation,tech_electronics_15,15,pmg_automation_services_professionals,tech_electronics,Automation,AUTO-SERVICE-MIDDLE,"V3 source-driven input rule: continue the direct goods-input cadence from the latest three live PMs (pm_automation_8_building_services_professionals, pm_automation_9_building_services_professionals, pm_automation_10_building_services_professionals) using one constant absolute step per generation: goods_input_communication_add +0.5/generation, goods_input_computers_add +0.5/generation, goods_input_electricity_add +1/generation, goods_input_software_add +1/generation. Non-goods effects and employment follow stat_rule AUTO-SERVICE-MIDDLE; productivity bonuses target exact output goods only."
pm_modern_automation_16_building_services,Distributed Intelligence Automation,tech_electronics_16,16,pmg_automation_services,tech_electronics,Automation,AUTO-SERVICE-CONVERT,"V3 source-driven input rule: continue the direct goods-input cadence from the latest three live PMs (pm_automation_8_building_services, pm_automation_9_building_services, pm_automation_10_building_services) using one constant absolute step per generation: goods_input_communication_add +0.5/generation, goods_input_computers_add +0.5/generation, goods_input_electricity_add +1/generation, goods_input_software_add +1/generation. Non-goods effects and employment follow stat_rule AUTO-SERVICE-CONVERT; productivity bonuses target exact output goods only."
pm_modern_automation_16_building_services_shopkeepers,Distributed Intelligence Automation,tech_electronics_16,16,pmg_automation_services_shopkeepers,tech_electronics,Automation,AUTO-SERVICE-CONVERT,"V3 source-driven input rule: continue the direct goods-input cadence from the latest three live PMs (pm_automation_8_building_services_shopkeepers, pm_automation_9_building_services_shopkeepers, pm_automation_10_building_services_shopkeepers) using one constant absolute step per generation: goods_input_communication_add +0.5/generation, goods_input_computers_add +0.5/generation, goods_input_electricity_add +1/generation, goods_input_software_add +1/generation. Non-goods effects and employment follow stat_rule AUTO-SERVICE-CONVERT; productivity bonuses target exact output goods only."
pm_modern_automation_16_building_services_professionals,Distributed Intelligence Automation,tech_electronics_16,16,pmg_automation_services_professionals,tech_electronics,Automation,AUTO-SERVICE-MIDDLE,"V3 source-driven input rule: continue the direct goods-input cadence from the latest three live PMs (pm_automation_8_building_services_professionals, pm_automation_9_building_services_professionals, pm_automation_10_building_services_professionals) using one constant absolute step per generation: goods_input_communication_add +0.5/generation, goods_input_computers_add +0.5/generation, goods_input_electricity_add +1/generation, goods_input_software_add +1/generation. Non-goods effects and employment follow stat_rule AUTO-SERVICE-MIDDLE; productivity bonuses target exact output goods only."
pm_modern_automation_17_building_services,Bio-Digital Automation,tech_electronics_17,17,pmg_automation_services,tech_electronics,Automation,AUTO-SERVICE-CONVERT,"V3 source-driven input rule: continue the direct goods-input cadence from the latest three live PMs (pm_automation_8_building_services, pm_automation_9_building_services, pm_automation_10_building_services) using one constant absolute step per generation: goods_input_communication_add +0.5/generation, goods_input_computers_add +0.5/generation, goods_input_electricity_add +1/generation, goods_input_software_add +1/generation. Non-goods effects and employment follow stat_rule AUTO-SERVICE-CONVERT; productivity bonuses target exact output goods only."
pm_modern_automation_17_building_services_shopkeepers,Bio-Digital Automation,tech_electronics_17,17,pmg_automation_services_shopkeepers,tech_electronics,Automation,AUTO-SERVICE-CONVERT,"V3 source-driven input rule: continue the direct goods-input cadence from the latest three live PMs (pm_automation_8_building_services_shopkeepers, pm_automation_9_building_services_shopkeepers, pm_automation_10_building_services_shopkeepers) using one constant absolute step per generation: goods_input_communication_add +0.5/generation, goods_input_computers_add +0.5/generation, goods_input_electricity_add +1/generation, goods_input_software_add +1/generation. Non-goods effects and employment follow stat_rule AUTO-SERVICE-CONVERT; productivity bonuses target exact output goods only."
pm_modern_automation_17_building_services_professionals,Bio-Digital Automation,tech_electronics_17,17,pmg_automation_services_professionals,tech_electronics,Automation,AUTO-SERVICE-MIDDLE,"V3 source-driven input rule: continue the direct goods-input cadence from the latest three live PMs (pm_automation_8_building_services_professionals, pm_automation_9_building_services_professionals, pm_automation_10_building_services_professionals) using one constant absolute step per generation: goods_input_communication_add +0.5/generation, goods_input_computers_add +0.5/generation, goods_input_electricity_add +1/generation, goods_input_software_add +1/generation. Non-goods effects and employment follow stat_rule AUTO-SERVICE-MIDDLE; productivity bonuses target exact output goods only."
pm_modern_automation_18_building_services,Quantum-Neural Automation,tech_electronics_18,18,pmg_automation_services,tech_electronics,Automation,AUTO-SERVICE-CONVERT,"V3 source-driven input rule: continue the direct goods-input cadence from the latest three live PMs (pm_automation_8_building_services, pm_automation_9_building_services, pm_automation_10_building_services) using one constant absolute step per generation: goods_input_communication_add +0.5/generation, goods_input_computers_add +0.5/generation, goods_input_electricity_add +1/generation, goods_input_software_add +1/generation. Non-goods effects and employment follow stat_rule AUTO-SERVICE-CONVERT; productivity bonuses target exact output goods only."
pm_modern_automation_18_building_services_shopkeepers,Quantum-Neural Automation,tech_electronics_18,18,pmg_automation_services_shopkeepers,tech_electronics,Automation,AUTO-SERVICE-CONVERT,"V3 source-driven input rule: continue the direct goods-input cadence from the latest three live PMs (pm_automation_8_building_services_shopkeepers, pm_automation_9_building_services_shopkeepers, pm_automation_10_building_services_shopkeepers) using one constant absolute step per generation: goods_input_communication_add +0.5/generation, goods_input_computers_add +0.5/generation, goods_input_electricity_add +1/generation, goods_input_software_add +1/generation. Non-goods effects and employment follow stat_rule AUTO-SERVICE-CONVERT; productivity bonuses target exact output goods only."
pm_modern_automation_18_building_services_professionals,Quantum-Neural Automation,tech_electronics_18,18,pmg_automation_services_professionals,tech_electronics,Automation,AUTO-SERVICE-MIDDLE,"V3 source-driven input rule: continue the direct goods-input cadence from the latest three live PMs (pm_automation_8_building_services_professionals, pm_automation_9_building_services_professionals, pm_automation_10_building_services_professionals) using one constant absolute step per generation: goods_input_communication_add +0.5/generation, goods_input_computers_add +0.5/generation, goods_input_electricity_add +1/generation, goods_input_software_add +1/generation. Non-goods effects and employment follow stat_rule AUTO-SERVICE-MIDDLE; productivity bonuses target exact output goods only."
pm_modern_automation_19_building_services,Matter-Embedded Automation,tech_electronics_19,19,pmg_automation_services,tech_electronics,Automation,AUTO-SERVICE-CONVERT,"V3 source-driven input rule: continue the direct goods-input cadence from the latest three live PMs (pm_automation_8_building_services, pm_automation_9_building_services, pm_automation_10_building_services) using one constant absolute step per generation: goods_input_communication_add +0.5/generation, goods_input_computers_add +0.5/generation, goods_input_electricity_add +1/generation, goods_input_software_add +1/generation. Non-goods effects and employment follow stat_rule AUTO-SERVICE-CONVERT; productivity bonuses target exact output goods only."
pm_modern_automation_19_building_services_shopkeepers,Matter-Embedded Automation,tech_electronics_19,19,pmg_automation_services_shopkeepers,tech_electronics,Automation,AUTO-SERVICE-CONVERT,"V3 source-driven input rule: continue the direct goods-input cadence from the latest three live PMs (pm_automation_8_building_services_shopkeepers, pm_automation_9_building_services_shopkeepers, pm_automation_10_building_services_shopkeepers) using one constant absolute step per generation: goods_input_communication_add +0.5/generation, goods_input_computers_add +0.5/generation, goods_input_electricity_add +1/generation, goods_input_software_add +1/generation. Non-goods effects and employment follow stat_rule AUTO-SERVICE-CONVERT; productivity bonuses target exact output goods only."
pm_modern_automation_19_building_services_professionals,Matter-Embedded Automation,tech_electronics_19,19,pmg_automation_services_professionals,tech_electronics,Automation,AUTO-SERVICE-MIDDLE,"V3 source-driven input rule: continue the direct goods-input cadence from the latest three live PMs (pm_automation_8_building_services_professionals, pm_automation_9_building_services_professionals, pm_automation_10_building_services_professionals) using one constant absolute step per generation: goods_input_communication_add +0.5/generation, goods_input_computers_add +0.5/generation, goods_input_electricity_add +1/generation, goods_input_software_add +1/generation. Non-goods effects and employment follow stat_rule AUTO-SERVICE-MIDDLE; productivity bonuses target exact output goods only."
pm_modern_automation_20_building_services,Substrate-Independent Automation,tech_electronics_20,20,pmg_automation_services,tech_electronics,Automation,AUTO-SERVICE-CONVERT,"V3 source-driven input rule: continue the direct goods-input cadence from the latest three live PMs (pm_automation_8_building_services, pm_automation_9_building_services, pm_automation_10_building_services) using one constant absolute step per generation: goods_input_communication_add +0.5/generation, goods_input_computers_add +0.5/generation, goods_input_electricity_add +1/generation, goods_input_software_add +1/generation. Non-goods effects and employment follow stat_rule AUTO-SERVICE-CONVERT; productivity bonuses target exact output goods only."
pm_modern_automation_20_building_services_shopkeepers,Substrate-Independent Automation,tech_electronics_20,20,pmg_automation_services_shopkeepers,tech_electronics,Automation,AUTO-SERVICE-CONVERT,"V3 source-driven input rule: continue the direct goods-input cadence from the latest three live PMs (pm_automation_8_building_services_shopkeepers, pm_automation_9_building_services_shopkeepers, pm_automation_10_building_services_shopkeepers) using one constant absolute step per generation: goods_input_communication_add +0.5/generation, goods_input_computers_add +0.5/generation, goods_input_electricity_add +1/generation, goods_input_software_add +1/generation. Non-goods effects and employment follow stat_rule AUTO-SERVICE-CONVERT; productivity bonuses target exact output goods only."
pm_modern_automation_20_building_services_professionals,Substrate-Independent Automation,tech_electronics_20,20,pmg_automation_services_professionals,tech_electronics,Automation,AUTO-SERVICE-MIDDLE,"V3 source-driven input rule: continue the direct goods-input cadence from the latest three live PMs (pm_automation_8_building_services_professionals, pm_automation_9_building_services_professionals, pm_automation_10_building_services_professionals) using one constant absolute step per generation: goods_input_communication_add +0.5/generation, goods_input_computers_add +0.5/generation, goods_input_electricity_add +1/generation, goods_input_software_add +1/generation. Non-goods effects and employment follow stat_rule AUTO-SERVICE-MIDDLE; productivity bonuses target exact output goods only."
pm_modern_automation_11_building_manufacturing,Lights-Out Automation,tech_manufacturing_11,11,pmg_automation_manufacturing,tech_manufacturing,Automation,AUTO-MANUFACTURING,"V3 source-driven input rule: continue the direct goods-input cadence from the latest three live PMs (pm_automation_8_building_manufacturing, pm_automation_9_building_manufacturing, pm_automation_10_building_manufacturing) using one constant absolute step per generation: goods_input_communication_services_add +0.5/generation, goods_input_electricity_add +0.5/generation, goods_input_industrial_robots_add +0.5/generation, goods_input_software_add +0.5/generation. Non-goods effects and employment follow stat_rule AUTO-MANUFACTURING; productivity bonuses target exact output goods only."
pm_modern_automation_11_building_machinery_manufacturing,Lights-Out Automation,tech_manufacturing_11,11,pmg_machinery_automation_manufacturing,tech_manufacturing,Automation,AUTO-MANUFACTURING,"V3 source-driven input rule: continue the direct goods-input cadence from the latest three live PMs (pm_automation_8_building_machinery_manufacturing, pm_automation_9_building_machinery_manufacturing, pm_automation_10_building_machinery_manufacturing) using one constant absolute step per generation: goods_input_communication_services_add +0.5/generation, goods_input_electricity_add +0.5/generation, goods_input_engines_add +0.5/generation, goods_input_software_add +0.5/generation. Non-goods effects and employment follow stat_rule AUTO-MANUFACTURING; productivity bonuses target exact output goods only."
pm_modern_automation_11_building_manufacturing_unskilled,Lights-Out Automation,tech_manufacturing_11,11,pmg_automation_manufacturing_unskilled,tech_manufacturing,Automation,AUTO-MANUFACTURING,"V3 source-driven input rule: continue the direct goods-input cadence from the latest three live PMs (pm_automation_8_building_manufacturing_unskilled, pm_automation_9_building_manufacturing_unskilled, pm_automation_10_building_manufacturing_unskilled) using one constant absolute step per generation: goods_input_communication_services_add +0.5/generation, goods_input_electricity_add +0.5/generation, goods_input_industrial_robots_add +0.5/generation, goods_input_software_add +0.5/generation. Non-goods effects and employment follow stat_rule AUTO-MANUFACTURING; productivity bonuses target exact output goods only."
pm_modern_automation_12_building_manufacturing,Adaptive Robotic Automation,tech_manufacturing_12,12,pmg_automation_manufacturing,tech_manufacturing,Automation,AUTO-MANUFACTURING,"V3 source-driven input rule: continue the direct goods-input cadence from the latest three live PMs (pm_automation_8_building_manufacturing, pm_automation_9_building_manufacturing, pm_automation_10_building_manufacturing) using one constant absolute step per generation: goods_input_communication_services_add +0.5/generation, goods_input_electricity_add +0.5/generation, goods_input_industrial_robots_add +0.5/generation, goods_input_software_add +0.5/generation. Non-goods effects and employment follow stat_rule AUTO-MANUFACTURING; productivity bonuses target exact output goods only."
pm_modern_automation_12_building_machinery_manufacturing,Adaptive Robotic Automation,tech_manufacturing_12,12,pmg_machinery_automation_manufacturing,tech_manufacturing,Automation,AUTO-MANUFACTURING,"V3 source-driven input rule: continue the direct goods-input cadence from the latest three live PMs (pm_automation_8_building_machinery_manufacturing, pm_automation_9_building_machinery_manufacturing, pm_automation_10_building_machinery_manufacturing) using one constant absolute step per generation: goods_input_communication_services_add +0.5/generation, goods_input_electricity_add +0.5/generation, goods_input_engines_add +0.5/generation, goods_input_software_add +0.5/generation. Non-goods effects and employment follow stat_rule AUTO-MANUFACTURING; productivity bonuses target exact output goods only."
pm_modern_automation_12_building_manufacturing_unskilled,Adaptive Robotic Automation,tech_manufacturing_12,12,pmg_automation_manufacturing_unskilled,tech_manufacturing,Automation,AUTO-MANUFACTURING,"V3 source-driven input rule: continue the direct goods-input cadence from the latest three live PMs (pm_automation_8_building_manufacturing_unskilled, pm_automation_9_building_manufacturing_unskilled, pm_automation_10_building_manufacturing_unskilled) using one constant absolute step per generation: goods_input_communication_services_add +0.5/generation, goods_input_electricity_add +0.5/generation, goods_input_industrial_robots_add +0.5/generation, goods_input_software_add +0.5/generation. Non-goods effects and employment follow stat_rule AUTO-MANUFACTURING; productivity bonuses target exact output goods only."
pm_modern_automation_13_building_manufacturing,Additive Production Automation,tech_manufacturing_13,13,pmg_automation_manufacturing,tech_manufacturing,Automation,AUTO-MANUFACTURING,"V3 source-driven input rule: continue the direct goods-input cadence from the latest three live PMs (pm_automation_8_building_manufacturing, pm_automation_9_building_manufacturing, pm_automation_10_building_manufacturing) using one constant absolute step per generation: goods_input_communication_services_add +0.5/generation, goods_input_electricity_add +0.5/generation, goods_input_industrial_robots_add +0.5/generation, goods_input_software_add +0.5/generation. Non-goods effects and employment follow stat_rule AUTO-MANUFACTURING; productivity bonuses target exact output goods only."
pm_modern_automation_13_building_machinery_manufacturing,Additive Production Automation,tech_manufacturing_13,13,pmg_machinery_automation_manufacturing,tech_manufacturing,Automation,AUTO-MANUFACTURING,"V3 source-driven input rule: continue the direct goods-input cadence from the latest three live PMs (pm_automation_8_building_machinery_manufacturing, pm_automation_9_building_machinery_manufacturing, pm_automation_10_building_machinery_manufacturing) using one constant absolute step per generation: goods_input_communication_services_add +0.5/generation, goods_input_electricity_add +0.5/generation, goods_input_engines_add +0.5/generation, goods_input_software_add +0.5/generation. Non-goods effects and employment follow stat_rule AUTO-MANUFACTURING; productivity bonuses target exact output goods only."
pm_modern_automation_13_building_manufacturing_unskilled,Additive Production Automation,tech_manufacturing_13,13,pmg_automation_manufacturing_unskilled,tech_manufacturing,Automation,AUTO-MANUFACTURING,"V3 source-driven input rule: continue the direct goods-input cadence from the latest three live PMs (pm_automation_8_building_manufacturing_unskilled, pm_automation_9_building_manufacturing_unskilled, pm_automation_10_building_manufacturing_unskilled) using one constant absolute step per generation: goods_input_communication_services_add +0.5/generation, goods_input_electricity_add +0.5/generation, goods_input_industrial_robots_add +0.5/generation, goods_input_software_add +0.5/generation. Non-goods effects and employment follow stat_rule AUTO-MANUFACTURING; productivity bonuses target exact output goods only."
pm_modern_automation_14_building_manufacturing,Molecular Assembly Automation,tech_manufacturing_14,14,pmg_automation_manufacturing,tech_manufacturing,Automation,AUTO-MANUFACTURING,"V3 source-driven input rule: continue the direct goods-input cadence from the latest three live PMs (pm_automation_8_building_manufacturing, pm_automation_9_building_manufacturing, pm_automation_10_building_manufacturing) using one constant absolute step per generation: goods_input_communication_services_add +0.5/generation, goods_input_electricity_add +0.5/generation, goods_input_industrial_robots_add +0.5/generation, goods_input_software_add +0.5/generation. Non-goods effects and employment follow stat_rule AUTO-MANUFACTURING; productivity bonuses target exact output goods only."
pm_modern_automation_14_building_machinery_manufacturing,Molecular Assembly Automation,tech_manufacturing_14,14,pmg_machinery_automation_manufacturing,tech_manufacturing,Automation,AUTO-MANUFACTURING,"V3 source-driven input rule: continue the direct goods-input cadence from the latest three live PMs (pm_automation_8_building_machinery_manufacturing, pm_automation_9_building_machinery_manufacturing, pm_automation_10_building_machinery_manufacturing) using one constant absolute step per generation: goods_input_communication_services_add +0.5/generation, goods_input_electricity_add +0.5/generation, goods_input_engines_add +0.5/generation, goods_input_software_add +0.5/generation. Non-goods effects and employment follow stat_rule AUTO-MANUFACTURING; productivity bonuses target exact output goods only."
pm_modern_automation_14_building_manufacturing_unskilled,Molecular Assembly Automation,tech_manufacturing_14,14,pmg_automation_manufacturing_unskilled,tech_manufacturing,Automation,AUTO-MANUFACTURING,"V3 source-driven input rule: continue the direct goods-input cadence from the latest three live PMs (pm_automation_8_building_manufacturing_unskilled, pm_automation_9_building_manufacturing_unskilled, pm_automation_10_building_manufacturing_unskilled) using one constant absolute step per generation: goods_input_communication_services_add +0.5/generation, goods_input_electricity_add +0.5/generation, goods_input_industrial_robots_add +0.5/generation, goods_input_software_add +0.5/generation. Non-goods effects and employment follow stat_rule AUTO-MANUFACTURING; productivity bonuses target exact output goods only."
pm_modern_automation_15_building_manufacturing,Self-Reconfiguring Automation,tech_manufacturing_15,15,pmg_automation_manufacturing,tech_manufacturing,Automation,AUTO-MANUFACTURING,"V3 source-driven input rule: continue the direct goods-input cadence from the latest three live PMs (pm_automation_8_building_manufacturing, pm_automation_9_building_manufacturing, pm_automation_10_building_manufacturing) using one constant absolute step per generation: goods_input_communication_services_add +0.5/generation, goods_input_electricity_add +0.5/generation, goods_input_industrial_robots_add +0.5/generation, goods_input_software_add +0.5/generation. Non-goods effects and employment follow stat_rule AUTO-MANUFACTURING; productivity bonuses target exact output goods only."
pm_modern_automation_15_building_machinery_manufacturing,Self-Reconfiguring Automation,tech_manufacturing_15,15,pmg_machinery_automation_manufacturing,tech_manufacturing,Automation,AUTO-MANUFACTURING,"V3 source-driven input rule: continue the direct goods-input cadence from the latest three live PMs (pm_automation_8_building_machinery_manufacturing, pm_automation_9_building_machinery_manufacturing, pm_automation_10_building_machinery_manufacturing) using one constant absolute step per generation: goods_input_communication_services_add +0.5/generation, goods_input_electricity_add +0.5/generation, goods_input_engines_add +0.5/generation, goods_input_software_add +0.5/generation. Non-goods effects and employment follow stat_rule AUTO-MANUFACTURING; productivity bonuses target exact output goods only."
pm_modern_automation_15_building_manufacturing_unskilled,Self-Reconfiguring Automation,tech_manufacturing_15,15,pmg_automation_manufacturing_unskilled,tech_manufacturing,Automation,AUTO-MANUFACTURING,"V3 source-driven input rule: continue the direct goods-input cadence from the latest three live PMs (pm_automation_8_building_manufacturing_unskilled, pm_automation_9_building_manufacturing_unskilled, pm_automation_10_building_manufacturing_unskilled) using one constant absolute step per generation: goods_input_communication_services_add +0.5/generation, goods_input_electricity_add +0.5/generation, goods_input_industrial_robots_add +0.5/generation, goods_input_software_add +0.5/generation. Non-goods effects and employment follow stat_rule AUTO-MANUFACTURING; productivity bonuses target exact output goods only."
pm_modern_automation_16_building_manufacturing,Bioindustrial Automation,tech_manufacturing_16,16,pmg_automation_manufacturing,tech_manufacturing,Automation,AUTO-MANUFACTURING,"V3 source-driven input rule: continue the direct goods-input cadence from the latest three live PMs (pm_automation_8_building_manufacturing, pm_automation_9_building_manufacturing, pm_automation_10_building_manufacturing) using one constant absolute step per generation: goods_input_communication_services_add +0.5/generation, goods_input_electricity_add +0.5/generation, goods_input_industrial_robots_add +0.5/generation, goods_input_software_add +0.5/generation. Non-goods effects and employment follow stat_rule AUTO-MANUFACTURING; productivity bonuses target exact output goods only."
pm_modern_automation_16_building_machinery_manufacturing,Bioindustrial Automation,tech_manufacturing_16,16,pmg_machinery_automation_manufacturing,tech_manufacturing,Automation,AUTO-MANUFACTURING,"V3 source-driven input rule: continue the direct goods-input cadence from the latest three live PMs (pm_automation_8_building_machinery_manufacturing, pm_automation_9_building_machinery_manufacturing, pm_automation_10_building_machinery_manufacturing) using one constant absolute step per generation: goods_input_communication_services_add +0.5/generation, goods_input_electricity_add +0.5/generation, goods_input_engines_add +0.5/generation, goods_input_software_add +0.5/generation. Non-goods effects and employment follow stat_rule AUTO-MANUFACTURING; productivity bonuses target exact output goods only."
pm_modern_automation_16_building_manufacturing_unskilled,Bioindustrial Automation,tech_manufacturing_16,16,pmg_automation_manufacturing_unskilled,tech_manufacturing,Automation,AUTO-MANUFACTURING,"V3 source-driven input rule: continue the direct goods-input cadence from the latest three live PMs (pm_automation_8_building_manufacturing_unskilled, pm_automation_9_building_manufacturing_unskilled, pm_automation_10_building_manufacturing_unskilled) using one constant absolute step per generation: goods_input_communication_services_add +0.5/generation, goods_input_electricity_add +0.5/generation, goods_input_industrial_robots_add +0.5/generation, goods_input_software_add +0.5/generation. Non-goods effects and employment follow stat_rule AUTO-MANUFACTURING; productivity bonuses target exact output goods only."
pm_modern_automation_17_building_manufacturing,Autonomous Industrial Automation,tech_manufacturing_17,17,pmg_automation_manufacturing,tech_manufacturing,Automation,AUTO-MANUFACTURING,"V3 source-driven input rule: continue the direct goods-input cadence from the latest three live PMs (pm_automation_8_building_manufacturing, pm_automation_9_building_manufacturing, pm_automation_10_building_manufacturing) using one constant absolute step per generation: goods_input_communication_services_add +0.5/generation, goods_input_electricity_add +0.5/generation, goods_input_industrial_robots_add +0.5/generation, goods_input_software_add +0.5/generation. Non-goods effects and employment follow stat_rule AUTO-MANUFACTURING; productivity bonuses target exact output goods only."
pm_modern_automation_17_building_machinery_manufacturing,Autonomous Industrial Automation,tech_manufacturing_17,17,pmg_machinery_automation_manufacturing,tech_manufacturing,Automation,AUTO-MANUFACTURING,"V3 source-driven input rule: continue the direct goods-input cadence from the latest three live PMs (pm_automation_8_building_machinery_manufacturing, pm_automation_9_building_machinery_manufacturing, pm_automation_10_building_machinery_manufacturing) using one constant absolute step per generation: goods_input_communication_services_add +0.5/generation, goods_input_electricity_add +0.5/generation, goods_input_engines_add +0.5/generation, goods_input_software_add +0.5/generation. Non-goods effects and employment follow stat_rule AUTO-MANUFACTURING; productivity bonuses target exact output goods only."
pm_modern_automation_17_building_manufacturing_unskilled,Autonomous Industrial Automation,tech_manufacturing_17,17,pmg_automation_manufacturing_unskilled,tech_manufacturing,Automation,AUTO-MANUFACTURING,"V3 source-driven input rule: continue the direct goods-input cadence from the latest three live PMs (pm_automation_8_building_manufacturing_unskilled, pm_automation_9_building_manufacturing_unskilled, pm_automation_10_building_manufacturing_unskilled) using one constant absolute step per generation: goods_input_communication_services_add +0.5/generation, goods_input_electricity_add +0.5/generation, goods_input_industrial_robots_add +0.5/generation, goods_input_software_add +0.5/generation. Non-goods effects and employment follow stat_rule AUTO-MANUFACTURING; productivity bonuses target exact output goods only."
pm_modern_automation_18_building_manufacturing,Programmable-Matter Automation,tech_manufacturing_18,18,pmg_automation_manufacturing,tech_manufacturing,Automation,AUTO-MANUFACTURING,"V3 source-driven input rule: continue the direct goods-input cadence from the latest three live PMs (pm_automation_8_building_manufacturing, pm_automation_9_building_manufacturing, pm_automation_10_building_manufacturing) using one constant absolute step per generation: goods_input_communication_services_add +0.5/generation, goods_input_electricity_add +0.5/generation, goods_input_industrial_robots_add +0.5/generation, goods_input_software_add +0.5/generation. Non-goods effects and employment follow stat_rule AUTO-MANUFACTURING; productivity bonuses target exact output goods only."
pm_modern_automation_18_building_machinery_manufacturing,Programmable-Matter Automation,tech_manufacturing_18,18,pmg_machinery_automation_manufacturing,tech_manufacturing,Automation,AUTO-MANUFACTURING,"V3 source-driven input rule: continue the direct goods-input cadence from the latest three live PMs (pm_automation_8_building_machinery_manufacturing, pm_automation_9_building_machinery_manufacturing, pm_automation_10_building_machinery_manufacturing) using one constant absolute step per generation: goods_input_communication_services_add +0.5/generation, goods_input_electricity_add +0.5/generation, goods_input_engines_add +0.5/generation, goods_input_software_add +0.5/generation. Non-goods effects and employment follow stat_rule AUTO-MANUFACTURING; productivity bonuses target exact output goods only."
pm_modern_automation_18_building_manufacturing_unskilled,Programmable-Matter Automation,tech_manufacturing_18,18,pmg_automation_manufacturing_unskilled,tech_manufacturing,Automation,AUTO-MANUFACTURING,"V3 source-driven input rule: continue the direct goods-input cadence from the latest three live PMs (pm_automation_8_building_manufacturing_unskilled, pm_automation_9_building_manufacturing_unskilled, pm_automation_10_building_manufacturing_unskilled) using one constant absolute step per generation: goods_input_communication_services_add +0.5/generation, goods_input_electricity_add +0.5/generation, goods_input_industrial_robots_add +0.5/generation, goods_input_software_add +0.5/generation. Non-goods effects and employment follow stat_rule AUTO-MANUFACTURING; productivity bonuses target exact output goods only."
pm_modern_automation_19_building_manufacturing,Distributed Megafabrication Automation,tech_manufacturing_19,19,pmg_automation_manufacturing,tech_manufacturing,Automation,AUTO-MANUFACTURING,"V3 source-driven input rule: continue the direct goods-input cadence from the latest three live PMs (pm_automation_8_building_manufacturing, pm_automation_9_building_manufacturing, pm_automation_10_building_manufacturing) using one constant absolute step per generation: goods_input_communication_services_add +0.5/generation, goods_input_electricity_add +0.5/generation, goods_input_industrial_robots_add +0.5/generation, goods_input_software_add +0.5/generation. Non-goods effects and employment follow stat_rule AUTO-MANUFACTURING; productivity bonuses target exact output goods only."
pm_modern_automation_19_building_machinery_manufacturing,Distributed Megafabrication Automation,tech_manufacturing_19,19,pmg_machinery_automation_manufacturing,tech_manufacturing,Automation,AUTO-MANUFACTURING,"V3 source-driven input rule: continue the direct goods-input cadence from the latest three live PMs (pm_automation_8_building_machinery_manufacturing, pm_automation_9_building_machinery_manufacturing, pm_automation_10_building_machinery_manufacturing) using one constant absolute step per generation: goods_input_communication_services_add +0.5/generation, goods_input_electricity_add +0.5/generation, goods_input_engines_add +0.5/generation, goods_input_software_add +0.5/generation. Non-goods effects and employment follow stat_rule AUTO-MANUFACTURING; productivity bonuses target exact output goods only."
pm_modern_automation_19_building_manufacturing_unskilled,Distributed Megafabrication Automation,tech_manufacturing_19,19,pmg_automation_manufacturing_unskilled,tech_manufacturing,Automation,AUTO-MANUFACTURING,"V3 source-driven input rule: continue the direct goods-input cadence from the latest three live PMs (pm_automation_8_building_manufacturing_unskilled, pm_automation_9_building_manufacturing_unskilled, pm_automation_10_building_manufacturing_unskilled) using one constant absolute step per generation: goods_input_communication_services_add +0.5/generation, goods_input_electricity_add +0.5/generation, goods_input_industrial_robots_add +0.5/generation, goods_input_software_add +0.5/generation. Non-goods effects and employment follow stat_rule AUTO-MANUFACTURING; productivity bonuses target exact output goods only."
pm_modern_automation_20_building_manufacturing,Universal Fabrication Automation,tech_manufacturing_20,20,pmg_automation_manufacturing,tech_manufacturing,Automation,AUTO-MANUFACTURING,"V3 source-driven input rule: continue the direct goods-input cadence from the latest three live PMs (pm_automation_8_building_manufacturing, pm_automation_9_building_manufacturing, pm_automation_10_building_manufacturing) using one constant absolute step per generation: goods_input_communication_services_add +0.5/generation, goods_input_electricity_add +0.5/generation, goods_input_industrial_robots_add +0.5/generation, goods_input_software_add +0.5/generation. Non-goods effects and employment follow stat_rule AUTO-MANUFACTURING; productivity bonuses target exact output goods only."
pm_modern_automation_20_building_machinery_manufacturing,Universal Fabrication Automation,tech_manufacturing_20,20,pmg_machinery_automation_manufacturing,tech_manufacturing,Automation,AUTO-MANUFACTURING,"V3 source-driven input rule: continue the direct goods-input cadence from the latest three live PMs (pm_automation_8_building_machinery_manufacturing, pm_automation_9_building_machinery_manufacturing, pm_automation_10_building_machinery_manufacturing) using one constant absolute step per generation: goods_input_communication_services_add +0.5/generation, goods_input_electricity_add +0.5/generation, goods_input_engines_add +0.5/generation, goods_input_software_add +0.5/generation. Non-goods effects and employment follow stat_rule AUTO-MANUFACTURING; productivity bonuses target exact output goods only."
pm_modern_automation_20_building_manufacturing_unskilled,Universal Fabrication Automation,tech_manufacturing_20,20,pmg_automation_manufacturing_unskilled,tech_manufacturing,Automation,AUTO-MANUFACTURING,"V3 source-driven input rule: continue the direct goods-input cadence from the latest three live PMs (pm_automation_8_building_manufacturing_unskilled, pm_automation_9_building_manufacturing_unskilled, pm_automation_10_building_manufacturing_unskilled) using one constant absolute step per generation: goods_input_communication_services_add +0.5/generation, goods_input_electricity_add +0.5/generation, goods_input_industrial_robots_add +0.5/generation, goods_input_software_add +0.5/generation. Non-goods effects and employment follow stat_rule AUTO-MANUFACTURING; productivity bonuses target exact output goods only."
pm_modern_organisation_11_building_agriculture,Autonomous Logistics Organization,tech_land_infrastructure_11,11,pmg_organisation_agriculture,tech_land_infrastructure,Organisation,ORG-LAND,"V3 source-driven input rule: continue the direct goods-input cadence from the latest three live PMs (pm_organisation_8_building_agriculture, pm_organisation_9_building_agriculture, pm_organisation_10_building_agriculture) using one constant absolute step per generation: goods_input_corporate_services_add +0.5/generation, goods_input_transportation_add +1/generation. Non-goods effects and employment follow stat_rule ORG-LAND; productivity bonuses target exact output goods only."
pm_modern_organisation_11_building_logging,Autonomous Logistics Organization,tech_land_infrastructure_11,11,pmg_organisation_logging,tech_land_infrastructure,Organisation,ORG-LAND,"V3 source-driven input rule: continue the direct goods-input cadence from the latest three live PMs (pm_organisation_8_building_logging, pm_organisation_9_building_logging, pm_organisation_10_building_logging) using one constant absolute step per generation: goods_input_corporate_services_add +0.5/generation, goods_input_transportation_add +1/generation. Non-goods effects and employment follow stat_rule ORG-LAND; productivity bonuses target exact output goods only."
pm_modern_organisation_11_building_mining,Autonomous Logistics Organization,tech_land_infrastructure_11,11,pmg_organisation_mining,tech_land_infrastructure,Organisation,ORG-LAND,"V3 source-driven input rule: continue the direct goods-input cadence from the latest three live PMs (pm_organisation_8_building_mining, pm_organisation_9_building_mining, pm_organisation_10_building_mining) using one constant absolute step per generation: goods_input_corporate_services_add +0.5/generation, goods_input_transportation_add +1/generation. Non-goods effects and employment follow stat_rule ORG-LAND; productivity bonuses target exact output goods only."
pm_modern_organisation_11_building_mining_oil,Autonomous Logistics Organization,tech_land_infrastructure_11,11,pmg_organisation_mining_oil,tech_land_infrastructure,Organisation,ORG-LAND,"V3 source-driven input rule: continue the direct goods-input cadence from the latest three live PMs (pm_organisation_8_building_mining_oil, pm_organisation_9_building_mining_oil, pm_organisation_10_building_mining_oil) using one constant absolute step per generation: goods_input_corporate_services_add +0.5/generation, goods_input_transportation_add +1/generation. Non-goods effects and employment follow stat_rule ORG-LAND; productivity bonuses target exact output goods only."
pm_modern_organisation_11_building_manufacturing,Autonomous Logistics Organization,tech_land_infrastructure_11,11,pmg_organisation_manufacturing,tech_land_infrastructure,Organisation,ORG-LAND,"V3 source-driven input rule: continue the direct goods-input cadence from the latest three live PMs (pm_organisation_8_building_manufacturing, pm_organisation_9_building_manufacturing, pm_organisation_10_building_manufacturing) using one constant absolute step per generation: goods_input_corporate_services_add +0.5/generation, goods_input_transportation_add +0.5/generation. Non-goods effects and employment follow stat_rule ORG-LAND; productivity bonuses target exact output goods only."
pm_modern_organisation_11_building_manufacturing_unskilled,Autonomous Logistics Organization,tech_land_infrastructure_11,11,pmg_organisation_manufacturing_unskilled,tech_land_infrastructure,Organisation,ORG-LAND,"V3 source-driven input rule: continue the direct goods-input cadence from the latest three live PMs (pm_organisation_8_building_manufacturing_unskilled, pm_organisation_9_building_manufacturing_unskilled, pm_organisation_10_building_manufacturing_unskilled) using one constant absolute step per generation: goods_input_corporate_services_add +0.5/generation, goods_input_transportation_add +0.5/generation. Non-goods effects and employment follow stat_rule ORG-LAND; productivity bonuses target exact output goods only."
pm_modern_organisation_12_building_agriculture,Maglev Logistics Organization,tech_land_infrastructure_12,12,pmg_organisation_agriculture,tech_land_infrastructure,Organisation,ORG-LAND,"V3 source-driven input rule: continue the direct goods-input cadence from the latest three live PMs (pm_organisation_8_building_agriculture, pm_organisation_9_building_agriculture, pm_organisation_10_building_agriculture) using one constant absolute step per generation: goods_input_corporate_services_add +0.5/generation, goods_input_transportation_add +1/generation. Non-goods effects and employment follow stat_rule ORG-LAND; productivity bonuses target exact output goods only."
pm_modern_organisation_12_building_logging,Maglev Logistics Organization,tech_land_infrastructure_12,12,pmg_organisation_logging,tech_land_infrastructure,Organisation,ORG-LAND,"V3 source-driven input rule: continue the direct goods-input cadence from the latest three live PMs (pm_organisation_8_building_logging, pm_organisation_9_building_logging, pm_organisation_10_building_logging) using one constant absolute step per generation: goods_input_corporate_services_add +0.5/generation, goods_input_transportation_add +1/generation. Non-goods effects and employment follow stat_rule ORG-LAND; productivity bonuses target exact output goods only."
pm_modern_organisation_12_building_mining,Maglev Logistics Organization,tech_land_infrastructure_12,12,pmg_organisation_mining,tech_land_infrastructure,Organisation,ORG-LAND,"V3 source-driven input rule: continue the direct goods-input cadence from the latest three live PMs (pm_organisation_8_building_mining, pm_organisation_9_building_mining, pm_organisation_10_building_mining) using one constant absolute step per generation: goods_input_corporate_services_add +0.5/generation, goods_input_transportation_add +1/generation. Non-goods effects and employment follow stat_rule ORG-LAND; productivity bonuses target exact output goods only."
pm_modern_organisation_12_building_mining_oil,Maglev Logistics Organization,tech_land_infrastructure_12,12,pmg_organisation_mining_oil,tech_land_infrastructure,Organisation,ORG-LAND,"V3 source-driven input rule: continue the direct goods-input cadence from the latest three live PMs (pm_organisation_8_building_mining_oil, pm_organisation_9_building_mining_oil, pm_organisation_10_building_mining_oil) using one constant absolute step per generation: goods_input_corporate_services_add +0.5/generation, goods_input_transportation_add +1/generation. Non-goods effects and employment follow stat_rule ORG-LAND; productivity bonuses target exact output goods only."
pm_modern_organisation_12_building_manufacturing,Maglev Logistics Organization,tech_land_infrastructure_12,12,pmg_organisation_manufacturing,tech_land_infrastructure,Organisation,ORG-LAND,"V3 source-driven input rule: continue the direct goods-input cadence from the latest three live PMs (pm_organisation_8_building_manufacturing, pm_organisation_9_building_manufacturing, pm_organisation_10_building_manufacturing) using one constant absolute step per generation: goods_input_corporate_services_add +0.5/generation, goods_input_transportation_add +0.5/generation. Non-goods effects and employment follow stat_rule ORG-LAND; productivity bonuses target exact output goods only."
pm_modern_organisation_12_building_manufacturing_unskilled,Maglev Logistics Organization,tech_land_infrastructure_12,12,pmg_organisation_manufacturing_unskilled,tech_land_infrastructure,Organisation,ORG-LAND,"V3 source-driven input rule: continue the direct goods-input cadence from the latest three live PMs (pm_organisation_8_building_manufacturing_unskilled, pm_organisation_9_building_manufacturing_unskilled, pm_organisation_10_building_manufacturing_unskilled) using one constant absolute step per generation: goods_input_corporate_services_add +0.5/generation, goods_input_transportation_add +0.5/generation. Non-goods effects and employment follow stat_rule ORG-LAND; productivity bonuses target exact output goods only."
pm_modern_organisation_13_building_agriculture,Dynamic Infrastructure Organization,tech_land_infrastructure_13,13,pmg_organisation_agriculture,tech_land_infrastructure,Organisation,ORG-LAND,"V3 source-driven input rule: continue the direct goods-input cadence from the latest three live PMs (pm_organisation_8_building_agriculture, pm_organisation_9_building_agriculture, pm_organisation_10_building_agriculture) using one constant absolute step per generation: goods_input_corporate_services_add +0.5/generation, goods_input_transportation_add +1/generation. Non-goods effects and employment follow stat_rule ORG-LAND; productivity bonuses target exact output goods only."
pm_modern_organisation_13_building_logging,Dynamic Infrastructure Organization,tech_land_infrastructure_13,13,pmg_organisation_logging,tech_land_infrastructure,Organisation,ORG-LAND,"V3 source-driven input rule: continue the direct goods-input cadence from the latest three live PMs (pm_organisation_8_building_logging, pm_organisation_9_building_logging, pm_organisation_10_building_logging) using one constant absolute step per generation: goods_input_corporate_services_add +0.5/generation, goods_input_transportation_add +1/generation. Non-goods effects and employment follow stat_rule ORG-LAND; productivity bonuses target exact output goods only."
pm_modern_organisation_13_building_mining,Dynamic Infrastructure Organization,tech_land_infrastructure_13,13,pmg_organisation_mining,tech_land_infrastructure,Organisation,ORG-LAND,"V3 source-driven input rule: continue the direct goods-input cadence from the latest three live PMs (pm_organisation_8_building_mining, pm_organisation_9_building_mining, pm_organisation_10_building_mining) using one constant absolute step per generation: goods_input_corporate_services_add +0.5/generation, goods_input_transportation_add +1/generation. Non-goods effects and employment follow stat_rule ORG-LAND; productivity bonuses target exact output goods only."
pm_modern_organisation_13_building_mining_oil,Dynamic Infrastructure Organization,tech_land_infrastructure_13,13,pmg_organisation_mining_oil,tech_land_infrastructure,Organisation,ORG-LAND,"V3 source-driven input rule: continue the direct goods-input cadence from the latest three live PMs (pm_organisation_8_building_mining_oil, pm_organisation_9_building_mining_oil, pm_organisation_10_building_mining_oil) using one constant absolute step per generation: goods_input_corporate_services_add +0.5/generation, goods_input_transportation_add +1/generation. Non-goods effects and employment follow stat_rule ORG-LAND; productivity bonuses target exact output goods only."
pm_modern_organisation_13_building_manufacturing,Dynamic Infrastructure Organization,tech_land_infrastructure_13,13,pmg_organisation_manufacturing,tech_land_infrastructure,Organisation,ORG-LAND,"V3 source-driven input rule: continue the direct goods-input cadence from the latest three live PMs (pm_organisation_8_building_manufacturing, pm_organisation_9_building_manufacturing, pm_organisation_10_building_manufacturing) using one constant absolute step per generation: goods_input_corporate_services_add +0.5/generation, goods_input_transportation_add +0.5/generation. Non-goods effects and employment follow stat_rule ORG-LAND; productivity bonuses target exact output goods only."
pm_modern_organisation_13_building_manufacturing_unskilled,Dynamic Infrastructure Organization,tech_land_infrastructure_13,13,pmg_organisation_manufacturing_unskilled,tech_land_infrastructure,Organisation,ORG-LAND,"V3 source-driven input rule: continue the direct goods-input cadence from the latest three live PMs (pm_organisation_8_building_manufacturing_unskilled, pm_organisation_9_building_manufacturing_unskilled, pm_organisation_10_building_manufacturing_unskilled) using one constant absolute step per generation: goods_input_corporate_services_add +0.5/generation, goods_input_transportation_add +0.5/generation. Non-goods effects and employment follow stat_rule ORG-LAND; productivity bonuses target exact output goods only."
pm_modern_organisation_14_building_agriculture,Vacuum-Transit Organization,tech_land_infrastructure_14,14,pmg_organisation_agriculture,tech_land_infrastructure,Organisation,ORG-LAND,"V3 source-driven input rule: continue the direct goods-input cadence from the latest three live PMs (pm_organisation_8_building_agriculture, pm_organisation_9_building_agriculture, pm_organisation_10_building_agriculture) using one constant absolute step per generation: goods_input_corporate_services_add +0.5/generation, goods_input_transportation_add +1/generation. Non-goods effects and employment follow stat_rule ORG-LAND; productivity bonuses target exact output goods only."
pm_modern_organisation_14_building_logging,Vacuum-Transit Organization,tech_land_infrastructure_14,14,pmg_organisation_logging,tech_land_infrastructure,Organisation,ORG-LAND,"V3 source-driven input rule: continue the direct goods-input cadence from the latest three live PMs (pm_organisation_8_building_logging, pm_organisation_9_building_logging, pm_organisation_10_building_logging) using one constant absolute step per generation: goods_input_corporate_services_add +0.5/generation, goods_input_transportation_add +1/generation. Non-goods effects and employment follow stat_rule ORG-LAND; productivity bonuses target exact output goods only."
pm_modern_organisation_14_building_mining,Vacuum-Transit Organization,tech_land_infrastructure_14,14,pmg_organisation_mining,tech_land_infrastructure,Organisation,ORG-LAND,"V3 source-driven input rule: continue the direct goods-input cadence from the latest three live PMs (pm_organisation_8_building_mining, pm_organisation_9_building_mining, pm_organisation_10_building_mining) using one constant absolute step per generation: goods_input_corporate_services_add +0.5/generation, goods_input_transportation_add +1/generation. Non-goods effects and employment follow stat_rule ORG-LAND; productivity bonuses target exact output goods only."
pm_modern_organisation_14_building_mining_oil,Vacuum-Transit Organization,tech_land_infrastructure_14,14,pmg_organisation_mining_oil,tech_land_infrastructure,Organisation,ORG-LAND,"V3 source-driven input rule: continue the direct goods-input cadence from the latest three live PMs (pm_organisation_8_building_mining_oil, pm_organisation_9_building_mining_oil, pm_organisation_10_building_mining_oil) using one constant absolute step per generation: goods_input_corporate_services_add +0.5/generation, goods_input_transportation_add +1/generation. Non-goods effects and employment follow stat_rule ORG-LAND; productivity bonuses target exact output goods only."
pm_modern_organisation_14_building_manufacturing,Vacuum-Transit Organization,tech_land_infrastructure_14,14,pmg_organisation_manufacturing,tech_land_infrastructure,Organisation,ORG-LAND,"V3 source-driven input rule: continue the direct goods-input cadence from the latest three live PMs (pm_organisation_8_building_manufacturing, pm_organisation_9_building_manufacturing, pm_organisation_10_building_manufacturing) using one constant absolute step per generation: goods_input_corporate_services_add +0.5/generation, goods_input_transportation_add +0.5/generation. Non-goods effects and employment follow stat_rule ORG-LAND; productivity bonuses target exact output goods only."
pm_modern_organisation_14_building_manufacturing_unskilled,Vacuum-Transit Organization,tech_land_infrastructure_14,14,pmg_organisation_manufacturing_unskilled,tech_land_infrastructure,Organisation,ORG-LAND,"V3 source-driven input rule: continue the direct goods-input cadence from the latest three live PMs (pm_organisation_8_building_manufacturing_unskilled, pm_organisation_9_building_manufacturing_unskilled, pm_organisation_10_building_manufacturing_unskilled) using one constant absolute step per generation: goods_input_corporate_services_add +0.5/generation, goods_input_transportation_add +0.5/generation. Non-goods effects and employment follow stat_rule ORG-LAND; productivity bonuses target exact output goods only."
pm_modern_organisation_15_building_agriculture,Planetary Logistics Organization,tech_land_infrastructure_15,15,pmg_organisation_agriculture,tech_land_infrastructure,Organisation,ORG-LAND,"V3 source-driven input rule: continue the direct goods-input cadence from the latest three live PMs (pm_organisation_8_building_agriculture, pm_organisation_9_building_agriculture, pm_organisation_10_building_agriculture) using one constant absolute step per generation: goods_input_corporate_services_add +0.5/generation, goods_input_transportation_add +1/generation. Non-goods effects and employment follow stat_rule ORG-LAND; productivity bonuses target exact output goods only."
pm_modern_organisation_15_building_logging,Planetary Logistics Organization,tech_land_infrastructure_15,15,pmg_organisation_logging,tech_land_infrastructure,Organisation,ORG-LAND,"V3 source-driven input rule: continue the direct goods-input cadence from the latest three live PMs (pm_organisation_8_building_logging, pm_organisation_9_building_logging, pm_organisation_10_building_logging) using one constant absolute step per generation: goods_input_corporate_services_add +0.5/generation, goods_input_transportation_add +1/generation. Non-goods effects and employment follow stat_rule ORG-LAND; productivity bonuses target exact output goods only."
pm_modern_organisation_15_building_mining,Planetary Logistics Organization,tech_land_infrastructure_15,15,pmg_organisation_mining,tech_land_infrastructure,Organisation,ORG-LAND,"V3 source-driven input rule: continue the direct goods-input cadence from the latest three live PMs (pm_organisation_8_building_mining, pm_organisation_9_building_mining, pm_organisation_10_building_mining) using one constant absolute step per generation: goods_input_corporate_services_add +0.5/generation, goods_input_transportation_add +1/generation. Non-goods effects and employment follow stat_rule ORG-LAND; productivity bonuses target exact output goods only."
pm_modern_organisation_15_building_mining_oil,Planetary Logistics Organization,tech_land_infrastructure_15,15,pmg_organisation_mining_oil,tech_land_infrastructure,Organisation,ORG-LAND,"V3 source-driven input rule: continue the direct goods-input cadence from the latest three live PMs (pm_organisation_8_building_mining_oil, pm_organisation_9_building_mining_oil, pm_organisation_10_building_mining_oil) using one constant absolute step per generation: goods_input_corporate_services_add +0.5/generation, goods_input_transportation_add +1/generation. Non-goods effects and employment follow stat_rule ORG-LAND; productivity bonuses target exact output goods only."
pm_modern_organisation_15_building_manufacturing,Planetary Logistics Organization,tech_land_infrastructure_15,15,pmg_organisation_manufacturing,tech_land_infrastructure,Organisation,ORG-LAND,"V3 source-driven input rule: continue the direct goods-input cadence from the latest three live PMs (pm_organisation_8_building_manufacturing, pm_organisation_9_building_manufacturing, pm_organisation_10_building_manufacturing) using one constant absolute step per generation: goods_input_corporate_services_add +0.5/generation, goods_input_transportation_add +0.5/generation. Non-goods effects and employment follow stat_rule ORG-LAND; productivity bonuses target exact output goods only."
pm_modern_organisation_15_building_manufacturing_unskilled,Planetary Logistics Organization,tech_land_infrastructure_15,15,pmg_organisation_manufacturing_unskilled,tech_land_infrastructure,Organisation,ORG-LAND,"V3 source-driven input rule: continue the direct goods-input cadence from the latest three live PMs (pm_organisation_8_building_manufacturing_unskilled, pm_organisation_9_building_manufacturing_unskilled, pm_organisation_10_building_manufacturing_unskilled) using one constant absolute step per generation: goods_input_corporate_services_add +0.5/generation, goods_input_transportation_add +0.5/generation. Non-goods effects and employment follow stat_rule ORG-LAND; productivity bonuses target exact output goods only."
pm_modern_organisation_16_building_agriculture,Self-Repairing Infrastructure Organization,tech_land_infrastructure_16,16,pmg_organisation_agriculture,tech_land_infrastructure,Organisation,ORG-LAND,"V3 source-driven input rule: continue the direct goods-input cadence from the latest three live PMs (pm_organisation_8_building_agriculture, pm_organisation_9_building_agriculture, pm_organisation_10_building_agriculture) using one constant absolute step per generation: goods_input_corporate_services_add +0.5/generation, goods_input_transportation_add +1/generation. Non-goods effects and employment follow stat_rule ORG-LAND; productivity bonuses target exact output goods only."
pm_modern_organisation_16_building_logging,Self-Repairing Infrastructure Organization,tech_land_infrastructure_16,16,pmg_organisation_logging,tech_land_infrastructure,Organisation,ORG-LAND,"V3 source-driven input rule: continue the direct goods-input cadence from the latest three live PMs (pm_organisation_8_building_logging, pm_organisation_9_building_logging, pm_organisation_10_building_logging) using one constant absolute step per generation: goods_input_corporate_services_add +0.5/generation, goods_input_transportation_add +1/generation. Non-goods effects and employment follow stat_rule ORG-LAND; productivity bonuses target exact output goods only."
pm_modern_organisation_16_building_mining,Self-Repairing Infrastructure Organization,tech_land_infrastructure_16,16,pmg_organisation_mining,tech_land_infrastructure,Organisation,ORG-LAND,"V3 source-driven input rule: continue the direct goods-input cadence from the latest three live PMs (pm_organisation_8_building_mining, pm_organisation_9_building_mining, pm_organisation_10_building_mining) using one constant absolute step per generation: goods_input_corporate_services_add +0.5/generation, goods_input_transportation_add +1/generation. Non-goods effects and employment follow stat_rule ORG-LAND; productivity bonuses target exact output goods only."
pm_modern_organisation_16_building_mining_oil,Self-Repairing Infrastructure Organization,tech_land_infrastructure_16,16,pmg_organisation_mining_oil,tech_land_infrastructure,Organisation,ORG-LAND,"V3 source-driven input rule: continue the direct goods-input cadence from the latest three live PMs (pm_organisation_8_building_mining_oil, pm_organisation_9_building_mining_oil, pm_organisation_10_building_mining_oil) using one constant absolute step per generation: goods_input_corporate_services_add +0.5/generation, goods_input_transportation_add +1/generation. Non-goods effects and employment follow stat_rule ORG-LAND; productivity bonuses target exact output goods only."
pm_modern_organisation_16_building_manufacturing,Self-Repairing Infrastructure Organization,tech_land_infrastructure_16,16,pmg_organisation_manufacturing,tech_land_infrastructure,Organisation,ORG-LAND,"V3 source-driven input rule: continue the direct goods-input cadence from the latest three live PMs (pm_organisation_8_building_manufacturing, pm_organisation_9_building_manufacturing, pm_organisation_10_building_manufacturing) using one constant absolute step per generation: goods_input_corporate_services_add +0.5/generation, goods_input_transportation_add +0.5/generation. Non-goods effects and employment follow stat_rule ORG-LAND; productivity bonuses target exact output goods only."
pm_modern_organisation_16_building_manufacturing_unskilled,Self-Repairing Infrastructure Organization,tech_land_infrastructure_16,16,pmg_organisation_manufacturing_unskilled,tech_land_infrastructure,Organisation,ORG-LAND,"V3 source-driven input rule: continue the direct goods-input cadence from the latest three live PMs (pm_organisation_8_building_manufacturing_unskilled, pm_organisation_9_building_manufacturing_unskilled, pm_organisation_10_building_manufacturing_unskilled) using one constant absolute step per generation: goods_input_corporate_services_add +0.5/generation, goods_input_transportation_add +0.5/generation. Non-goods effects and employment follow stat_rule ORG-LAND; productivity bonuses target exact output goods only."
pm_modern_organisation_17_building_agriculture,AI-Orchestrated Organization,tech_land_infrastructure_17,17,pmg_organisation_agriculture,tech_land_infrastructure,Organisation,ORG-LAND,"V3 source-driven input rule: continue the direct goods-input cadence from the latest three live PMs (pm_organisation_8_building_agriculture, pm_organisation_9_building_agriculture, pm_organisation_10_building_agriculture) using one constant absolute step per generation: goods_input_corporate_services_add +0.5/generation, goods_input_transportation_add +1/generation. Non-goods effects and employment follow stat_rule ORG-LAND; productivity bonuses target exact output goods only."
pm_modern_organisation_17_building_logging,AI-Orchestrated Organization,tech_land_infrastructure_17,17,pmg_organisation_logging,tech_land_infrastructure,Organisation,ORG-LAND,"V3 source-driven input rule: continue the direct goods-input cadence from the latest three live PMs (pm_organisation_8_building_logging, pm_organisation_9_building_logging, pm_organisation_10_building_logging) using one constant absolute step per generation: goods_input_corporate_services_add +0.5/generation, goods_input_transportation_add +1/generation. Non-goods effects and employment follow stat_rule ORG-LAND; productivity bonuses target exact output goods only."
pm_modern_organisation_17_building_mining,AI-Orchestrated Organization,tech_land_infrastructure_17,17,pmg_organisation_mining,tech_land_infrastructure,Organisation,ORG-LAND,"V3 source-driven input rule: continue the direct goods-input cadence from the latest three live PMs (pm_organisation_8_building_mining, pm_organisation_9_building_mining, pm_organisation_10_building_mining) using one constant absolute step per generation: goods_input_corporate_services_add +0.5/generation, goods_input_transportation_add +1/generation. Non-goods effects and employment follow stat_rule ORG-LAND; productivity bonuses target exact output goods only."
pm_modern_organisation_17_building_mining_oil,AI-Orchestrated Organization,tech_land_infrastructure_17,17,pmg_organisation_mining_oil,tech_land_infrastructure,Organisation,ORG-LAND,"V3 source-driven input rule: continue the direct goods-input cadence from the latest three live PMs (pm_organisation_8_building_mining_oil, pm_organisation_9_building_mining_oil, pm_organisation_10_building_mining_oil) using one constant absolute step per generation: goods_input_corporate_services_add +0.5/generation, goods_input_transportation_add +1/generation. Non-goods effects and employment follow stat_rule ORG-LAND; productivity bonuses target exact output goods only."
pm_modern_organisation_17_building_manufacturing,AI-Orchestrated Organization,tech_land_infrastructure_17,17,pmg_organisation_manufacturing,tech_land_infrastructure,Organisation,ORG-LAND,"V3 source-driven input rule: continue the direct goods-input cadence from the latest three live PMs (pm_organisation_8_building_manufacturing, pm_organisation_9_building_manufacturing, pm_organisation_10_building_manufacturing) using one constant absolute step per generation: goods_input_corporate_services_add +0.5/generation, goods_input_transportation_add +0.5/generation. Non-goods effects and employment follow stat_rule ORG-LAND; productivity bonuses target exact output goods only."
pm_modern_organisation_17_building_manufacturing_unskilled,AI-Orchestrated Organization,tech_land_infrastructure_17,17,pmg_organisation_manufacturing_unskilled,tech_land_infrastructure,Organisation,ORG-LAND,"V3 source-driven input rule: continue the direct goods-input cadence from the latest three live PMs (pm_organisation_8_building_manufacturing_unskilled, pm_organisation_9_building_manufacturing_unskilled, pm_organisation_10_building_manufacturing_unskilled) using one constant absolute step per generation: goods_input_corporate_services_add +0.5/generation, goods_input_transportation_add +0.5/generation. Non-goods effects and employment follow stat_rule ORG-LAND; productivity bonuses target exact output goods only."
pm_modern_organisation_18_building_agriculture,Continental Transit Organization,tech_land_infrastructure_18,18,pmg_organisation_agriculture,tech_land_infrastructure,Organisation,ORG-LAND,"V3 source-driven input rule: continue the direct goods-input cadence from the latest three live PMs (pm_organisation_8_building_agriculture, pm_organisation_9_building_agriculture, pm_organisation_10_building_agriculture) using one constant absolute step per generation: goods_input_corporate_services_add +0.5/generation, goods_input_transportation_add +1/generation. Non-goods effects and employment follow stat_rule ORG-LAND; productivity bonuses target exact output goods only."
pm_modern_organisation_18_building_logging,Continental Transit Organization,tech_land_infrastructure_18,18,pmg_organisation_logging,tech_land_infrastructure,Organisation,ORG-LAND,"V3 source-driven input rule: continue the direct goods-input cadence from the latest three live PMs (pm_organisation_8_building_logging, pm_organisation_9_building_logging, pm_organisation_10_building_logging) using one constant absolute step per generation: goods_input_corporate_services_add +0.5/generation, goods_input_transportation_add +1/generation. Non-goods effects and employment follow stat_rule ORG-LAND; productivity bonuses target exact output goods only."
pm_modern_organisation_18_building_mining,Continental Transit Organization,tech_land_infrastructure_18,18,pmg_organisation_mining,tech_land_infrastructure,Organisation,ORG-LAND,"V3 source-driven input rule: continue the direct goods-input cadence from the latest three live PMs (pm_organisation_8_building_mining, pm_organisation_9_building_mining, pm_organisation_10_building_mining) using one constant absolute step per generation: goods_input_corporate_services_add +0.5/generation, goods_input_transportation_add +1/generation. Non-goods effects and employment follow stat_rule ORG-LAND; productivity bonuses target exact output goods only."
pm_modern_organisation_18_building_mining_oil,Continental Transit Organization,tech_land_infrastructure_18,18,pmg_organisation_mining_oil,tech_land_infrastructure,Organisation,ORG-LAND,"V3 source-driven input rule: continue the direct goods-input cadence from the latest three live PMs (pm_organisation_8_building_mining_oil, pm_organisation_9_building_mining_oil, pm_organisation_10_building_mining_oil) using one constant absolute step per generation: goods_input_corporate_services_add +0.5/generation, goods_input_transportation_add +1/generation. Non-goods effects and employment follow stat_rule ORG-LAND; productivity bonuses target exact output goods only."
pm_modern_organisation_18_building_manufacturing,Continental Transit Organization,tech_land_infrastructure_18,18,pmg_organisation_manufacturing,tech_land_infrastructure,Organisation,ORG-LAND,"V3 source-driven input rule: continue the direct goods-input cadence from the latest three live PMs (pm_organisation_8_building_manufacturing, pm_organisation_9_building_manufacturing, pm_organisation_10_building_manufacturing) using one constant absolute step per generation: goods_input_corporate_services_add +0.5/generation, goods_input_transportation_add +0.5/generation. Non-goods effects and employment follow stat_rule ORG-LAND; productivity bonuses target exact output goods only."
pm_modern_organisation_18_building_manufacturing_unskilled,Continental Transit Organization,tech_land_infrastructure_18,18,pmg_organisation_manufacturing_unskilled,tech_land_infrastructure,Organisation,ORG-LAND,"V3 source-driven input rule: continue the direct goods-input cadence from the latest three live PMs (pm_organisation_8_building_manufacturing_unskilled, pm_organisation_9_building_manufacturing_unskilled, pm_organisation_10_building_manufacturing_unskilled) using one constant absolute step per generation: goods_input_corporate_services_add +0.5/generation, goods_input_transportation_add +0.5/generation. Non-goods effects and employment follow stat_rule ORG-LAND; productivity bonuses target exact output goods only."
pm_modern_organisation_19_building_agriculture,Adaptive Megainfrastructure Organization,tech_land_infrastructure_19,19,pmg_organisation_agriculture,tech_land_infrastructure,Organisation,ORG-LAND,"V3 source-driven input rule: continue the direct goods-input cadence from the latest three live PMs (pm_organisation_8_building_agriculture, pm_organisation_9_building_agriculture, pm_organisation_10_building_agriculture) using one constant absolute step per generation: goods_input_corporate_services_add +0.5/generation, goods_input_transportation_add +1/generation. Non-goods effects and employment follow stat_rule ORG-LAND; productivity bonuses target exact output goods only."
pm_modern_organisation_19_building_logging,Adaptive Megainfrastructure Organization,tech_land_infrastructure_19,19,pmg_organisation_logging,tech_land_infrastructure,Organisation,ORG-LAND,"V3 source-driven input rule: continue the direct goods-input cadence from the latest three live PMs (pm_organisation_8_building_logging, pm_organisation_9_building_logging, pm_organisation_10_building_logging) using one constant absolute step per generation: goods_input_corporate_services_add +0.5/generation, goods_input_transportation_add +1/generation. Non-goods effects and employment follow stat_rule ORG-LAND; productivity bonuses target exact output goods only."
pm_modern_organisation_19_building_mining,Adaptive Megainfrastructure Organization,tech_land_infrastructure_19,19,pmg_organisation_mining,tech_land_infrastructure,Organisation,ORG-LAND,"V3 source-driven input rule: continue the direct goods-input cadence from the latest three live PMs (pm_organisation_8_building_mining, pm_organisation_9_building_mining, pm_organisation_10_building_mining) using one constant absolute step per generation: goods_input_corporate_services_add +0.5/generation, goods_input_transportation_add +1/generation. Non-goods effects and employment follow stat_rule ORG-LAND; productivity bonuses target exact output goods only."
pm_modern_organisation_19_building_mining_oil,Adaptive Megainfrastructure Organization,tech_land_infrastructure_19,19,pmg_organisation_mining_oil,tech_land_infrastructure,Organisation,ORG-LAND,"V3 source-driven input rule: continue the direct goods-input cadence from the latest three live PMs (pm_organisation_8_building_mining_oil, pm_organisation_9_building_mining_oil, pm_organisation_10_building_mining_oil) using one constant absolute step per generation: goods_input_corporate_services_add +0.5/generation, goods_input_transportation_add +1/generation. Non-goods effects and employment follow stat_rule ORG-LAND; productivity bonuses target exact output goods only."
pm_modern_organisation_19_building_manufacturing,Adaptive Megainfrastructure Organization,tech_land_infrastructure_19,19,pmg_organisation_manufacturing,tech_land_infrastructure,Organisation,ORG-LAND,"V3 source-driven input rule: continue the direct goods-input cadence from the latest three live PMs (pm_organisation_8_building_manufacturing, pm_organisation_9_building_manufacturing, pm_organisation_10_building_manufacturing) using one constant absolute step per generation: goods_input_corporate_services_add +0.5/generation, goods_input_transportation_add +0.5/generation. Non-goods effects and employment follow stat_rule ORG-LAND; productivity bonuses target exact output goods only."
pm_modern_organisation_19_building_manufacturing_unskilled,Adaptive Megainfrastructure Organization,tech_land_infrastructure_19,19,pmg_organisation_manufacturing_unskilled,tech_land_infrastructure,Organisation,ORG-LAND,"V3 source-driven input rule: continue the direct goods-input cadence from the latest three live PMs (pm_organisation_8_building_manufacturing_unskilled, pm_organisation_9_building_manufacturing_unskilled, pm_organisation_10_building_manufacturing_unskilled) using one constant absolute step per generation: goods_input_corporate_services_add +0.5/generation, goods_input_transportation_add +0.5/generation. Non-goods effects and employment follow stat_rule ORG-LAND; productivity bonuses target exact output goods only."
pm_modern_organisation_20_building_agriculture,Integrated Planetary Organization,tech_land_infrastructure_20,20,pmg_organisation_agriculture,tech_land_infrastructure,Organisation,ORG-LAND,"V3 source-driven input rule: continue the direct goods-input cadence from the latest three live PMs (pm_organisation_8_building_agriculture, pm_organisation_9_building_agriculture, pm_organisation_10_building_agriculture) using one constant absolute step per generation: goods_input_corporate_services_add +0.5/generation, goods_input_transportation_add +1/generation. Non-goods effects and employment follow stat_rule ORG-LAND; productivity bonuses target exact output goods only."
pm_modern_organisation_20_building_logging,Integrated Planetary Organization,tech_land_infrastructure_20,20,pmg_organisation_logging,tech_land_infrastructure,Organisation,ORG-LAND,"V3 source-driven input rule: continue the direct goods-input cadence from the latest three live PMs (pm_organisation_8_building_logging, pm_organisation_9_building_logging, pm_organisation_10_building_logging) using one constant absolute step per generation: goods_input_corporate_services_add +0.5/generation, goods_input_transportation_add +1/generation. Non-goods effects and employment follow stat_rule ORG-LAND; productivity bonuses target exact output goods only."
pm_modern_organisation_20_building_mining,Integrated Planetary Organization,tech_land_infrastructure_20,20,pmg_organisation_mining,tech_land_infrastructure,Organisation,ORG-LAND,"V3 source-driven input rule: continue the direct goods-input cadence from the latest three live PMs (pm_organisation_8_building_mining, pm_organisation_9_building_mining, pm_organisation_10_building_mining) using one constant absolute step per generation: goods_input_corporate_services_add +0.5/generation, goods_input_transportation_add +1/generation. Non-goods effects and employment follow stat_rule ORG-LAND; productivity bonuses target exact output goods only."
pm_modern_organisation_20_building_mining_oil,Integrated Planetary Organization,tech_land_infrastructure_20,20,pmg_organisation_mining_oil,tech_land_infrastructure,Organisation,ORG-LAND,"V3 source-driven input rule: continue the direct goods-input cadence from the latest three live PMs (pm_organisation_8_building_mining_oil, pm_organisation_9_building_mining_oil, pm_organisation_10_building_mining_oil) using one constant absolute step per generation: goods_input_corporate_services_add +0.5/generation, goods_input_transportation_add +1/generation. Non-goods effects and employment follow stat_rule ORG-LAND; productivity bonuses target exact output goods only."
pm_modern_organisation_20_building_manufacturing,Integrated Planetary Organization,tech_land_infrastructure_20,20,pmg_organisation_manufacturing,tech_land_infrastructure,Organisation,ORG-LAND,"V3 source-driven input rule: continue the direct goods-input cadence from the latest three live PMs (pm_organisation_8_building_manufacturing, pm_organisation_9_building_manufacturing, pm_organisation_10_building_manufacturing) using one constant absolute step per generation: goods_input_corporate_services_add +0.5/generation, goods_input_transportation_add +0.5/generation. Non-goods effects and employment follow stat_rule ORG-LAND; productivity bonuses target exact output goods only."
pm_modern_organisation_20_building_manufacturing_unskilled,Integrated Planetary Organization,tech_land_infrastructure_20,20,pmg_organisation_manufacturing_unskilled,tech_land_infrastructure,Organisation,ORG-LAND,"V3 source-driven input rule: continue the direct goods-input cadence from the latest three live PMs (pm_organisation_8_building_manufacturing_unskilled, pm_organisation_9_building_manufacturing_unskilled, pm_organisation_10_building_manufacturing_unskilled) using one constant absolute step per generation: goods_input_corporate_services_add +0.5/generation, goods_input_transportation_add +0.5/generation. Non-goods effects and employment follow stat_rule ORG-LAND; productivity bonuses target exact output goods only."
pm_modern_organisation_11_building_services,Cognitive Office Organization,tech_services_11,11,pmg_organisation_services,tech_services,Organisation,ORG-SERVICE-CONVERT,V3 service-organization rule: this PMG has no direct goods input/output cadence to extrapolate. Employment professionalization follows ORG-SERVICE-CONVERT; any productivity premium targets the exact service good(s) produced by the host building's active Goods PMG(s).
pm_modern_organisation_11_building_services_shopkeepers,Cognitive Office Organization,tech_services_11,11,pmg_organisation_services_shopkeepers,tech_services,Organisation,ORG-SERVICE-CONVERT,V3 service-organization rule: this PMG has no direct goods input/output cadence to extrapolate. Employment professionalization follows ORG-SERVICE-CONVERT; any productivity premium targets the exact service good(s) produced by the host building's active Goods PMG(s).
pm_modern_organisation_11_building_services_professionals,Cognitive Office Organization,tech_services_11,11,pmg_organisation_services_professionals,tech_services,Organisation,ORG-SERVICE-MIDDLE,V3 service-organization rule: this PMG has no direct goods input/output cadence to extrapolate. Employment professionalization follows ORG-SERVICE-MIDDLE; any productivity premium targets the exact service good(s) produced by the host building's active Goods PMG(s).
pm_modern_organisation_12_building_services,Autonomous Professional Organization,tech_services_12,12,pmg_organisation_services,tech_services,Organisation,ORG-SERVICE-CONVERT,V3 service-organization rule: this PMG has no direct goods input/output cadence to extrapolate. Employment professionalization follows ORG-SERVICE-CONVERT; any productivity premium targets the exact service good(s) produced by the host building's active Goods PMG(s).
pm_modern_organisation_12_building_services_shopkeepers,Autonomous Professional Organization,tech_services_12,12,pmg_organisation_services_shopkeepers,tech_services,Organisation,ORG-SERVICE-CONVERT,V3 service-organization rule: this PMG has no direct goods input/output cadence to extrapolate. Employment professionalization follows ORG-SERVICE-CONVERT; any productivity premium targets the exact service good(s) produced by the host building's active Goods PMG(s).
pm_modern_organisation_12_building_services_professionals,Autonomous Professional Organization,tech_services_12,12,pmg_organisation_services_professionals,tech_services,Organisation,ORG-SERVICE-MIDDLE,V3 service-organization rule: this PMG has no direct goods input/output cadence to extrapolate. Employment professionalization follows ORG-SERVICE-MIDDLE; any productivity premium targets the exact service good(s) produced by the host building's active Goods PMG(s).
pm_modern_organisation_13_building_services,Algorithmic Service Organization,tech_services_13,13,pmg_organisation_services,tech_services,Organisation,ORG-SERVICE-CONVERT,V3 service-organization rule: this PMG has no direct goods input/output cadence to extrapolate. Employment professionalization follows ORG-SERVICE-CONVERT; any productivity premium targets the exact service good(s) produced by the host building's active Goods PMG(s).
pm_modern_organisation_13_building_services_shopkeepers,Algorithmic Service Organization,tech_services_13,13,pmg_organisation_services_shopkeepers,tech_services,Organisation,ORG-SERVICE-CONVERT,V3 service-organization rule: this PMG has no direct goods input/output cadence to extrapolate. Employment professionalization follows ORG-SERVICE-CONVERT; any productivity premium targets the exact service good(s) produced by the host building's active Goods PMG(s).
pm_modern_organisation_13_building_services_professionals,Algorithmic Service Organization,tech_services_13,13,pmg_organisation_services_professionals,tech_services,Organisation,ORG-SERVICE-MIDDLE,V3 service-organization rule: this PMG has no direct goods input/output cadence to extrapolate. Employment professionalization follows ORG-SERVICE-MIDDLE; any productivity premium targets the exact service good(s) produced by the host building's active Goods PMG(s).
pm_modern_organisation_14_building_services,Immersive Service Organization,tech_services_14,14,pmg_organisation_services,tech_services,Organisation,ORG-SERVICE-CONVERT,V3 service-organization rule: this PMG has no direct goods input/output cadence to extrapolate. Employment professionalization follows ORG-SERVICE-CONVERT; any productivity premium targets the exact service good(s) produced by the host building's active Goods PMG(s).
pm_modern_organisation_14_building_services_shopkeepers,Immersive Service Organization,tech_services_14,14,pmg_organisation_services_shopkeepers,tech_services,Organisation,ORG-SERVICE-CONVERT,V3 service-organization rule: this PMG has no direct goods input/output cadence to extrapolate. Employment professionalization follows ORG-SERVICE-CONVERT; any productivity premium targets the exact service good(s) produced by the host building's active Goods PMG(s).
pm_modern_organisation_14_building_services_professionals,Immersive Service Organization,tech_services_14,14,pmg_organisation_services_professionals,tech_services,Organisation,ORG-SERVICE-MIDDLE,V3 service-organization rule: this PMG has no direct goods input/output cadence to extrapolate. Employment professionalization follows ORG-SERVICE-MIDDLE; any productivity premium targets the exact service good(s) produced by the host building's active Goods PMG(s).
pm_modern_organisation_15_building_services,Synthetic Knowledge Organization,tech_services_15,15,pmg_organisation_services,tech_services,Organisation,ORG-SERVICE-CONVERT,V3 service-organization rule: this PMG has no direct goods input/output cadence to extrapolate. Employment professionalization follows ORG-SERVICE-CONVERT; any productivity premium targets the exact service good(s) produced by the host building's active Goods PMG(s).
pm_modern_organisation_15_building_services_shopkeepers,Synthetic Knowledge Organization,tech_services_15,15,pmg_organisation_services_shopkeepers,tech_services,Organisation,ORG-SERVICE-CONVERT,V3 service-organization rule: this PMG has no direct goods input/output cadence to extrapolate. Employment professionalization follows ORG-SERVICE-CONVERT; any productivity premium targets the exact service good(s) produced by the host building's active Goods PMG(s).
pm_modern_organisation_15_building_services_professionals,Synthetic Knowledge Organization,tech_services_15,15,pmg_organisation_services_professionals,tech_services,Organisation,ORG-SERVICE-MIDDLE,V3 service-organization rule: this PMG has no direct goods input/output cadence to extrapolate. Employment professionalization follows ORG-SERVICE-MIDDLE; any productivity premium targets the exact service good(s) produced by the host building's active Goods PMG(s).
pm_modern_organisation_16_building_services,Distributed Service Organization,tech_services_16,16,pmg_organisation_services,tech_services,Organisation,ORG-SERVICE-CONVERT,V3 service-organization rule: this PMG has no direct goods input/output cadence to extrapolate. Employment professionalization follows ORG-SERVICE-CONVERT; any productivity premium targets the exact service good(s) produced by the host building's active Goods PMG(s).
pm_modern_organisation_16_building_services_shopkeepers,Distributed Service Organization,tech_services_16,16,pmg_organisation_services_shopkeepers,tech_services,Organisation,ORG-SERVICE-CONVERT,V3 service-organization rule: this PMG has no direct goods input/output cadence to extrapolate. Employment professionalization follows ORG-SERVICE-CONVERT; any productivity premium targets the exact service good(s) produced by the host building's active Goods PMG(s).
pm_modern_organisation_16_building_services_professionals,Distributed Service Organization,tech_services_16,16,pmg_organisation_services_professionals,tech_services,Organisation,ORG-SERVICE-MIDDLE,V3 service-organization rule: this PMG has no direct goods input/output cadence to extrapolate. Employment professionalization follows ORG-SERVICE-MIDDLE; any productivity premium targets the exact service good(s) produced by the host building's active Goods PMG(s).
pm_modern_organisation_17_building_services,Machine-Mediated Organization,tech_services_17,17,pmg_organisation_services,tech_services,Organisation,ORG-SERVICE-CONVERT,V3 service-organization rule: this PMG has no direct goods input/output cadence to extrapolate. Employment professionalization follows ORG-SERVICE-CONVERT; any productivity premium targets the exact service good(s) produced by the host building's active Goods PMG(s).
pm_modern_organisation_17_building_services_shopkeepers,Machine-Mediated Organization,tech_services_17,17,pmg_organisation_services_shopkeepers,tech_services,Organisation,ORG-SERVICE-CONVERT,V3 service-organization rule: this PMG has no direct goods input/output cadence to extrapolate. Employment professionalization follows ORG-SERVICE-CONVERT; any productivity premium targets the exact service good(s) produced by the host building's active Goods PMG(s).
pm_modern_organisation_17_building_services_professionals,Machine-Mediated Organization,tech_services_17,17,pmg_organisation_services_professionals,tech_services,Organisation,ORG-SERVICE-MIDDLE,V3 service-organization rule: this PMG has no direct goods input/output cadence to extrapolate. Employment professionalization follows ORG-SERVICE-MIDDLE; any productivity premium targets the exact service good(s) produced by the host building's active Goods PMG(s).
pm_modern_organisation_18_building_services,Cognitive Enterprise Organization,tech_services_18,18,pmg_organisation_services,tech_services,Organisation,ORG-SERVICE-CONVERT,V3 service-organization rule: this PMG has no direct goods input/output cadence to extrapolate. Employment professionalization follows ORG-SERVICE-CONVERT; any productivity premium targets the exact service good(s) produced by the host building's active Goods PMG(s).
pm_modern_organisation_18_building_services_shopkeepers,Cognitive Enterprise Organization,tech_services_18,18,pmg_organisation_services_shopkeepers,tech_services,Organisation,ORG-SERVICE-CONVERT,V3 service-organization rule: this PMG has no direct goods input/output cadence to extrapolate. Employment professionalization follows ORG-SERVICE-CONVERT; any productivity premium targets the exact service good(s) produced by the host building's active Goods PMG(s).
pm_modern_organisation_18_building_services_professionals,Cognitive Enterprise Organization,tech_services_18,18,pmg_organisation_services_professionals,tech_services,Organisation,ORG-SERVICE-MIDDLE,V3 service-organization rule: this PMG has no direct goods input/output cadence to extrapolate. Employment professionalization follows ORG-SERVICE-MIDDLE; any productivity premium targets the exact service good(s) produced by the host building's active Goods PMG(s).
pm_modern_organisation_19_building_services,Autonomous Institutional Organization,tech_services_19,19,pmg_organisation_services,tech_services,Organisation,ORG-SERVICE-CONVERT,V3 service-organization rule: this PMG has no direct goods input/output cadence to extrapolate. Employment professionalization follows ORG-SERVICE-CONVERT; any productivity premium targets the exact service good(s) produced by the host building's active Goods PMG(s).
pm_modern_organisation_19_building_services_shopkeepers,Autonomous Institutional Organization,tech_services_19,19,pmg_organisation_services_shopkeepers,tech_services,Organisation,ORG-SERVICE-CONVERT,V3 service-organization rule: this PMG has no direct goods input/output cadence to extrapolate. Employment professionalization follows ORG-SERVICE-CONVERT; any productivity premium targets the exact service good(s) produced by the host building's active Goods PMG(s).
pm_modern_organisation_19_building_services_professionals,Autonomous Institutional Organization,tech_services_19,19,pmg_organisation_services_professionals,tech_services,Organisation,ORG-SERVICE-MIDDLE,V3 service-organization rule: this PMG has no direct goods input/output cadence to extrapolate. Employment professionalization follows ORG-SERVICE-MIDDLE; any productivity premium targets the exact service good(s) produced by the host building's active Goods PMG(s).
pm_modern_organisation_20_building_services,Post-Labor Service Organization,tech_services_20,20,pmg_organisation_services,tech_services,Organisation,ORG-SERVICE-CONVERT,V3 service-organization rule: this PMG has no direct goods input/output cadence to extrapolate. Employment professionalization follows ORG-SERVICE-CONVERT; any productivity premium targets the exact service good(s) produced by the host building's active Goods PMG(s).
pm_modern_organisation_20_building_services_shopkeepers,Post-Labor Service Organization,tech_services_20,20,pmg_organisation_services_shopkeepers,tech_services,Organisation,ORG-SERVICE-CONVERT,V3 service-organization rule: this PMG has no direct goods input/output cadence to extrapolate. Employment professionalization follows ORG-SERVICE-CONVERT; any productivity premium targets the exact service good(s) produced by the host building's active Goods PMG(s).
pm_modern_organisation_20_building_services_professionals,Post-Labor Service Organization,tech_services_20,20,pmg_organisation_services_professionals,tech_services,Organisation,ORG-SERVICE-MIDDLE,V3 service-organization rule: this PMG has no direct goods input/output cadence to extrapolate. Employment professionalization follows ORG-SERVICE-MIDDLE; any productivity premium targets the exact service good(s) produced by the host building's active Goods PMG(s).
pm_modern_bureaucracy_government_6,Cognitive Case Administration,tech_services_11,11,pmg_bureaucracy_government,tech_services,Goods,BUREAUCRACY-GOODS,"V3 source-driven input rule: continue the direct goods-input cadence from the latest three live PMs (pm_bureaucracy_government_3, pm_bureaucracy_government_4, pm_bureaucracy_government_5) using one constant absolute step per generation: goods_input_communication_services_add +1/generation, goods_input_electricity_add +1/generation, goods_input_furniture_add +1/generation, goods_input_software_add +1/generation, goods_input_transportation_add +1/generation. Non-goods effects and employment follow stat_rule BUREAUCRACY-GOODS; productivity bonuses target exact output goods only."
pm_modern_bureaucracy_government_7,Algorithmic Public Administration,tech_services_13,13,pmg_bureaucracy_government,tech_services,Goods,BUREAUCRACY-GOODS,"V3 source-driven input rule: continue the direct goods-input cadence from the latest three live PMs (pm_bureaucracy_government_3, pm_bureaucracy_government_4, pm_bureaucracy_government_5) using one constant absolute step per generation: goods_input_communication_services_add +1/generation, goods_input_electricity_add +1/generation, goods_input_furniture_add +1/generation, goods_input_software_add +1/generation, goods_input_transportation_add +1/generation. Non-goods effects and employment follow stat_rule BUREAUCRACY-GOODS; productivity bonuses target exact output goods only."
pm_modern_bureaucracy_government_8,Autonomous Administrative Networks,tech_services_15,15,pmg_bureaucracy_government,tech_services,Goods,BUREAUCRACY-GOODS,"V3 source-driven input rule: continue the direct goods-input cadence from the latest three live PMs (pm_bureaucracy_government_3, pm_bureaucracy_government_4, pm_bureaucracy_government_5) using one constant absolute step per generation: goods_input_communication_services_add +1/generation, goods_input_electricity_add +1/generation, goods_input_furniture_add +1/generation, goods_input_software_add +1/generation, goods_input_transportation_add +1/generation. Non-goods effects and employment follow stat_rule BUREAUCRACY-GOODS; productivity bonuses target exact output goods only."
pm_modern_bureaucracy_government_9,Predictive Bureaucracy,tech_services_17,17,pmg_bureaucracy_government,tech_services,Goods,BUREAUCRACY-GOODS,"V3 source-driven input rule: continue the direct goods-input cadence from the latest three live PMs (pm_bureaucracy_government_3, pm_bureaucracy_government_4, pm_bureaucracy_government_5) using one constant absolute step per generation: goods_input_communication_services_add +1/generation, goods_input_electricity_add +1/generation, goods_input_furniture_add +1/generation, goods_input_software_add +1/generation, goods_input_transportation_add +1/generation. Non-goods effects and employment follow stat_rule BUREAUCRACY-GOODS; productivity bonuses target exact output goods only."
pm_modern_bureaucracy_government_10,Machine-Mediated State Administration,tech_services_19,19,pmg_bureaucracy_government,tech_services,Goods,BUREAUCRACY-GOODS,"V3 source-driven input rule: continue the direct goods-input cadence from the latest three live PMs (pm_bureaucracy_government_3, pm_bureaucracy_government_4, pm_bureaucracy_government_5) using one constant absolute step per generation: goods_input_communication_services_add +1/generation, goods_input_electricity_add +1/generation, goods_input_furniture_add +1/generation, goods_input_software_add +1/generation, goods_input_transportation_add +1/generation. Non-goods effects and employment follow stat_rule BUREAUCRACY-GOODS; productivity bonuses target exact output goods only."
pm_modern_bureaucracy_government_11,Post-Labor Bureaucracy,tech_services_20,20,pmg_bureaucracy_government,tech_services,Goods,BUREAUCRACY-GOODS,"V3 source-driven input rule: continue the direct goods-input cadence from the latest three live PMs (pm_bureaucracy_government_3, pm_bureaucracy_government_4, pm_bureaucracy_government_5) using one constant absolute step per generation: goods_input_communication_services_add +1/generation, goods_input_electricity_add +1/generation, goods_input_furniture_add +1/generation, goods_input_software_add +1/generation, goods_input_transportation_add +1/generation. Non-goods effects and employment follow stat_rule BUREAUCRACY-GOODS; productivity bonuses target exact output goods only."
pm_modern_technique_11_building_university,Adaptive Learning Systems,tech_philosophy_11,11,pmg_technique_university,tech_philosophy,Technique,UNIVERSITY-TECHNIQUE,"V3 source-driven input rule: continue the direct goods-input cadence from the latest three live PMs (pm_technique_8_building_university, pm_technique_9_building_university, pm_technique_10_building_university) using one constant absolute step per generation: goods_input_communication_services_add +1/generation, goods_input_electricity_add +1/generation, goods_input_software_add +1/generation. Non-goods effects and employment follow stat_rule UNIVERSITY-TECHNIQUE; productivity bonuses target exact output goods only."
pm_modern_technique_12_building_university,Neural Learning Systems,tech_philosophy_12,12,pmg_technique_university,tech_philosophy,Technique,UNIVERSITY-TECHNIQUE,"V3 source-driven input rule: continue the direct goods-input cadence from the latest three live PMs (pm_technique_8_building_university, pm_technique_9_building_university, pm_technique_10_building_university) using one constant absolute step per generation: goods_input_communication_services_add +1/generation, goods_input_electricity_add +1/generation, goods_input_software_add +1/generation. Non-goods effects and employment follow stat_rule UNIVERSITY-TECHNIQUE; productivity bonuses target exact output goods only."
pm_modern_technique_13_building_university,AI Research Partnership,tech_philosophy_13,13,pmg_technique_university,tech_philosophy,Technique,UNIVERSITY-TECHNIQUE,"V3 source-driven input rule: continue the direct goods-input cadence from the latest three live PMs (pm_technique_8_building_university, pm_technique_9_building_university, pm_technique_10_building_university) using one constant absolute step per generation: goods_input_communication_services_add +1/generation, goods_input_electricity_add +1/generation, goods_input_software_add +1/generation. Non-goods effects and employment follow stat_rule UNIVERSITY-TECHNIQUE; productivity bonuses target exact output goods only."
pm_modern_technique_14_building_university,Immersive Research Environments,tech_philosophy_14,14,pmg_technique_university,tech_philosophy,Technique,UNIVERSITY-TECHNIQUE,"V3 source-driven input rule: continue the direct goods-input cadence from the latest three live PMs (pm_technique_8_building_university, pm_technique_9_building_university, pm_technique_10_building_university) using one constant absolute step per generation: goods_input_communication_services_add +1/generation, goods_input_electricity_add +1/generation, goods_input_software_add +1/generation. Non-goods effects and employment follow stat_rule UNIVERSITY-TECHNIQUE; productivity bonuses target exact output goods only."
pm_modern_technique_15_building_university,Cognitive-Augmented Scholarship,tech_philosophy_15,15,pmg_technique_university,tech_philosophy,Technique,UNIVERSITY-TECHNIQUE,"V3 source-driven input rule: continue the direct goods-input cadence from the latest three live PMs (pm_technique_8_building_university, pm_technique_9_building_university, pm_technique_10_building_university) using one constant absolute step per generation: goods_input_communication_services_add +1/generation, goods_input_electricity_add +1/generation, goods_input_software_add +1/generation. Non-goods effects and employment follow stat_rule UNIVERSITY-TECHNIQUE; productivity bonuses target exact output goods only."
pm_modern_technique_16_building_university,Synthetic Tutoring Systems,tech_philosophy_16,16,pmg_technique_university,tech_philosophy,Technique,UNIVERSITY-TECHNIQUE,"V3 source-driven input rule: continue the direct goods-input cadence from the latest three live PMs (pm_technique_8_building_university, pm_technique_9_building_university, pm_technique_10_building_university) using one constant absolute step per generation: goods_input_communication_services_add +1/generation, goods_input_electricity_add +1/generation, goods_input_software_add +1/generation. Non-goods effects and employment follow stat_rule UNIVERSITY-TECHNIQUE; productivity bonuses target exact output goods only."
pm_modern_technique_17_building_university,Collective Intelligence Research,tech_philosophy_17,17,pmg_technique_university,tech_philosophy,Technique,UNIVERSITY-TECHNIQUE,"V3 source-driven input rule: continue the direct goods-input cadence from the latest three live PMs (pm_technique_8_building_university, pm_technique_9_building_university, pm_technique_10_building_university) using one constant absolute step per generation: goods_input_communication_services_add +1/generation, goods_input_electricity_add +1/generation, goods_input_software_add +1/generation. Non-goods effects and employment follow stat_rule UNIVERSITY-TECHNIQUE; productivity bonuses target exact output goods only."
pm_modern_technique_18_building_university,Direct Skill Encoding,tech_philosophy_18,18,pmg_technique_university,tech_philosophy,Technique,UNIVERSITY-TECHNIQUE,"V3 source-driven input rule: continue the direct goods-input cadence from the latest three live PMs (pm_technique_8_building_university, pm_technique_9_building_university, pm_technique_10_building_university) using one constant absolute step per generation: goods_input_communication_services_add +1/generation, goods_input_electricity_add +1/generation, goods_input_software_add +1/generation. Non-goods effects and employment follow stat_rule UNIVERSITY-TECHNIQUE; productivity bonuses target exact output goods only."
pm_modern_technique_19_building_university,Post-Biological Research Systems,tech_philosophy_19,19,pmg_technique_university,tech_philosophy,Technique,UNIVERSITY-TECHNIQUE,"V3 source-driven input rule: continue the direct goods-input cadence from the latest three live PMs (pm_technique_8_building_university, pm_technique_9_building_university, pm_technique_10_building_university) using one constant absolute step per generation: goods_input_communication_services_add +1/generation, goods_input_electricity_add +1/generation, goods_input_software_add +1/generation. Non-goods effects and employment follow stat_rule UNIVERSITY-TECHNIQUE; productivity bonuses target exact output goods only."
pm_modern_technique_20_building_university,Civilization-Scale Knowledge Networks,tech_philosophy_20,20,pmg_technique_university,tech_philosophy,Technique,UNIVERSITY-TECHNIQUE,"V3 source-driven input rule: continue the direct goods-input cadence from the latest three live PMs (pm_technique_8_building_university, pm_technique_9_building_university, pm_technique_10_building_university) using one constant absolute step per generation: goods_input_communication_services_add +1/generation, goods_input_electricity_add +1/generation, goods_input_software_add +1/generation. Non-goods effects and employment follow stat_rule UNIVERSITY-TECHNIQUE; productivity bonuses target exact output goods only."
pm_modern_base_building_university_3,AI-Augmented Universities,tech_philosophy_12,12,pmg_base_building_university,tech_philosophy,Goods,UNIVERSITY-BASE,"V3 source-driven input rule: continue the direct goods-input cadence from the latest three live PMs (pm_scholastic_education_0, pm_scholastic_education_1, pm_scholastic_education_2) using one constant absolute step per generation: goods_input_furniture_add +1/generation. Non-goods effects and employment follow stat_rule UNIVERSITY-BASE; productivity bonuses target exact output goods only."
pm_modern_base_building_university_4,Cognitive-Augmentation Universities,tech_philosophy_15,15,pmg_base_building_university,tech_philosophy,Goods,UNIVERSITY-BASE,"V3 source-driven input rule: continue the direct goods-input cadence from the latest three live PMs (pm_scholastic_education_0, pm_scholastic_education_1, pm_scholastic_education_2) using one constant absolute step per generation: goods_input_furniture_add +1/generation. Non-goods effects and employment follow stat_rule UNIVERSITY-BASE; productivity bonuses target exact output goods only."
pm_modern_base_building_university_5,Post-Biological Research Universities,tech_philosophy_18,18,pmg_base_building_university,tech_philosophy,Goods,UNIVERSITY-BASE,"V3 source-driven input rule: continue the direct goods-input cadence from the latest three live PMs (pm_scholastic_education_0, pm_scholastic_education_1, pm_scholastic_education_2) using one constant absolute step per generation: goods_input_furniture_add +1/generation. Non-goods effects and employment follow stat_rule UNIVERSITY-BASE; productivity bonuses target exact output goods only."
pm_modern_base_building_university_6,Civilization-Scale Universities,tech_philosophy_20,20,pmg_base_building_university,tech_philosophy,Goods,UNIVERSITY-BASE,"V3 source-driven input rule: continue the direct goods-input cadence from the latest three live PMs (pm_scholastic_education_0, pm_scholastic_education_1, pm_scholastic_education_2) using one constant absolute step per generation: goods_input_furniture_add +1/generation. Non-goods effects and employment follow stat_rule UNIVERSITY-BASE; productivity bonuses target exact output goods only."
pm_modern_financial_services_goods_services_4,Autonomous Financial Services,tech_economy_12,12,pmg_financial_services_services,tech_economy,Goods,PARTIAL-GOODS,"V3 explicit sparse/flat-throughput rule: source history does not provide a usable increasing three-PM throughput slope. From the final productive live PM, add 50% of its positive direct goods input/output package as one fixed absolute step per new PM (never compounded). Employment/domain side effects follow stat_rule PARTIAL-GOODS; productivity bonuses are per-good only."
pm_modern_financial_services_goods_services_5,Machine-Mediated Capital Markets,tech_economy_15,15,pmg_financial_services_services,tech_economy,Goods,PARTIAL-GOODS,"V3 explicit sparse/flat-throughput rule: source history does not provide a usable increasing three-PM throughput slope. From the final productive live PM, add 50% of its positive direct goods input/output package as one fixed absolute step per new PM (never compounded). Employment/domain side effects follow stat_rule PARTIAL-GOODS; productivity bonuses are per-good only."
pm_modern_financial_services_goods_services_6,Predictive Financial Networks,tech_economy_18,18,pmg_financial_services_services,tech_economy,Goods,PARTIAL-GOODS,"V3 explicit sparse/flat-throughput rule: source history does not provide a usable increasing three-PM throughput slope. From the final productive live PM, add 50% of its positive direct goods input/output package as one fixed absolute step per new PM (never compounded). Employment/domain side effects follow stat_rule PARTIAL-GOODS; productivity bonuses are per-good only."
pm_modern_financial_services_goods_services_7,Post-Scarcity Financial Services,tech_economy_20,20,pmg_financial_services_services,tech_economy,Goods,PARTIAL-GOODS,"V3 explicit sparse/flat-throughput rule: source history does not provide a usable increasing three-PM throughput slope. From the final productive live PM, add 50% of its positive direct goods input/output package as one fixed absolute step per new PM (never compounded). Employment/domain side effects follow stat_rule PARTIAL-GOODS; productivity bonuses are per-good only."
pm_modern_financial_services_regulation_goods_services_3,Real-Time Financial Regulation,tech_economy_12,12,pmg_financial_services_regulation_services,tech_economy,Goods,PARTIAL-GOODS,"V3 explicit sparse/flat-throughput rule: source history does not provide a usable increasing three-PM throughput slope. From the final productive live PM, add 50% of its positive direct goods input/output package as one fixed absolute step per new PM (never compounded). Employment/domain side effects follow stat_rule PARTIAL-GOODS; productivity bonuses are per-good only."
pm_modern_financial_services_regulation_goods_services_4,Predictive Market Supervision,tech_economy_15,15,pmg_financial_services_regulation_services,tech_economy,Goods,PARTIAL-GOODS,"V3 explicit sparse/flat-throughput rule: source history does not provide a usable increasing three-PM throughput slope. From the final productive live PM, add 50% of its positive direct goods input/output package as one fixed absolute step per new PM (never compounded). Employment/domain side effects follow stat_rule PARTIAL-GOODS; productivity bonuses are per-good only."
pm_modern_financial_services_regulation_goods_services_5,Autonomous Prudential Regulation,tech_economy_18,18,pmg_financial_services_regulation_services,tech_economy,Goods,PARTIAL-GOODS,"V3 explicit sparse/flat-throughput rule: source history does not provide a usable increasing three-PM throughput slope. From the final productive live PM, add 50% of its positive direct goods input/output package as one fixed absolute step per new PM (never compounded). Employment/domain side effects follow stat_rule PARTIAL-GOODS; productivity bonuses are per-good only."
pm_modern_financial_services_regulation_goods_services_6,Planetary Financial Governance,tech_economy_20,20,pmg_financial_services_regulation_services,tech_economy,Goods,PARTIAL-GOODS,"V3 explicit sparse/flat-throughput rule: source history does not provide a usable increasing three-PM throughput slope. From the final productive live PM, add 50% of its positive direct goods input/output package as one fixed absolute step per new PM (never compounded). Employment/domain side effects follow stat_rule PARTIAL-GOODS; productivity bonuses are per-good only."
pm_modern_forex_government_3,Algorithmic Currency Markets,tech_economy_12,12,pmg_forex_government,tech_economy,Goods,FOREX-FIAT,V3 monetary-domain rule: Forex PMs do not produce market goods. Future methods continue minting/monetary effects explicitly; no generic goods output multiplier is applied.
pm_modern_forex_government_4,Planetary Clearing Reserves,tech_economy_15,15,pmg_forex_government,tech_economy,Goods,FOREX-FIAT,V3 monetary-domain rule: Forex PMs do not produce market goods. Future methods continue minting/monetary effects explicitly; no generic goods output multiplier is applied.
pm_modern_forex_government_5,Synthetic Reserve Systems,tech_economy_18,18,pmg_forex_government,tech_economy,Goods,FOREX-FIAT,V3 monetary-domain rule: Forex PMs do not produce market goods. Future methods continue minting/monetary effects explicitly; no generic goods output multiplier is applied.
pm_modern_forex_government_6,Interplanetary Foreign Exchange,tech_economy_20,20,pmg_forex_government,tech_economy,Goods,FOREX-FIAT,V3 monetary-domain rule: Forex PMs do not produce market goods. Future methods continue minting/monetary effects explicitly; no generic goods output multiplier is applied.
pm_modern_corporate_services_goods_services_1,Cognitive Corporate Services,tech_services_12,12,pmg_corporate_services_services,tech_services,Goods,PARTIAL-GOODS,"V3 explicit sparse/flat-throughput rule: source history does not provide a usable increasing three-PM throughput slope. From the final productive live PM, add 50% of its positive direct goods input/output package as one fixed absolute step per new PM (never compounded). Employment/domain side effects follow stat_rule PARTIAL-GOODS; productivity bonuses are per-good only."
pm_modern_corporate_services_goods_services_2,Autonomous Enterprise Services,tech_services_15,15,pmg_corporate_services_services,tech_services,Goods,PARTIAL-GOODS,"V3 explicit sparse/flat-throughput rule: source history does not provide a usable increasing three-PM throughput slope. From the final productive live PM, add 50% of its positive direct goods input/output package as one fixed absolute step per new PM (never compounded). Employment/domain side effects follow stat_rule PARTIAL-GOODS; productivity bonuses are per-good only."
pm_modern_corporate_services_goods_services_3,Synthetic Management Services,tech_services_18,18,pmg_corporate_services_services,tech_services,Goods,PARTIAL-GOODS,"V3 explicit sparse/flat-throughput rule: source history does not provide a usable increasing three-PM throughput slope. From the final productive live PM, add 50% of its positive direct goods input/output package as one fixed absolute step per new PM (never compounded). Employment/domain side effects follow stat_rule PARTIAL-GOODS; productivity bonuses are per-good only."
pm_modern_corporate_services_goods_services_4,Post-Labor Corporate Services,tech_services_20,20,pmg_corporate_services_services,tech_services,Goods,PARTIAL-GOODS,"V3 explicit sparse/flat-throughput rule: source history does not provide a usable increasing three-PM throughput slope. From the final productive live PM, add 50% of its positive direct goods input/output package as one fixed absolute step per new PM (never compounded). Employment/domain side effects follow stat_rule PARTIAL-GOODS; productivity bonuses are per-good only."
pm_modern_professional_services_goods_services_1,AI-Augmented Professional Services,tech_services_12,12,pmg_professional_services_services,tech_services,Goods,PARTIAL-GOODS,"V3 explicit sparse/flat-throughput rule: source history does not provide a usable increasing three-PM throughput slope. From the final productive live PM, add 50% of its positive direct goods input/output package as one fixed absolute step per new PM (never compounded). Employment/domain side effects follow stat_rule PARTIAL-GOODS; productivity bonuses are per-good only."
pm_modern_professional_services_goods_services_2,Synthetic Expert Services,tech_services_15,15,pmg_professional_services_services,tech_services,Goods,PARTIAL-GOODS,"V3 explicit sparse/flat-throughput rule: source history does not provide a usable increasing three-PM throughput slope. From the final productive live PM, add 50% of its positive direct goods input/output package as one fixed absolute step per new PM (never compounded). Employment/domain side effects follow stat_rule PARTIAL-GOODS; productivity bonuses are per-good only."
pm_modern_professional_services_goods_services_3,Cognitive Professional Networks,tech_services_18,18,pmg_professional_services_services,tech_services,Goods,PARTIAL-GOODS,"V3 explicit sparse/flat-throughput rule: source history does not provide a usable increasing three-PM throughput slope. From the final productive live PM, add 50% of its positive direct goods input/output package as one fixed absolute step per new PM (never compounded). Employment/domain side effects follow stat_rule PARTIAL-GOODS; productivity bonuses are per-good only."
pm_modern_professional_services_goods_services_4,Post-Biological Professional Services,tech_services_20,20,pmg_professional_services_services,tech_services,Goods,PARTIAL-GOODS,"V3 explicit sparse/flat-throughput rule: source history does not provide a usable increasing three-PM throughput slope. From the final productive live PM, add 50% of its positive direct goods input/output package as one fixed absolute step per new PM (never compounded). Employment/domain side effects follow stat_rule PARTIAL-GOODS; productivity bonuses are per-good only."
pm_modern_essential_services_government_4,Cognitive Public Services,tech_politics_12,12,pmg_essential_services_government,tech_politics,Goods,GOV-ESSENTIAL,"V3 source-driven input rule: continue the direct goods-input cadence from the latest three live PMs (pm_essential_services_government_1, pm_essential_services_government_2, pm_essential_services_government_3) using one constant absolute step per generation: goods_input_furniture_add +1/generation, goods_input_pharmaceuticals_add +1/generation. Non-goods effects and employment follow stat_rule GOV-ESSENTIAL; productivity bonuses target exact output goods only."
pm_modern_essential_services_government_5,Autonomous Public Services,tech_politics_15,15,pmg_essential_services_government,tech_politics,Goods,GOV-ESSENTIAL,"V3 source-driven input rule: continue the direct goods-input cadence from the latest three live PMs (pm_essential_services_government_1, pm_essential_services_government_2, pm_essential_services_government_3) using one constant absolute step per generation: goods_input_furniture_add +1/generation, goods_input_pharmaceuticals_add +1/generation. Non-goods effects and employment follow stat_rule GOV-ESSENTIAL; productivity bonuses target exact output goods only."
pm_modern_essential_services_government_6,Planetary Public Service Networks,tech_politics_18,18,pmg_essential_services_government,tech_politics,Goods,GOV-ESSENTIAL,"V3 source-driven input rule: continue the direct goods-input cadence from the latest three live PMs (pm_essential_services_government_1, pm_essential_services_government_2, pm_essential_services_government_3) using one constant absolute step per generation: goods_input_furniture_add +1/generation, goods_input_pharmaceuticals_add +1/generation. Non-goods effects and employment follow stat_rule GOV-ESSENTIAL; productivity bonuses target exact output goods only."
pm_modern_essential_services_government_7,Civilizational Public Services,tech_politics_20,20,pmg_essential_services_government,tech_politics,Goods,GOV-ESSENTIAL,"V3 source-driven input rule: continue the direct goods-input cadence from the latest three live PMs (pm_essential_services_government_1, pm_essential_services_government_2, pm_essential_services_government_3) using one constant absolute step per generation: goods_input_furniture_add +1/generation, goods_input_pharmaceuticals_add +1/generation. Non-goods effects and employment follow stat_rule GOV-ESSENTIAL; productivity bonuses target exact output goods only."
pm_modern_security_services_government_5,Predictive Security Services,tech_politics_12,12,pmg_security_services_government,tech_politics,Goods,GOV-SECURITY,"V3 source-driven input rule: continue the direct goods-input cadence from the latest three live PMs (pm_security_services_government_2, pm_security_services_government_3, pm_security_services_government_4) using one constant absolute step per generation: goods_input_ammunition_add +1/generation, goods_input_small_arms_add +0.5/generation. Non-goods effects and employment follow stat_rule GOV-SECURITY; productivity bonuses target exact output goods only."
pm_modern_security_services_government_6,Autonomous Public Security,tech_politics_15,15,pmg_security_services_government,tech_politics,Goods,GOV-SECURITY,"V3 source-driven input rule: continue the direct goods-input cadence from the latest three live PMs (pm_security_services_government_2, pm_security_services_government_3, pm_security_services_government_4) using one constant absolute step per generation: goods_input_ammunition_add +1/generation, goods_input_small_arms_add +0.5/generation. Non-goods effects and employment follow stat_rule GOV-SECURITY; productivity bonuses target exact output goods only."
pm_modern_security_services_government_7,Planetary Security Networks,tech_politics_18,18,pmg_security_services_government,tech_politics,Goods,GOV-SECURITY,"V3 source-driven input rule: continue the direct goods-input cadence from the latest three live PMs (pm_security_services_government_2, pm_security_services_government_3, pm_security_services_government_4) using one constant absolute step per generation: goods_input_ammunition_add +1/generation, goods_input_small_arms_add +0.5/generation. Non-goods effects and employment follow stat_rule GOV-SECURITY; productivity bonuses target exact output goods only."
pm_modern_security_services_government_8,Civilizational Security Services,tech_politics_20,20,pmg_security_services_government,tech_politics,Goods,GOV-SECURITY,"V3 source-driven input rule: continue the direct goods-input cadence from the latest three live PMs (pm_security_services_government_2, pm_security_services_government_3, pm_security_services_government_4) using one constant absolute step per generation: goods_input_ammunition_add +1/generation, goods_input_small_arms_add +0.5/generation. Non-goods effects and employment follow stat_rule GOV-SECURITY; productivity bonuses target exact output goods only."
pm_modern_real_estate_goods_infrastructure_5,Arcology Real-Estate Fabrication,tech_urbanization_12,12,pmg_base_building_skyscraper,tech_urbanization,Goods,URBAN-GOODS,"V3 linear rule: derive the absolute direct-goods step from the latest three productive live PMs (pm_real_estate_goods_infrastructure_2, pm_real_estate_goods_infrastructure_3, pm_real_estate_goods_infrastructure_4), then continue that same step for every new PM. goods_input_furniture_add +10/generation, goods_input_telecommunications_add +2/generation, goods_input_transportation_add +10/generation, goods_output_real_estate_add +20/generation. Employment/domain side effects follow stat_rule URBAN-GOODS; any productivity bonus uses goods_output_<good>_mult for the PMG's actual output goods."
pm_modern_real_estate_goods_infrastructure_6,Vertical District Fabrication,tech_urbanization_14,14,pmg_base_building_skyscraper,tech_urbanization,Goods,URBAN-GOODS,"V3 linear rule: derive the absolute direct-goods step from the latest three productive live PMs (pm_real_estate_goods_infrastructure_2, pm_real_estate_goods_infrastructure_3, pm_real_estate_goods_infrastructure_4), then continue that same step for every new PM. goods_input_furniture_add +10/generation, goods_input_telecommunications_add +2/generation, goods_input_transportation_add +10/generation, goods_output_real_estate_add +20/generation. Employment/domain side effects follow stat_rule URBAN-GOODS; any productivity bonus uses goods_output_<good>_mult for the PMG's actual output goods."
pm_modern_real_estate_goods_infrastructure_7,Self-Repairing Urban Fabric,tech_urbanization_16,16,pmg_base_building_skyscraper,tech_urbanization,Goods,URBAN-GOODS,"V3 linear rule: derive the absolute direct-goods step from the latest three productive live PMs (pm_real_estate_goods_infrastructure_2, pm_real_estate_goods_infrastructure_3, pm_real_estate_goods_infrastructure_4), then continue that same step for every new PM. goods_input_furniture_add +10/generation, goods_input_telecommunications_add +2/generation, goods_input_transportation_add +10/generation, goods_output_real_estate_add +20/generation. Employment/domain side effects follow stat_rule URBAN-GOODS; any productivity bonus uses goods_output_<good>_mult for the PMG's actual output goods."
pm_modern_real_estate_goods_infrastructure_8,Adaptive Megacity Fabrication,tech_urbanization_18,18,pmg_base_building_skyscraper,tech_urbanization,Goods,URBAN-GOODS,"V3 linear rule: derive the absolute direct-goods step from the latest three productive live PMs (pm_real_estate_goods_infrastructure_2, pm_real_estate_goods_infrastructure_3, pm_real_estate_goods_infrastructure_4), then continue that same step for every new PM. goods_input_furniture_add +10/generation, goods_input_telecommunications_add +2/generation, goods_input_transportation_add +10/generation, goods_output_real_estate_add +20/generation. Employment/domain side effects follow stat_rule URBAN-GOODS; any productivity bonus uses goods_output_<good>_mult for the PMG's actual output goods."
pm_modern_real_estate_goods_infrastructure_9,Ecumenopolis Structural Fabrication,tech_urbanization_20,20,pmg_base_building_skyscraper,tech_urbanization,Goods,URBAN-GOODS,"V3 linear rule: derive the absolute direct-goods step from the latest three productive live PMs (pm_real_estate_goods_infrastructure_2, pm_real_estate_goods_infrastructure_3, pm_real_estate_goods_infrastructure_4), then continue that same step for every new PM. goods_input_furniture_add +10/generation, goods_input_telecommunications_add +2/generation, goods_input_transportation_add +10/generation, goods_output_real_estate_add +20/generation. Employment/domain side effects follow stat_rule URBAN-GOODS; any productivity bonus uses goods_output_<good>_mult for the PMG's actual output goods."
pm_modern_retail_services_goods_services_6,Autonomous Retail Networks,tech_urbanization_12,12,pmg_retail_services_services,tech_urbanization,Goods,URBAN-GOODS,"V3 explicit sparse/flat-throughput rule: source history does not provide a usable increasing three-PM throughput slope. From the final productive live PM, add 50% of its positive direct goods input/output package as one fixed absolute step per new PM (never compounded). Employment/domain side effects follow stat_rule URBAN-GOODS; productivity bonuses are per-good only."
pm_modern_retail_services_goods_services_7,Immersive Retail Services,tech_urbanization_14,14,pmg_retail_services_services,tech_urbanization,Goods,URBAN-GOODS,"V3 explicit sparse/flat-throughput rule: source history does not provide a usable increasing three-PM throughput slope. From the final productive live PM, add 50% of its positive direct goods input/output package as one fixed absolute step per new PM (never compounded). Employment/domain side effects follow stat_rule URBAN-GOODS; productivity bonuses are per-good only."
pm_modern_retail_services_goods_services_8,Predictive Distribution Retail,tech_urbanization_16,16,pmg_retail_services_services,tech_urbanization,Goods,URBAN-GOODS,"V3 explicit sparse/flat-throughput rule: source history does not provide a usable increasing three-PM throughput slope. From the final productive live PM, add 50% of its positive direct goods input/output package as one fixed absolute step per new PM (never compounded). Employment/domain side effects follow stat_rule URBAN-GOODS; productivity bonuses are per-good only."
pm_modern_retail_services_goods_services_9,Cognitive Retail Networks,tech_urbanization_18,18,pmg_retail_services_services,tech_urbanization,Goods,URBAN-GOODS,"V3 explicit sparse/flat-throughput rule: source history does not provide a usable increasing three-PM throughput slope. From the final productive live PM, add 50% of its positive direct goods input/output package as one fixed absolute step per new PM (never compounded). Employment/domain side effects follow stat_rule URBAN-GOODS; productivity bonuses are per-good only."
pm_modern_retail_services_goods_services_10,Post-Labor Retail Services,tech_urbanization_20,20,pmg_retail_services_services,tech_urbanization,Goods,URBAN-GOODS,"V3 explicit sparse/flat-throughput rule: source history does not provide a usable increasing three-PM throughput slope. From the final productive live PM, add 50% of its positive direct goods input/output package as one fixed absolute step per new PM (never compounded). Employment/domain side effects follow stat_rule URBAN-GOODS; productivity bonuses are per-good only."
pm_modern_recreational_services_goods_services_6,Immersive Recreation Services,tech_urbanization_12,12,pmg_recreational_services_services,tech_urbanization,Goods,URBAN-GOODS,"V3 explicit sparse/flat-throughput rule: source history does not provide a usable increasing three-PM throughput slope. From the final productive live PM, add 50% of its positive direct goods input/output package as one fixed absolute step per new PM (never compounded). Employment/domain side effects follow stat_rule URBAN-GOODS; productivity bonuses are per-good only."
pm_modern_recreational_services_goods_services_7,Synthetic Experience Venues,tech_urbanization_14,14,pmg_recreational_services_services,tech_urbanization,Goods,URBAN-GOODS,"V3 explicit sparse/flat-throughput rule: source history does not provide a usable increasing three-PM throughput slope. From the final productive live PM, add 50% of its positive direct goods input/output package as one fixed absolute step per new PM (never compounded). Employment/domain side effects follow stat_rule URBAN-GOODS; productivity bonuses are per-good only."
pm_modern_recreational_services_goods_services_8,Cognitive Recreation Networks,tech_urbanization_16,16,pmg_recreational_services_services,tech_urbanization,Goods,URBAN-GOODS,"V3 explicit sparse/flat-throughput rule: source history does not provide a usable increasing three-PM throughput slope. From the final productive live PM, add 50% of its positive direct goods input/output package as one fixed absolute step per new PM (never compounded). Employment/domain side effects follow stat_rule URBAN-GOODS; productivity bonuses are per-good only."
pm_modern_recreational_services_goods_services_9,Planetary Leisure Systems,tech_urbanization_18,18,pmg_recreational_services_services,tech_urbanization,Goods,URBAN-GOODS,"V3 explicit sparse/flat-throughput rule: source history does not provide a usable increasing three-PM throughput slope. From the final productive live PM, add 50% of its positive direct goods input/output package as one fixed absolute step per new PM (never compounded). Employment/domain side effects follow stat_rule URBAN-GOODS; productivity bonuses are per-good only."
pm_modern_recreational_services_goods_services_10,Post-Labor Recreation Services,tech_urbanization_20,20,pmg_recreational_services_services,tech_urbanization,Goods,URBAN-GOODS,"V3 explicit sparse/flat-throughput rule: source history does not provide a usable increasing three-PM throughput slope. From the final productive live PM, add 50% of its positive direct goods input/output package as one fixed absolute step per new PM (never compounded). Employment/domain side effects follow stat_rule URBAN-GOODS; productivity bonuses are per-good only."
pm_modern_recreational_services_goods_tourism_services_6,Immersive Tourism Services,tech_urbanization_12,12,pmg_recreational_services_tourism_services,tech_urbanization,Goods,URBAN-GOODS,"V3 explicit sparse/flat-throughput rule: source history does not provide a usable increasing three-PM throughput slope. From the final productive live PM, add 50% of its positive direct goods input/output package as one fixed absolute step per new PM (never compounded). Employment/domain side effects follow stat_rule URBAN-GOODS; productivity bonuses are per-good only."
pm_modern_recreational_services_goods_tourism_services_7,Adaptive Destination Networks,tech_urbanization_14,14,pmg_recreational_services_tourism_services,tech_urbanization,Goods,URBAN-GOODS,"V3 explicit sparse/flat-throughput rule: source history does not provide a usable increasing three-PM throughput slope. From the final productive live PM, add 50% of its positive direct goods input/output package as one fixed absolute step per new PM (never compounded). Employment/domain side effects follow stat_rule URBAN-GOODS; productivity bonuses are per-good only."
pm_modern_recreational_services_goods_tourism_services_8,Planetary Tourism Systems,tech_urbanization_16,16,pmg_recreational_services_tourism_services,tech_urbanization,Goods,URBAN-GOODS,"V3 explicit sparse/flat-throughput rule: source history does not provide a usable increasing three-PM throughput slope. From the final productive live PM, add 50% of its positive direct goods input/output package as one fixed absolute step per new PM (never compounded). Employment/domain side effects follow stat_rule URBAN-GOODS; productivity bonuses are per-good only."
pm_modern_recreational_services_goods_tourism_services_9,Off-World Tourism Networks,tech_urbanization_18,18,pmg_recreational_services_tourism_services,tech_urbanization,Goods,URBAN-GOODS,"V3 explicit sparse/flat-throughput rule: source history does not provide a usable increasing three-PM throughput slope. From the final productive live PM, add 50% of its positive direct goods input/output package as one fixed absolute step per new PM (never compounded). Employment/domain side effects follow stat_rule URBAN-GOODS; productivity bonuses are per-good only."
pm_modern_recreational_services_goods_tourism_services_10,Civilizational Tourism Services,tech_urbanization_20,20,pmg_recreational_services_tourism_services,tech_urbanization,Goods,URBAN-GOODS,"V3 explicit sparse/flat-throughput rule: source history does not provide a usable increasing three-PM throughput slope. From the final productive live PM, add 50% of its positive direct goods input/output package as one fixed absolute step per new PM (never compounded). Employment/domain side effects follow stat_rule URBAN-GOODS; productivity bonuses are per-good only."
pm_modern_housing_goods_services_5,Arcology Housing Services,tech_urbanization_12,12,pmg_housing_services,tech_urbanization,Goods,URBAN-GOODS,"V3 linear rule: derive the absolute direct-goods step from the latest three productive live PMs (pm_housing_goods_services_2, pm_housing_goods_services_3, pm_housing_goods_services_4), then continue that same step for every new PM. goods_input_furniture_add +2/generation, goods_input_transportation_add +1.5/generation, goods_output_real_estate_add +5/generation. Employment/domain side effects follow stat_rule URBAN-GOODS; any productivity bonus uses goods_output_<good>_mult for the PMG's actual output goods."
pm_modern_housing_goods_services_6,Adaptive Residential Systems,tech_urbanization_14,14,pmg_housing_services,tech_urbanization,Goods,URBAN-GOODS,"V3 linear rule: derive the absolute direct-goods step from the latest three productive live PMs (pm_housing_goods_services_2, pm_housing_goods_services_3, pm_housing_goods_services_4), then continue that same step for every new PM. goods_input_furniture_add +2/generation, goods_input_transportation_add +1.5/generation, goods_output_real_estate_add +5/generation. Employment/domain side effects follow stat_rule URBAN-GOODS; any productivity bonus uses goods_output_<good>_mult for the PMG's actual output goods."
pm_modern_housing_goods_services_7,Self-Repairing Housing Networks,tech_urbanization_16,16,pmg_housing_services,tech_urbanization,Goods,URBAN-GOODS,"V3 linear rule: derive the absolute direct-goods step from the latest three productive live PMs (pm_housing_goods_services_2, pm_housing_goods_services_3, pm_housing_goods_services_4), then continue that same step for every new PM. goods_input_furniture_add +2/generation, goods_input_transportation_add +1.5/generation, goods_output_real_estate_add +5/generation. Employment/domain side effects follow stat_rule URBAN-GOODS; any productivity bonus uses goods_output_<good>_mult for the PMG's actual output goods."
pm_modern_housing_goods_services_8,Climate-Controlled Residential Systems,tech_urbanization_18,18,pmg_housing_services,tech_urbanization,Goods,URBAN-GOODS,"V3 linear rule: derive the absolute direct-goods step from the latest three productive live PMs (pm_housing_goods_services_2, pm_housing_goods_services_3, pm_housing_goods_services_4), then continue that same step for every new PM. goods_input_furniture_add +2/generation, goods_input_transportation_add +1.5/generation, goods_output_real_estate_add +5/generation. Employment/domain side effects follow stat_rule URBAN-GOODS; any productivity bonus uses goods_output_<good>_mult for the PMG's actual output goods."
pm_modern_housing_goods_services_9,Ecumenopolis Housing Services,tech_urbanization_20,20,pmg_housing_services,tech_urbanization,Goods,URBAN-GOODS,"V3 linear rule: derive the absolute direct-goods step from the latest three productive live PMs (pm_housing_goods_services_2, pm_housing_goods_services_3, pm_housing_goods_services_4), then continue that same step for every new PM. goods_input_furniture_add +2/generation, goods_input_transportation_add +1.5/generation, goods_output_real_estate_add +5/generation. Employment/domain side effects follow stat_rule URBAN-GOODS; any productivity bonus uses goods_output_<good>_mult for the PMG's actual output goods."
pm_modern_recreational_services_intoxicants_2,Precision Intoxicant Services,tech_urbanization_12,12,pmg_recreational_services_intoxicants,tech_urbanization,Goods,URBAN-GOODS,"V3 explicit sparse/flat-throughput rule: source history does not provide a usable increasing three-PM throughput slope. From the final productive live PM, add 50% of its positive direct goods input/output package as one fixed absolute step per new PM (never compounded). Employment/domain side effects follow stat_rule URBAN-GOODS; productivity bonuses are per-good only."
pm_modern_recreational_services_intoxicants_3,Synthetic Recreational Chemistry,tech_urbanization_14,14,pmg_recreational_services_intoxicants,tech_urbanization,Goods,URBAN-GOODS,"V3 explicit sparse/flat-throughput rule: source history does not provide a usable increasing three-PM throughput slope. From the final productive live PM, add 50% of its positive direct goods input/output package as one fixed absolute step per new PM (never compounded). Employment/domain side effects follow stat_rule URBAN-GOODS; productivity bonuses are per-good only."
pm_modern_recreational_services_intoxicants_4,Adaptive Social Consumables,tech_urbanization_16,16,pmg_recreational_services_intoxicants,tech_urbanization,Goods,URBAN-GOODS,"V3 explicit sparse/flat-throughput rule: source history does not provide a usable increasing three-PM throughput slope. From the final productive live PM, add 50% of its positive direct goods input/output package as one fixed absolute step per new PM (never compounded). Employment/domain side effects follow stat_rule URBAN-GOODS; productivity bonuses are per-good only."
pm_modern_recreational_services_intoxicants_5,Cognitive Leisure Chemistry,tech_urbanization_18,18,pmg_recreational_services_intoxicants,tech_urbanization,Goods,URBAN-GOODS,"V3 explicit sparse/flat-throughput rule: source history does not provide a usable increasing three-PM throughput slope. From the final productive live PM, add 50% of its positive direct goods input/output package as one fixed absolute step per new PM (never compounded). Employment/domain side effects follow stat_rule URBAN-GOODS; productivity bonuses are per-good only."
pm_modern_recreational_services_intoxicants_6,Programmable Recreational Compounds,tech_urbanization_20,20,pmg_recreational_services_intoxicants,tech_urbanization,Goods,URBAN-GOODS,"V3 explicit sparse/flat-throughput rule: source history does not provide a usable increasing three-PM throughput slope. From the final productive live PM, add 50% of its positive direct goods input/output package as one fixed absolute step per new PM (never compounded). Employment/domain side effects follow stat_rule URBAN-GOODS; productivity bonuses are per-good only."
pm_modern_real_estate_5,Arcology Density,tech_urbanization_12,12,pmg_real_estate_intensity,tech_urbanization,Urban Special,URBAN-SPECIAL,"V3 linear rule: derive the absolute direct-goods step from the latest three productive live PMs (pm_real_estate_2, pm_real_estate_3, pm_real_estate_4), then continue that same step for every new PM. goods_input_steel_add +10/generation, goods_output_real_estate_add +30/generation. Employment/domain side effects follow stat_rule URBAN-SPECIAL; any productivity bonus uses goods_output_<good>_mult for the PMG's actual output goods."
pm_modern_real_estate_6,Vertical District Intensity,tech_urbanization_14,14,pmg_real_estate_intensity,tech_urbanization,Urban Special,URBAN-SPECIAL,"V3 linear rule: derive the absolute direct-goods step from the latest three productive live PMs (pm_real_estate_2, pm_real_estate_3, pm_real_estate_4), then continue that same step for every new PM. goods_input_steel_add +10/generation, goods_output_real_estate_add +30/generation. Employment/domain side effects follow stat_rule URBAN-SPECIAL; any productivity bonus uses goods_output_<good>_mult for the PMG's actual output goods."
pm_modern_real_estate_7,Self-Repairing Urban Density,tech_urbanization_16,16,pmg_real_estate_intensity,tech_urbanization,Urban Special,URBAN-SPECIAL,"V3 linear rule: derive the absolute direct-goods step from the latest three productive live PMs (pm_real_estate_2, pm_real_estate_3, pm_real_estate_4), then continue that same step for every new PM. goods_input_steel_add +10/generation, goods_output_real_estate_add +30/generation. Employment/domain side effects follow stat_rule URBAN-SPECIAL; any productivity bonus uses goods_output_<good>_mult for the PMG's actual output goods."
pm_modern_real_estate_8,Adaptive Megacity Intensity,tech_urbanization_18,18,pmg_real_estate_intensity,tech_urbanization,Urban Special,URBAN-SPECIAL,"V3 linear rule: derive the absolute direct-goods step from the latest three productive live PMs (pm_real_estate_2, pm_real_estate_3, pm_real_estate_4), then continue that same step for every new PM. goods_input_steel_add +10/generation, goods_output_real_estate_add +30/generation. Employment/domain side effects follow stat_rule URBAN-SPECIAL; any productivity bonus uses goods_output_<good>_mult for the PMG's actual output goods."
pm_modern_real_estate_9,Ecumenopolis Density,tech_urbanization_20,20,pmg_real_estate_intensity,tech_urbanization,Urban Special,URBAN-SPECIAL,"V3 linear rule: derive the absolute direct-goods step from the latest three productive live PMs (pm_real_estate_2, pm_real_estate_3, pm_real_estate_4), then continue that same step for every new PM. goods_input_steel_add +10/generation, goods_output_real_estate_add +30/generation. Employment/domain side effects follow stat_rule URBAN-SPECIAL; any productivity bonus uses goods_output_<good>_mult for the PMG's actual output goods."
pm_modern_city_utilities_6,Autonomous City Utilities,tech_urbanization_12,12,pmg_city_utilities_urban_center,tech_urbanization,Urban Special,URBAN-SPECIAL,"V3 linear rule: derive the absolute direct-goods step from the latest three productive live PMs (pm_city_utilities_3, pm_city_utilities_4, pm_city_utilities_5), then continue that same step for every new PM. goods_input_electricity_add +2/generation, goods_input_professional_services_add +1.5/generation, goods_input_steel_add +10/generation, goods_output_real_estate_add +2/generation, goods_output_services_add +2/generation. Employment/domain side effects follow stat_rule URBAN-SPECIAL; any productivity bonus uses goods_output_<good>_mult for the PMG's actual output goods."
pm_modern_city_utilities_7,Closed-Loop Urban Utilities,tech_urbanization_14,14,pmg_city_utilities_urban_center,tech_urbanization,Urban Special,URBAN-SPECIAL,"V3 linear rule: derive the absolute direct-goods step from the latest three productive live PMs (pm_city_utilities_3, pm_city_utilities_4, pm_city_utilities_5), then continue that same step for every new PM. goods_input_electricity_add +2/generation, goods_input_professional_services_add +1.5/generation, goods_input_steel_add +10/generation, goods_output_real_estate_add +2/generation, goods_output_services_add +2/generation. Employment/domain side effects follow stat_rule URBAN-SPECIAL; any productivity bonus uses goods_output_<good>_mult for the PMG's actual output goods."
pm_modern_city_utilities_8,Self-Repairing Utility Networks,tech_urbanization_16,16,pmg_city_utilities_urban_center,tech_urbanization,Urban Special,URBAN-SPECIAL,"V3 linear rule: derive the absolute direct-goods step from the latest three productive live PMs (pm_city_utilities_3, pm_city_utilities_4, pm_city_utilities_5), then continue that same step for every new PM. goods_input_electricity_add +2/generation, goods_input_professional_services_add +1.5/generation, goods_input_steel_add +10/generation, goods_output_real_estate_add +2/generation, goods_output_services_add +2/generation. Employment/domain side effects follow stat_rule URBAN-SPECIAL; any productivity bonus uses goods_output_<good>_mult for the PMG's actual output goods."
pm_modern_city_utilities_9,Adaptive Megacity Utilities,tech_urbanization_18,18,pmg_city_utilities_urban_center,tech_urbanization,Urban Special,URBAN-SPECIAL,"V3 linear rule: derive the absolute direct-goods step from the latest three productive live PMs (pm_city_utilities_3, pm_city_utilities_4, pm_city_utilities_5), then continue that same step for every new PM. goods_input_electricity_add +2/generation, goods_input_professional_services_add +1.5/generation, goods_input_steel_add +10/generation, goods_output_real_estate_add +2/generation, goods_output_services_add +2/generation. Employment/domain side effects follow stat_rule URBAN-SPECIAL; any productivity bonus uses goods_output_<good>_mult for the PMG's actual output goods."
pm_modern_city_utilities_10,Ecumenopolis Utility Systems,tech_urbanization_20,20,pmg_city_utilities_urban_center,tech_urbanization,Urban Special,URBAN-SPECIAL,"V3 linear rule: derive the absolute direct-goods step from the latest three productive live PMs (pm_city_utilities_3, pm_city_utilities_4, pm_city_utilities_5), then continue that same step for every new PM. goods_input_electricity_add +2/generation, goods_input_professional_services_add +1.5/generation, goods_input_steel_add +10/generation, goods_output_real_estate_add +2/generation, goods_output_services_add +2/generation. Employment/domain side effects follow stat_rule URBAN-SPECIAL; any productivity bonus uses goods_output_<good>_mult for the PMG's actual output goods."
pm_modern_city_transport_6,Autonomous Metropolitan Transit,tech_urbanization_12,12,pmg_city_transport_urban_center,tech_urbanization,Urban Special,URBAN-SPECIAL,"V3 linear rule: derive the absolute direct-goods step from the latest three productive live PMs (pm_city_transport_3, pm_city_transport_4, pm_city_transport_5), then continue that same step for every new PM. goods_input_professional_services_add +1/generation, goods_input_electricity_add +1/generation, goods_input_locomotives_add +1/generation, goods_output_services_add +2/generation, goods_output_transportation_add +4/generation. Employment/domain side effects follow stat_rule URBAN-SPECIAL; any productivity bonus uses goods_output_<good>_mult for the PMG's actual output goods."
pm_modern_city_transport_7,Integrated Vertical Transit,tech_urbanization_14,14,pmg_city_transport_urban_center,tech_urbanization,Urban Special,URBAN-SPECIAL,"V3 linear rule: derive the absolute direct-goods step from the latest three productive live PMs (pm_city_transport_3, pm_city_transport_4, pm_city_transport_5), then continue that same step for every new PM. goods_input_professional_services_add +1/generation, goods_input_electricity_add +1/generation, goods_input_locomotives_add +1/generation, goods_output_services_add +2/generation, goods_output_transportation_add +4/generation. Employment/domain side effects follow stat_rule URBAN-SPECIAL; any productivity bonus uses goods_output_<good>_mult for the PMG's actual output goods."
pm_modern_city_transport_8,Self-Optimising Transit Networks,tech_urbanization_16,16,pmg_city_transport_urban_center,tech_urbanization,Urban Special,URBAN-SPECIAL,"V3 linear rule: derive the absolute direct-goods step from the latest three productive live PMs (pm_city_transport_3, pm_city_transport_4, pm_city_transport_5), then continue that same step for every new PM. goods_input_professional_services_add +1/generation, goods_input_electricity_add +1/generation, goods_input_locomotives_add +1/generation, goods_output_services_add +2/generation, goods_output_transportation_add +4/generation. Employment/domain side effects follow stat_rule URBAN-SPECIAL; any productivity bonus uses goods_output_<good>_mult for the PMG's actual output goods."
pm_modern_city_transport_9,Planetary Urban Transit,tech_urbanization_18,18,pmg_city_transport_urban_center,tech_urbanization,Urban Special,URBAN-SPECIAL,"V3 linear rule: derive the absolute direct-goods step from the latest three productive live PMs (pm_city_transport_3, pm_city_transport_4, pm_city_transport_5), then continue that same step for every new PM. goods_input_professional_services_add +1/generation, goods_input_electricity_add +1/generation, goods_input_locomotives_add +1/generation, goods_output_services_add +2/generation, goods_output_transportation_add +4/generation. Employment/domain side effects follow stat_rule URBAN-SPECIAL; any productivity bonus uses goods_output_<good>_mult for the PMG's actual output goods."
pm_modern_city_transport_10,Ecumenopolis Mobility Systems,tech_urbanization_20,20,pmg_city_transport_urban_center,tech_urbanization,Urban Special,URBAN-SPECIAL,"V3 linear rule: derive the absolute direct-goods step from the latest three productive live PMs (pm_city_transport_3, pm_city_transport_4, pm_city_transport_5), then continue that same step for every new PM. goods_input_professional_services_add +1/generation, goods_input_electricity_add +1/generation, goods_input_locomotives_add +1/generation, goods_output_services_add +2/generation, goods_output_transportation_add +4/generation. Employment/domain side effects follow stat_rule URBAN-SPECIAL; any productivity bonus uses goods_output_<good>_mult for the PMG's actual output goods."
pm_modern_nuclear_type_3,Pure-Fusion Warheads,tech_military_nuclear_12,12,pmg_nuclear_type_military,tech_military_nuclear,Nuclear Type,NUCLEAR-TYPE,"V3 explicit nuclear-type rule: only two usable live PMs exist, so no three-PM slope is inferred. Continue the approved fixed industrial-chemicals input step and nuclear weapon effects."
pm_modern_nuclear_type_4,Antimatter-Catalyzed Fusion Warheads,tech_military_nuclear_15,15,pmg_nuclear_type_military,tech_military_nuclear,Nuclear Type,NUCLEAR-TYPE,"V3 explicit nuclear-type rule: only two usable live PMs exist, so no three-PM slope is inferred. Continue the approved fixed industrial-chemicals input step and nuclear weapon effects."
pm_modern_nuclear_type_5,Isomer-Triggered Nuclear Weapons,tech_military_nuclear_18,18,pmg_nuclear_type_military,tech_military_nuclear,Nuclear Type,NUCLEAR-TYPE,"V3 explicit nuclear-type rule: only two usable live PMs exist, so no three-PM slope is inferred. Continue the approved fixed industrial-chemicals input step and nuclear weapon effects."
pm_modern_nuclear_type_6,Planetary-Yield Thermonuclear Weapons,tech_military_nuclear_20,20,pmg_nuclear_type_military,tech_military_nuclear,Nuclear Type,NUCLEAR-TYPE,"V3 explicit nuclear-type rule: only two usable live PMs exist, so no three-PM slope is inferred. Continue the approved fixed industrial-chemicals input step and nuclear weapon effects."
pm_modern_nuclear_rocket_2,Hypersonic Fractional-Orbital Delivery,tech_military_space_program_12,12,pmg_nuclear_rocket_military,tech_military_space_program,Nuclear Rocket,NUCLEAR-ROCKET,"V3 explicit nuclear-rocket rule: only two usable live PMs exist, so no three-PM slope is inferred. Continue the approved fixed inputs (+3 advanced weaponry and +5 oil per rocket generation) plus the nuclear delivery prestige/prerequisite progression."
pm_modern_nuclear_rocket_3,Reusable Orbital Strike Vehicles,tech_military_space_program_15,15,pmg_nuclear_rocket_military,tech_military_space_program,Nuclear Rocket,NUCLEAR-ROCKET,"V3 explicit nuclear-rocket rule: only two usable live PMs exist, so no three-PM slope is inferred. Continue the approved fixed inputs (+3 advanced weaponry and +5 oil per rocket generation) plus the nuclear delivery prestige/prerequisite progression."
pm_modern_nuclear_rocket_4,Cislunar Strategic Delivery,tech_military_space_program_18,18,pmg_nuclear_rocket_military,tech_military_space_program,Nuclear Rocket,NUCLEAR-ROCKET,"V3 explicit nuclear-rocket rule: only two usable live PMs exist, so no three-PM slope is inferred. Continue the approved fixed inputs (+3 advanced weaponry and +5 oil per rocket generation) plus the nuclear delivery prestige/prerequisite progression."
pm_modern_nuclear_rocket_5,Interplanetary Strategic Delivery,tech_military_space_program_20,20,pmg_nuclear_rocket_military,tech_military_space_program,Nuclear Rocket,NUCLEAR-ROCKET,"V3 explicit nuclear-rocket rule: only two usable live PMs exist, so no three-PM slope is inferred. Continue the approved fixed inputs (+3 advanced weaponry and +5 oil per rocket generation) plus the nuclear delivery prestige/prerequisite progression."
